sample_id,sample_index,degradation_types,degradation_levels,tool_name,tool_description,success,baseline_psnr,baseline_ssim,baseline_lpips,restored_psnr,restored_ssim,restored_lpips,psnr_improvement,ssim_improvement,lpips_improvement
sample_9,9,low resolution,high,swinir_denoising,SwinIR去噪,True,41.65385029016173,0.9954212738040574,0.005207863636314869,26.780272497728127,0.80397877471462,0.2313007116317749,-14.8735777924336,-0.19144249908943745,-0.22609284799546003
sample_9,9,low resolution,high,swinir_jpeg_artifact_removal,SwinIR JPEG伪影去除,True,41.65385029016173,0.9954212738040574,0.005207863636314869,26.0440848812151,0.7605328921511617,0.1273650825023651,-15.609765408946629,-0.23488838165289572,-0.12215721886605024
sample_9,9,low resolution,high,swinir_super_resolution,SwinIR超分辨率,True,41.65385029016173,0.9954212738040574,0.005207863636314869,20.4700026478711,0.6075660396025303,0.24019306898117065,-21.183847642290626,-0.3878552342015271,-0.23498520534485579
sample_9,9,low resolution,high,restormer_motion_deblurring,Restormer运动去模糊,True,41.65385029016173,0.9954212738040574,0.005207863636314869,29.766776740973047,0.9507772754845121,0.05766886845231056,-11.887073549188681,-0.04464399831954535,-0.05246100481599569
sample_9,9,low resolution,high,restormer_defocus_deblurring,Restormer散焦去模糊,True,41.65385029016173,0.9954212738040574,0.005207863636314869,28.219532054623222,0.9486760258017588,0.01738019287586212,-13.434318235538505,-0.04674524800229862,-0.012172329239547253
sample_9,9,low resolution,high,restormer_deraining,Restormer去雨,True,41.65385029016173,0.9954212738040574,0.005207863636314869,35.42417324997679,0.986807767148057,0.011828337796032429,-6.229677040184939,-0.00861350665600047,-0.00662047415971756
sample_9,9,low resolution,high,xrestormer_motion_deblurring,XRestormer运动去模糊,True,41.65385029016173,0.9954212738040574,0.005207863636314869,16.986613323331017,0.5176367993943513,0.4441697597503662,-24.66723696683071,-0.4777844744097062,-0.43896189611405134
sample_9,9,low resolution,high,xrestormer_deraining,XRestormer去雨,True,41.65385029016173,0.9954212738040574,0.005207863636314869,31.348063197528347,0.9818866705112864,0.010349330492317677,-10.30578709263338,-0.013534603292771008,-0.005141466856002808
sample_9,9,low resolution,high,mprnet_denoising,MPRNet去噪,True,41.65385029016173,0.9954212738040574,0.005207863636314869,25.10218916059678,0.7523489664752718,0.3130280077457428,-16.55166112956495,-0.2430723073287856,-0.30782014410942793
sample_9,9,low resolution,high,mprnet_motion_deblurring,MPRNet运动去模糊,True,41.65385029016173,0.9954212738040574,0.005207863636314869,26.242331219827783,0.878586719670038,0.08854140341281891,-15.411519070333945,-0.11683455413401944,-0.08333353977650404
sample_9,9,low resolution,high,mprnet_deraining,MPRNet去雨,True,41.65385029016173,0.9954212738040574,0.005207863636314869,30.53703719378823,0.970318301665663,0.02117849513888359,-11.116813096373498,-0.025102972138394408,-0.015970631502568722
sample_9,9,low resolution,high,fbcnn_jpeg_artifact_removal,FBCNN JPEG伪影去除,True,41.65385029016173,0.9954212738040574,0.005207863636314869,32.28467839693928,0.9423929030145999,0.017947783693671227,-9.36917189322245,-0.053028370789457546,-0.012739920057356358
sample_9,9,low resolution,high,drbnet_defocus_deblurring,DRBNet散焦去模糊,True,41.65385029016173,0.9954212738040574,0.005207863636314869,32.448016977437646,0.9674709817843143,0.019411392509937286,-9.205833312724081,-0.027950292019743084,-0.014203528873622417
sample_9,9,low resolution,high,dehazeformer_dehaze,DehazeFormer去雾,True,41.65385029016173,0.9954212738040574,0.005207863636314869,20.892081410108503,0.8786871582936309,0.027110205963253975,-20.761768880053225,-0.11673411551042656,-0.021902342326939106
sample_12,12,low resolution,low,swinir_denoising,SwinIR去噪,True,44.25526752032578,0.9947379709527834,0.004742737393826246,28.365546071318324,0.6328493143221073,0.4589122533798218,-15.889721449007457,-0.36188865663067604,-0.45416951598599553
sample_12,12,low resolution,low,swinir_jpeg_artifact_removal,SwinIR JPEG伪影去除,True,44.25526752032578,0.9947379709527834,0.004742737393826246,31.234165005603394,0.8583444750768322,0.19524389505386353,-13.021102514722386,-0.13639349587595118,-0.19050115766003728
sample_12,12,low resolution,low,swinir_super_resolution,SwinIR超分辨率,True,44.25526752032578,0.9947379709527834,0.004742737393826246,25.236432470835485,0.6397686338819587,0.3567437529563904,-19.018835049490296,-0.3549693370708247,-0.35200101556256413
sample_12,12,low resolution,low,restormer_motion_deblurring,Restormer运动去模糊,True,44.25526752032578,0.9947379709527834,0.004742737393826246,43.78711204371942,0.9953520230435311,0.003015760099515319,-0.4681554766063627,0.0006140520907477187,0.0017269772943109274
sample_12,12,low resolution,low,restormer_defocus_deblurring,Restormer散焦去模糊,True,44.25526752032578,0.9947379709527834,0.004742737393826246,31.951479803003856,0.9509101238778274,0.018475474789738655,-12.303787717321924,-0.04382784707495602,-0.013732737395912409
sample_12,12,low resolution,low,restormer_deraining,Restormer去雨,True,44.25526752032578,0.9947379709527834,0.004742737393826246,39.707598338855156,0.9872524313799786,0.020591869950294495,-4.547669181470624,-0.007485539572804734,-0.01584913255646825
sample_12,12,low resolution,low,xrestormer_motion_deblurring,XRestormer运动去模糊,True,44.25526752032578,0.9947379709527834,0.004742737393826246,18.707762466654074,0.6107110313986194,0.349893718957901,-25.547505053671706,-0.384026939554164,-0.34515098156407475
sample_12,12,low resolution,low,xrestormer_deraining,XRestormer去雨,True,44.25526752032578,0.9947379709527834,0.004742737393826246,40.77311936290119,0.9924956360289797,0.0063662161119282246,-3.4821481574245894,-0.002242334923803657,-0.0016234787181019783
sample_12,12,low resolution,low,mprnet_denoising,MPRNet去噪,True,44.25526752032578,0.9947379709527834,0.004742737393826246,29.661197146493542,0.8259496482549865,0.19112823903560638,-14.594070373832238,-0.16878832269779687,-0.18638550164178014
sample_12,12,low resolution,low,mprnet_motion_deblurring,MPRNet运动去模糊,True,44.25526752032578,0.9947379709527834,0.004742737393826246,34.471217147008836,0.9646781149816643,0.06951867789030075,-9.784050373316944,-0.030059855971119043,-0.0647759404964745
sample_12,12,low resolution,low,mprnet_deraining,MPRNet去雨,True,44.25526752032578,0.9947379709527834,0.004742737393826246,37.74341833008394,0.9762383516683756,0.031194964423775673,-6.51184919024184,-0.018499619284407798,-0.026452227029949427
sample_12,12,low resolution,low,fbcnn_jpeg_artifact_removal,FBCNN JPEG伪影去除,True,44.25526752032578,0.9947379709527834,0.004742737393826246,39.422712492958794,0.9811122124399149,0.012349894270300865,-4.832555027366986,-0.013625758512868513,-0.007607156876474619
sample_12,12,low resolution,low,drbnet_defocus_deblurring,DRBNet散焦去模糊,True,44.25526752032578,0.9947379709527834,0.004742737393826246,36.170498433438915,0.9773375799297156,0.014121091924607754,-8.084769086886865,-0.017400391023067785,-0.009378354530781507
sample_12,12,low resolution,low,dehazeformer_dehaze,DehazeFormer去雾,True,44.25526752032578,0.9947379709527834,0.004742737393826246,27.44535062627974,0.9392933556348044,0.035441529005765915,-16.80991689404604,-0.05544461531797895,-0.03069879161193967
sample_6,6,low resolution,low,swinir_denoising,SwinIR去噪,True,38.69568023807799,0.9961923164401473,0.007480978965759277,26.83028039002594,0.9089733131212695,0.09415129572153091,-11.86539984805205,-0.08721900331887777,-0.08667031675577164
sample_6,6,low resolution,low,swinir_jpeg_artifact_removal,SwinIR JPEG伪影去除,True,38.69568023807799,0.9961923164401473,0.007480978965759277,26.05928975534062,0.9123786493193929,0.07423078268766403,-12.636390482737369,-0.08381366712075433,-0.06674980372190475
sample_6,6,low resolution,low,swinir_super_resolution,SwinIR超分辨率,True,38.69568023807799,0.9961923164401473,0.007480978965759277,20.767606424764573,0.7470521755189491,0.1678798496723175,-17.928073813313418,-0.24914014092119818,-0.16039887070655823
sample_6,6,low resolution,low,restormer_motion_deblurring,Restormer运动去模糊,True,38.69568023807799,0.9961923164401473,0.007480978965759277,38.102433172583474,0.9959488566269571,0.0058065662160515785,-0.5932470654945163,-0.00024345981319018328,0.0016744127497076988
sample_6,6,low resolution,low,restormer_defocus_deblurring,Restormer散焦去模糊,True,38.69568023807799,0.9961923164401473,0.007480978965759277,28.986421199572074,0.9758053157592227,0.013337587006390095,-9.709259038505916,-0.020387000680924583,-0.005856608040630817
sample_6,6,low resolution,low,restormer_deraining,Restormer去雨,True,38.69568023807799,0.9961923164401473,0.007480978965759277,31.115220563630118,0.9752070726353788,0.028402768075466156,-7.580459674447873,-0.020985243804768516,-0.02092178910970688
sample_6,6,low resolution,low,xrestormer_motion_deblurring,XRestormer运动去模糊,True,38.69568023807799,0.9961923164401473,0.007480978965759277,13.435924690268594,0.4541042517732678,0.3923426866531372,-25.259755547809398,-0.5420880646668795,-0.38486170768737793
sample_6,6,low resolution,low,xrestormer_deraining,XRestormer去雨,True,38.69568023807799,0.9961923164401473,0.007480978965759277,34.4248594695059,0.9887576592157029,0.011859908699989319,-4.270820768572094,-0.007434657224444363,-0.0043789297342300415
sample_6,6,low resolution,low,mprnet_denoising,MPRNet去噪,True,38.69568023807799,0.9961923164401473,0.007480978965759277,22.98092342424456,0.8208096252817118,0.2094080150127411,-15.714756813833432,-0.17538269115843552,-0.2019270360469818
sample_6,6,low resolution,low,mprnet_motion_deblurring,MPRNet运动去模糊,True,38.69568023807799,0.9961923164401473,0.007480978965759277,6.569619894373123,0.0472068909784413,0.5784369707107544,-32.126060343704864,-0.948985425461706,-0.5709559917449951
sample_6,6,low resolution,low,mprnet_deraining,MPRNet去雨,True,38.69568023807799,0.9961923164401473,0.007480978965759277,31.64708055494914,0.9777076003921742,0.016404040157794952,-7.048599683128849,-0.018484716047973082,-0.008923061192035675
sample_6,6,low resolution,low,fbcnn_jpeg_artifact_removal,FBCNN JPEG伪影去除,True,38.69568023807799,0.9961923164401473,0.007480978965759277,31.755571632384058,0.9794283390674909,0.013993236236274242,-6.940108605693933,-0.016763977372656336,-0.006512257270514965
sample_6,6,low resolution,low,drbnet_defocus_deblurring,DRBNet散焦去模糊,True,38.69568023807799,0.9961923164401473,0.007480978965759277,28.952860781874115,0.9617609330748786,0.04353147745132446,-9.742819456203875,-0.03443138336526863,-0.036050498485565186
sample_6,6,low resolution,low,dehazeformer_dehaze,DehazeFormer去雾,True,38.69568023807799,0.9961923164401473,0.007480978965759277,28.005624885231054,0.9765528861700589,0.010741439647972584,-10.690055352846937,-0.01963943027008841,-0.0032604606822133064
sample_2,2,dark,low,swinir_denoising,SwinIR去噪,True,21.893076428591876,0.9902782112298064,0.01669916883111,21.58947177651033,0.897496292196764,0.281027615070343,-0.3036046520815461,-0.09278191903304245,-0.264328446239233
sample_2,2,dark,low,swinir_jpeg_artifact_removal,SwinIR JPEG伪影去除,True,21.893076428591876,0.9902782112298064,0.01669916883111,21.713958274718678,0.9328974990855857,0.25917863845825195,-0.17911815387319763,-0.05738071214422069,-0.24247946962714195
sample_2,2,dark,low,swinir_super_resolution,SwinIR超分辨率,True,21.893076428591876,0.9902782112298064,0.01669916883111,21.576620261165544,0.9030355126541353,0.3114855885505676,-0.3164561674263311,-0.08724269857567113,-0.2947864197194576
sample_2,2,dark,low,restormer_motion_deblurring,Restormer运动去模糊,True,21.893076428591876,0.9902782112298064,0.01669916883111,21.81561010467464,0.9190247893971883,0.13929320871829987,-0.07746632391723551,-0.07125342183261807,-0.12259403988718987
sample_2,2,dark,low,restormer_defocus_deblurring,Restormer散焦去模糊,True,21.893076428591876,0.9902782112298064,0.01669916883111,24.221900122624817,0.6957256824173554,0.3890795111656189,2.328823694032941,-0.294552528812451,-0.3723803423345089
sample_2,2,dark,low,restormer_deraining,Restormer去雨,True,21.893076428591876,0.9902782112298064,0.01669916883111,20.932019531924656,0.9748254927992296,0.09166537970304489,-0.9610568966672197,-0.015452718430576828,-0.07496621087193489
sample_2,2,dark,low,xrestormer_motion_deblurring,XRestormer运动去模糊,True,21.893076428591876,0.9902782112298064,0.01669916883111,16.81468046428351,0.7302025417228285,0.37816473841667175,-5.078395964308367,-0.2600756695069779,-0.36146556958556175
sample_2,2,dark,low,xrestormer_deraining,XRestormer去雨,True,21.893076428591876,0.9902782112298064,0.01669916883111,18.803748021826586,0.9295416153338921,0.15998214483261108,-3.08932840676529,-0.06073659589591429,-0.14328297600150108
sample_2,2,dark,low,mprnet_denoising,MPRNet去噪,True,21.893076428591876,0.9902782112298064,0.01669916883111,21.96870455553419,0.9493893831814754,0.1693432480096817,0.07562812694231624,-0.04088882804833105,-0.1526440791785717
sample_2,2,dark,low,mprnet_motion_deblurring,MPRNet运动去模糊,True,21.893076428591876,0.9902782112298064,0.01669916883111,21.63950500759418,0.9037952501382889,0.12445501983165741,-0.2535714209976945,-0.08648296109151754,-0.10775585100054741
sample_2,2,dark,low,mprnet_deraining,MPRNet去雨,True,21.893076428591876,0.9902782112298064,0.01669916883111,20.176577252912374,0.9576620697894335,0.14052297174930573,-1.7164991756795018,-0.03261614144037295,-0.12382380291819572
sample_2,2,dark,low,fbcnn_jpeg_artifact_removal,FBCNN JPEG伪影去除,True,21.893076428591876,0.9902782112298064,0.01669916883111,21.881325291158305,0.9798214275059945,0.03051135316491127,-0.011751137433570591,-0.010456783723811869,-0.01381218433380127
sample_2,2,dark,low,drbnet_defocus_deblurring,DRBNet散焦去模糊,True,21.893076428591876,0.9902782112298064,0.01669916883111,21.229111262785313,0.7323685476275482,0.3434552252292633,-0.6639651658065624,-0.2579096636022582,-0.3267560563981533
sample_2,2,dark,low,dehazeformer_dehaze,DehazeFormer去雾,True,21.893076428591876,0.9902782112298064,0.01669916883111,16.349063184795043,0.9545984635512449,0.052401840686798096,-5.544013243796833,-0.035679747678561524,-0.035702671855688095
sample_15,15,defocus blur,high,swinir_denoising,SwinIR去噪,True,45.083197506681685,0.9870259662524493,0.064964659512043,42.075458034314146,0.9788873717105346,0.0889805257320404,-3.0077394723675397,-0.008138594541914679,-0.024015866219997406
sample_15,15,defocus blur,high,swinir_jpeg_artifact_removal,SwinIR JPEG伪影去除,True,45.083197506681685,0.9870259662524493,0.064964659512043,42.89207991428077,0.9824409844594922,0.0862596333026886,-2.1911175924009143,-0.004584981792957077,-0.0212949737906456
sample_15,15,defocus blur,high,swinir_super_resolution,SwinIR超分辨率,True,45.083197506681685,0.9870259662524493,0.064964659512043,40.883245760000584,0.9782414999283978,0.05577816441655159,-4.199951746681101,-0.008784466324051499,0.00918649509549141
sample_15,15,defocus blur,high,restormer_motion_deblurring,Restormer运动去模糊,True,45.083197506681685,0.9870259662524493,0.064964659512043,46.420661830288,0.989130620914958,0.05350489914417267,1.3374643236063122,0.0021046546625086426,0.01145976036787033
sample_15,15,defocus blur,high,restormer_defocus_deblurring,Restormer散焦去模糊,True,45.083197506681685,0.9870259662524493,0.064964659512043,27.599262149691338,0.9824627212618903,0.04825746640563011,-17.483935356990347,-0.0045632449905590455,0.016707193106412888
sample_15,15,defocus blur,high,restormer_deraining,Restormer去雨,True,45.083197506681685,0.9870259662524493,0.064964659512043,44.17169286359437,0.9860355044484144,0.07045424729585648,-0.9115046430873122,-0.0009904618040349478,-0.0054895877838134766
sample_15,15,defocus blur,high,xrestormer_motion_deblurring,XRestormer运动去模糊,True,45.083197506681685,0.9870259662524493,0.064964659512043,47.369717233914834,0.9899349119113573,0.04937473312020302,2.2865197272331486,0.00290894565890798,0.015589926391839981
sample_15,15,defocus blur,high,xrestormer_deraining,XRestormer去雨,True,45.083197506681685,0.9870259662524493,0.064964659512043,16.789078280020128,0.7677606248619732,0.16994547843933105,-28.294119226661557,-0.21926534139047615,-0.10498081892728806
sample_15,15,defocus blur,high,mprnet_denoising,MPRNet去噪,True,45.083197506681685,0.9870259662524493,0.064964659512043,44.34234416708178,0.9854890079011485,0.07597724348306656,-0.7408533395999086,-0.0015369583513008545,-0.01101258397102356
sample_15,15,defocus blur,high,mprnet_motion_deblurring,MPRNet运动去模糊,True,45.083197506681685,0.9870259662524493,0.064964659512043,44.73659544553626,0.9868337823634977,0.06947936117649078,-0.34660206114542547,-0.00019218388895159144,-0.004514701664447784
sample_15,15,defocus blur,high,mprnet_deraining,MPRNet去雨,True,45.083197506681685,0.9870259662524493,0.064964659512043,44.620209648471345,0.9861123536096713,0.06908322125673294,-0.46298785821034016,-0.0009136126427780056,-0.004118561744689941
sample_15,15,defocus blur,high,fbcnn_jpeg_artifact_removal,FBCNN JPEG伪影去除,True,45.083197506681685,0.9870259662524493,0.064964659512043,45.009276180658524,0.9866488602213623,0.06747251749038696,-0.07392132602316082,-0.00037710603108698226,-0.0025078579783439636
sample_15,15,defocus blur,high,drbnet_defocus_deblurring,DRBNet散焦去模糊,True,45.083197506681685,0.9870259662524493,0.064964659512043,39.55085094112444,0.987438977377827,0.024740101769566536,-5.532346565557248,0.0004130111253777269,0.04022455774247646
sample_15,15,defocus blur,high,dehazeformer_dehaze,DehazeFormer去雾,True,45.083197506681685,0.9870259662524493,0.064964659512043,18.399666427838724,0.847667972797403,0.13526710867881775,-26.68353107884296,-0.1393579934550463,-0.07030244916677475
sample_10,10,dark,very high,swinir_denoising,SwinIR去噪,True,13.75664413057702,0.5326928384751785,0.2881445288658142,13.749603649586657,0.5039223413248722,0.4482210874557495,-0.007040480990363918,-0.028770497150306218,-0.1600765585899353
sample_10,10,dark,very high,swinir_jpeg_artifact_removal,SwinIR JPEG伪影去除,True,13.75664413057702,0.5326928384751785,0.2881445288658142,13.708097536747886,0.500260150644848,0.4567069709300995,-0.048546593829135176,-0.03243268783033049,-0.16856244206428528
sample_10,10,dark,very high,swinir_super_resolution,SwinIR超分辨率,True,13.75664413057702,0.5326928384751785,0.2881445288658142,13.72840687528604,0.5101578064059908,0.4620468020439148,-0.0282372552909802,-0.02253503206918761,-0.17390227317810059
sample_10,10,dark,very high,restormer_motion_deblurring,Restormer运动去模糊,True,13.75664413057702,0.5326928384751785,0.2881445288658142,13.537228376938831,0.48528089756690423,0.35697677731513977,-0.21941575363818977,-0.04741194090827422,-0.06883224844932556
sample_10,10,dark,very high,restormer_defocus_deblurring,Restormer散焦去模糊,True,13.75664413057702,0.5326928384751785,0.2881445288658142,14.160956532294716,0.5546338966734868,0.2964063584804535,0.40431240171769467,0.021941058198308383,-0.008261829614639282
sample_10,10,dark,very high,restormer_deraining,Restormer去雨,True,13.75664413057702,0.5326928384751785,0.2881445288658142,13.746721612145485,0.528843437981029,0.3319895565509796,-0.009922518431535465,-0.003849400494149502,-0.043845027685165405
sample_10,10,dark,very high,xrestormer_motion_deblurring,XRestormer运动去模糊,True,13.75664413057702,0.5326928384751785,0.2881445288658142,13.654407009630207,0.49707418694116323,0.5413288474082947,-0.10223712094681403,-0.03561865153401522,-0.25318431854248047
sample_10,10,dark,very high,xrestormer_deraining,XRestormer去雨,True,13.75664413057702,0.5326928384751785,0.2881445288658142,13.77201750354297,0.5371722966031601,0.3241204619407654,0.015373372965949983,0.0044794581279816725,-0.03597593307495117
sample_10,10,dark,very high,mprnet_denoising,MPRNet去噪,True,13.75664413057702,0.5326928384751785,0.2881445288658142,13.789073487463977,0.5224972166101991,0.4072728157043457,0.03242935688695603,-0.010195621864979354,-0.1191282868385315
sample_10,10,dark,very high,mprnet_motion_deblurring,MPRNet运动去模糊,True,13.75664413057702,0.5326928384751785,0.2881445288658142,13.670550989410186,0.49677406221773884,0.3804636001586914,-0.08609314116683464,-0.03591877625743961,-0.0923190712928772
sample_10,10,dark,very high,mprnet_deraining,MPRNet去雨,True,13.75664413057702,0.5326928384751785,0.2881445288658142,13.756012453915346,0.5221475993541467,0.39336711168289185,-0.0006316766616745184,-0.01054523912103178,-0.10522258281707764
sample_10,10,dark,very high,fbcnn_jpeg_artifact_removal,FBCNN JPEG伪影去除,True,13.75664413057702,0.5326928384751785,0.2881445288658142,13.757055871764557,0.5279583529595705,0.2984427511692047,0.00041174118753595224,-0.004734485515607956,-0.010298222303390503
sample_10,10,dark,very high,drbnet_defocus_deblurring,DRBNet散焦去模糊,True,13.75664413057702,0.5326928384751785,0.2881445288658142,13.699079245577385,0.5118575524277925,0.41403263807296753,-0.057564884999635524,-0.020835286047385937,-0.12588810920715332
sample_10,10,dark,very high,dehazeformer_dehaze,DehazeFormer去雾,True,13.75664413057702,0.5326928384751785,0.2881445288658142,13.02973548684042,0.45459728090131774,0.3082808256149292,-0.7269086437366017,-0.07809555757386072,-0.02013629674911499
sample_4,4,rain,medium,swinir_denoising,SwinIR去噪,True,19.78818056997963,0.6406452696852282,0.44250181317329407,19.596922812470133,0.46355430671962056,0.5445688366889954,-0.19125775750949714,-0.1770909629656076,-0.1020670235157013
sample_4,4,rain,medium,swinir_jpeg_artifact_removal,SwinIR JPEG伪影去除,True,19.78818056997963,0.6406452696852282,0.44250181317329407,19.459107231944973,0.5682440799603342,0.5013235807418823,-0.3290733380346573,-0.07240118972489396,-0.05882176756858826
sample_4,4,rain,medium,swinir_super_resolution,SwinIR超分辨率,True,19.78818056997963,0.6406452696852282,0.44250181317329407,18.55890714827226,0.6722714481773098,0.5410169363021851,-1.2292734217073686,0.0316261784920816,-0.09851512312889099
sample_4,4,rain,medium,restormer_motion_deblurring,Restormer运动去模糊,True,19.78818056997963,0.6406452696852282,0.44250181317329407,19.868692143362715,0.64282578844982,0.4384712278842926,0.08051157338308457,0.002180518764591799,0.004030585289001465
sample_4,4,rain,medium,restormer_defocus_deblurring,Restormer散焦去模糊,True,19.78818056997963,0.6406452696852282,0.44250181317329407,19.36650207227956,0.546771723972274,0.4708290100097656,-0.4216784977000714,-0.09387354571295414,-0.028327196836471558
sample_4,4,rain,medium,restormer_deraining,Restormer去雨,True,19.78818056997963,0.6406452696852282,0.44250181317329407,34.64456442637664,0.9435169757200117,0.11667495965957642,14.85638385639701,0.3028717060347835,0.32582685351371765
sample_4,4,rain,medium,xrestormer_motion_deblurring,XRestormer运动去模糊,True,19.78818056997963,0.6406452696852282,0.44250181317329407,14.7414888210743,0.3456662482736905,0.5721036195755005,-5.04669174890533,-0.29497902141153765,-0.12960180640220642
sample_4,4,rain,medium,xrestormer_deraining,XRestormer去雨,True,19.78818056997963,0.6406452696852282,0.44250181317329407,33.03629113658332,0.9260969183974419,0.14224278926849365,13.248110566603692,0.28545164871221373,0.3002590239048004
sample_4,4,rain,medium,mprnet_denoising,MPRNet去噪,True,19.78818056997963,0.6406452696852282,0.44250181317329407,20.200432847942533,0.6158184891445545,0.46084532141685486,0.412252277962903,-0.024826780540673665,-0.01834350824356079
sample_4,4,rain,medium,mprnet_motion_deblurring,MPRNet运动去模糊,True,19.78818056997963,0.6406452696852282,0.44250181317329407,19.85394148796042,0.6392120661693196,0.444988489151001,0.0657609179807892,-0.0014332035159085876,-0.002486675977706909
sample_4,4,rain,medium,mprnet_deraining,MPRNet去雨,True,19.78818056997963,0.6406452696852282,0.44250181317329407,32.32428812805678,0.9069874530195893,0.16429872810840607,12.536107558077148,0.2663421833343611,0.278203085064888
sample_4,4,rain,medium,fbcnn_jpeg_artifact_removal,FBCNN JPEG伪影去除,True,19.78818056997963,0.6406452696852282,0.44250181317329407,19.7600471064852,0.6331619354934888,0.44465363025665283,-0.0281334634944308,-0.00748333419173941,-0.0021518170833587646
sample_4,4,rain,medium,drbnet_defocus_deblurring,DRBNet散焦去模糊,True,19.78818056997963,0.6406452696852282,0.44250181317329407,20.543016440957928,0.6544239866506438,0.4365830719470978,0.7548358709782974,0.01377871696541566,0.005918741226196289
sample_4,4,rain,medium,dehazeformer_dehaze,DehazeFormer去雾,True,19.78818056997963,0.6406452696852282,0.44250181317329407,20.2865299921681,0.635794672064623,0.44440799951553345,0.49834942218846834,-0.004850597620605135,-0.0019061863422393799
sample_11,11,dark,very high,swinir_denoising,SwinIR去噪,True,9.656946810525206,0.667767341816179,0.19135794043540955,9.633028690606475,0.5663651834393021,0.38122397661209106,-0.02391811991873105,-0.10140215837687694,-0.18986603617668152
sample_11,11,dark,very high,swinir_jpeg_artifact_removal,SwinIR JPEG伪影去除,True,9.656946810525206,0.667767341816179,0.19135794043540955,9.637525286387335,0.5819208287295343,0.3429619371891022,-0.01942152413787035,-0.0858465130866447,-0.15160399675369263
sample_11,11,dark,very high,swinir_super_resolution,SwinIR超分辨率,True,9.656946810525206,0.667767341816179,0.19135794043540955,9.52313575969412,0.6389887245534099,0.35609209537506104,-0.1338110508310848,-0.02877861726276909,-0.1647341549396515
sample_11,11,dark,very high,restormer_motion_deblurring,Restormer运动去模糊,True,9.656946810525206,0.667767341816179,0.19135794043540955,9.662603385125166,0.6707087553259566,0.18837705254554749,0.0056565745999606065,0.002941413509777613,0.0029808878898620605
sample_11,11,dark,very high,restormer_defocus_deblurring,Restormer散焦去模糊,True,9.656946810525206,0.667767341816179,0.19135794043540955,9.801443312366521,0.6886064361408808,0.20391888916492462,0.14449650184131535,0.020839094324701768,-0.012560948729515076
sample_11,11,dark,very high,restormer_deraining,Restormer去雨,True,9.656946810525206,0.667767341816179,0.19135794043540955,9.6484721467828,0.6536725347067706,0.22125214338302612,-0.008474663742406463,-0.01409480710940847,-0.029894202947616577
sample_11,11,dark,very high,xrestormer_motion_deblurring,XRestormer运动去模糊,True,9.656946810525206,0.667767341816179,0.19135794043540955,9.520715281617495,0.5685752889078761,0.37462118268013,-0.13623152890771095,-0.09919205290830291,-0.18326324224472046
sample_11,11,dark,very high,xrestormer_deraining,XRestormer去雨,True,9.656946810525206,0.667767341816179,0.19135794043540955,9.664571025439923,0.6654620236401253,0.19879473745822906,0.007624214914716987,-0.002305318176053728,-0.007436797022819519
sample_11,11,dark,very high,mprnet_denoising,MPRNet去噪,True,9.656946810525206,0.667767341816179,0.19135794043540955,9.65699692052712,0.6159688624555418,0.2953464090824127,5.01100019150158e-05,-0.051798479360637195,-0.10398846864700317
sample_11,11,dark,very high,mprnet_motion_deblurring,MPRNet运动去模糊,True,9.656946810525206,0.667767341816179,0.19135794043540955,9.662627214700159,0.6737005271300397,0.1881452053785324,0.005680404174952969,0.005933185313860667,0.0032127350568771362
sample_11,11,dark,very high,mprnet_deraining,MPRNet去雨,True,9.656946810525206,0.667767341816179,0.19135794043540955,9.637797840027677,0.6341120274371074,0.2606445252895355,-0.01914897049752895,-0.033655314379071655,-0.06928658485412598
sample_11,11,dark,very high,fbcnn_jpeg_artifact_removal,FBCNN JPEG伪影去除,True,9.656946810525206,0.667767341816179,0.19135794043540955,9.66217306803362,0.6553651624068337,0.20494720339775085,0.005226257508414989,-0.012402179409345293,-0.013589262962341309
sample_11,11,dark,very high,drbnet_defocus_deblurring,DRBNet散焦去模糊,True,9.656946810525206,0.667767341816179,0.19135794043540955,9.843781128450445,0.6969373168431402,0.2121092975139618,0.1868343179252392,0.02916997502696117,-0.020751357078552246
sample_11,11,dark,very high,dehazeformer_dehaze,DehazeFormer去雾,True,9.656946810525206,0.667767341816179,0.19135794043540955,6.030719219559285,0.3468739799839082,0.3107556402683258,-3.6262275909659207,-0.32089336183227085,-0.11939769983291626
sample_5,5,dark,low,swinir_denoising,SwinIR去噪,True,31.695394311257324,0.9936830843193384,0.00360061414539814,28.6582161208746,0.8148038795036605,0.3233245015144348,-3.0371781903827255,-0.17887920481567787,-0.3197238873690367
sample_5,5,dark,low,swinir_jpeg_artifact_removal,SwinIR JPEG伪影去除,True,31.695394311257324,0.9936830843193384,0.00360061414539814,29.695736304162622,0.9125550591926254,0.15147340297698975,-1.9996580070947019,-0.08112802512671302,-0.1478727888315916
sample_5,5,dark,low,swinir_super_resolution,SwinIR超分辨率,True,31.695394311257324,0.9936830843193384,0.00360061414539814,26.524672703755876,0.8682490394439687,0.2905367910861969,-5.170721607501449,-0.1254340448753697,-0.28693617694079876
sample_5,5,dark,low,restormer_motion_deblurring,Restormer运动去模糊,True,31.695394311257324,0.9936830843193384,0.00360061414539814,31.752046384012967,0.9923398200960563,0.005986832082271576,0.05665207275564299,-0.0013432642232821257,-0.002386217936873436
sample_5,5,dark,low,restormer_defocus_deblurring,Restormer散焦去模糊,True,31.695394311257324,0.9936830843193384,0.00360061414539814,23.309432939274846,0.5266318801767231,0.10100028663873672,-8.385961371982479,-0.46705120414261525,-0.09739967249333858
sample_5,5,dark,low,restormer_deraining,Restormer去雨,True,31.695394311257324,0.9936830843193384,0.00360061414539814,31.23049751355502,0.9883591045757393,0.018886353820562363,-0.4648967977023055,-0.005323979743599105,-0.015285739675164223
sample_5,5,dark,low,xrestormer_motion_deblurring,XRestormer运动去模糊,True,31.695394311257324,0.9936830843193384,0.00360061414539814,20.755974297440435,0.6429797188034642,0.3801930844783783,-10.939420013816889,-0.3507033655158742,-0.37659247033298016
sample_5,5,dark,low,xrestormer_deraining,XRestormer去雨,True,31.695394311257324,0.9936830843193384,0.00360061414539814,27.092834902095486,0.9723249617634413,0.019923774525523186,-4.602559409161838,-0.021358122555897086,-0.016323160380125046
sample_5,5,dark,low,mprnet_denoising,MPRNet去噪,True,31.695394311257324,0.9936830843193384,0.00360061414539814,31.5544845167833,0.9501778279139398,0.07992927730083466,-0.1409097944740232,-0.043505256405398596,-0.07632866315543652
sample_5,5,dark,low,mprnet_motion_deblurring,MPRNet运动去模糊,True,31.695394311257324,0.9936830843193384,0.00360061414539814,31.670362498399747,0.9915274504865504,0.00705399876460433,-0.02503181285757705,-0.00215563383278794,-0.00345338461920619
sample_5,5,dark,low,mprnet_deraining,MPRNet去雨,True,31.695394311257324,0.9936830843193384,0.00360061414539814,28.033162874736743,0.9649230261849553,0.04397955164313316,-3.6622314365205817,-0.028760058134383093,-0.040378937497735023
sample_5,5,dark,low,fbcnn_jpeg_artifact_removal,FBCNN JPEG伪影去除,True,31.695394311257324,0.9936830843193384,0.00360061414539814,31.585821802072857,0.9865037918048275,0.006653967313468456,-0.10957250918446704,-0.007179292514510882,-0.0030533531680703163
sample_5,5,dark,low,drbnet_defocus_deblurring,DRBNet散焦去模糊,True,31.695394311257324,0.9936830843193384,0.00360061414539814,34.3759176918873,0.9891811428320597,0.010491200722754002,2.680523380629978,-0.004501941487278671,-0.006890586577355862
sample_5,5,dark,low,dehazeformer_dehaze,DehazeFormer去雾,True,31.695394311257324,0.9936830843193384,0.00360061414539814,20.7293290949346,0.8945967655655318,0.05390559881925583,-10.966065216322725,-0.09908631875380658,-0.05030498467385769
sample_7,7,defocus blur,low,swinir_denoising,SwinIR去噪,True,24.758932909465948,0.8741594381307939,0.31611382961273193,23.909187299118013,0.8093585429153118,0.38227391242980957,-0.8497456103479344,-0.06480089521548205,-0.06616008281707764
sample_7,7,defocus blur,low,swinir_jpeg_artifact_removal,SwinIR JPEG伪影去除,True,24.758932909465948,0.8741594381307939,0.31611382961273193,24.204768905379254,0.8346310953850372,0.3501798212528229,-0.5541640040866938,-0.03952834274575667,-0.03406599164009094
sample_7,7,defocus blur,low,swinir_super_resolution,SwinIR超分辨率,True,24.758932909465948,0.8741594381307939,0.31611382961273193,24.10557635895886,0.827143402340031,0.18547728657722473,-0.6533565505070875,-0.047016035790762856,0.1306365430355072
sample_7,7,defocus blur,low,restormer_motion_deblurring,Restormer运动去模糊,True,24.758932909465948,0.8741594381307939,0.31611382961273193,22.720668349923795,0.8304842456947368,0.2506996989250183,-2.038264559542153,-0.04367519243605711,0.06541413068771362
sample_7,7,defocus blur,low,restormer_defocus_deblurring,Restormer散焦去模糊,True,24.758932909465948,0.8741594381307939,0.31611382961273193,23.78078180954163,0.8106672217007062,0.2658279538154602,-0.9781510999243181,-0.06349221643008773,0.05028587579727173
sample_7,7,defocus blur,low,restormer_deraining,Restormer去雨,True,24.758932909465948,0.8741594381307939,0.31611382961273193,24.741375310552517,0.8724587199565784,0.3240116238594055,-0.017557598913430894,-0.0017007181742154653,-0.007897794246673584
sample_7,7,defocus blur,low,xrestormer_motion_deblurring,XRestormer运动去模糊,True,24.758932909465948,0.8741594381307939,0.31611382961273193,18.639141292112633,0.7655303257214335,0.2552320957183838,-6.1197916173533145,-0.10862911240936035,0.060881733894348145
sample_7,7,defocus blur,low,xrestormer_deraining,XRestormer去雨,True,24.758932909465948,0.8741594381307939,0.31611382961273193,24.692518930154534,0.8707887086128491,0.3189343214035034,-0.06641397931141313,-0.003370729517944815,-0.0028204917907714844
sample_7,7,defocus blur,low,mprnet_denoising,MPRNet去噪,True,24.758932909465948,0.8741594381307939,0.31611382961273193,23.9014130991729,0.8402155436753856,0.3691050410270691,-0.8575198102930486,-0.03394389445540824,-0.05299121141433716
sample_7,7,defocus blur,low,mprnet_motion_deblurring,MPRNet运动去模糊,True,24.758932909465948,0.8741594381307939,0.31611382961273193,22.322138136980026,0.8147044627157333,0.2592105567455292,-2.4367947724859214,-0.05945497541506062,0.05690327286720276
sample_7,7,defocus blur,low,mprnet_deraining,MPRNet去雨,True,24.758932909465948,0.8741594381307939,0.31611382961273193,24.477716305779023,0.8642641021601175,0.32744693756103516,-0.281216603686925,-0.009895335970676378,-0.011333107948303223
sample_7,7,defocus blur,low,fbcnn_jpeg_artifact_removal,FBCNN JPEG伪影去除,True,24.758932909465948,0.8741594381307939,0.31611382961273193,24.85196686595173,0.874256999116524,0.3178843855857849,0.09303395648578316,9.756098573010519e-05,-0.0017705559730529785
sample_7,7,defocus blur,low,drbnet_defocus_deblurring,DRBNet散焦去模糊,True,24.758932909465948,0.8741594381307939,0.31611382961273193,25.547305478658338,0.8656071341304004,0.16841360926628113,0.78837256919239,-0.008552304000393529,0.1477002203464508
sample_7,7,defocus blur,low,dehazeformer_dehaze,DehazeFormer去雾,True,24.758932909465948,0.8741594381307939,0.31611382961273193,24.314268410131746,0.8752896716744915,0.3169362545013428,-0.44466449933420193,0.0011302335436975675,-0.0008224248886108398
sample_8,8,dark,medium,swinir_denoising,SwinIR去噪,True,22.159856622715278,0.9597982794286256,0.025515399873256683,21.922107346407053,0.8837723190126692,0.16356724500656128,-0.23774927630822518,-0.07602596041595644,-0.1380518451333046
sample_8,8,dark,medium,swinir_jpeg_artifact_removal,SwinIR JPEG伪影去除,True,22.159856622715278,0.9597982794286256,0.025515399873256683,21.97443621590782,0.9290063726876161,0.09251441806554794,-0.18542040680745941,-0.03079190674100951,-0.06699901819229126
sample_8,8,dark,medium,swinir_super_resolution,SwinIR超分辨率,True,22.159856622715278,0.9597982794286256,0.025515399873256683,21.39952271271019,0.903367278550141,0.17575381696224213,-0.7603339100050874,-0.05643100087848463,-0.15023841708898544
sample_8,8,dark,medium,restormer_motion_deblurring,Restormer运动去模糊,True,22.159856622715278,0.9597982794286256,0.025515399873256683,22.18628154096062,0.9551344445978575,0.03482166677713394,0.02642491824534332,-0.004663834830768154,-0.009306266903877258
sample_8,8,dark,medium,restormer_defocus_deblurring,Restormer散焦去模糊,True,22.159856622715278,0.9597982794286256,0.025515399873256683,25.6310985487932,0.9384781434721733,0.04815886542201042,3.471241926077923,-0.021320135956452324,-0.02264346554875374
sample_8,8,dark,medium,restormer_deraining,Restormer去雨,True,22.159856622715278,0.9597982794286256,0.025515399873256683,22.013154375053325,0.9592310807764282,0.027253689244389534,-0.1467022476619526,-0.0005671986521974537,-0.0017382893711328506
sample_8,8,dark,medium,xrestormer_motion_deblurring,XRestormer运动去模糊,True,22.159856622715278,0.9597982794286256,0.025515399873256683,16.67711504099415,0.6550395913364281,0.3039431869983673,-5.482741581721129,-0.3047586880921975,-0.2784277871251106
sample_8,8,dark,medium,xrestormer_deraining,XRestormer去雨,True,22.159856622715278,0.9597982794286256,0.025515399873256683,22.100516597794417,0.9589370692332676,0.026285141706466675,-0.05934002492086066,-0.0008612101953580087,-0.0007697418332099915
sample_8,8,dark,medium,mprnet_denoising,MPRNet去噪,True,22.159856622715278,0.9597982794286256,0.025515399873256683,22.358355451420607,0.947481559320699,0.053268253803253174,0.1984988287053291,-0.012316720107926615,-0.02775285392999649
sample_8,8,dark,medium,mprnet_motion_deblurring,MPRNet运动去模糊,True,22.159856622715278,0.9597982794286256,0.025515399873256683,21.965585100922127,0.9483219631309482,0.04082471877336502,-0.19427152179315144,-0.011476316297677425,-0.015309318900108337
sample_8,8,dark,medium,mprnet_deraining,MPRNet去雨,True,22.159856622715278,0.9597982794286256,0.025515399873256683,21.293198443705354,0.9425632279105023,0.05135464668273926,-0.8666581790099244,-0.017235051518123323,-0.025839246809482574
sample_8,8,dark,medium,fbcnn_jpeg_artifact_removal,FBCNN JPEG伪影去除,True,22.159856622715278,0.9597982794286256,0.025515399873256683,22.161717943738,0.9576201214078303,0.026715900748968124,0.0018613210227229615,-0.002178158020795351,-0.001200500875711441
sample_8,8,dark,medium,drbnet_defocus_deblurring,DRBNet散焦去模糊,True,22.159856622715278,0.9597982794286256,0.025515399873256683,22.20954732164302,0.9116618311442332,0.07201528549194336,0.049690698927740584,-0.04813644828439245,-0.046499885618686676
sample_8,8,dark,medium,dehazeformer_dehaze,DehazeFormer去雾,True,22.159856622715278,0.9597982794286256,0.025515399873256683,17.585422630164974,0.8940274959109494,0.047399528324604034,-4.574433992550304,-0.06577078351767618,-0.02188412845134735
sample_14,14,motion blur,high,swinir_denoising,SwinIR去噪,True,26.01877771413593,0.7891410599734714,0.25015270709991455,25.80950155343283,0.755221127367809,0.3372545838356018,-0.20927616070309796,-0.033919932605662395,-0.08710187673568726
sample_14,14,motion blur,high,swinir_jpeg_artifact_removal,SwinIR JPEG伪影去除,True,26.01877771413593,0.7891410599734714,0.25015270709991455,25.898753630875312,0.7688734505841954,0.3132662773132324,-0.12002408326061698,-0.020267609389275965,-0.06311357021331787
sample_14,14,motion blur,high,swinir_super_resolution,SwinIR超分辨率,True,26.01877771413593,0.7891410599734714,0.25015270709991455,25.564846875138876,0.7906756149453896,0.2584419846534729,-0.4539308389970529,0.0015345549719182339,-0.00828927755355835
sample_14,14,motion blur,high,restormer_motion_deblurring,Restormer运动去模糊,True,26.01877771413593,0.7891410599734714,0.25015270709991455,25.22866117823364,0.7488737184584972,0.15249468386173248,-0.790116535902289,-0.04026734151497424,0.09765802323818207
sample_14,14,motion blur,high,restormer_defocus_deblurring,Restormer散焦去模糊,True,26.01877771413593,0.7891410599734714,0.25015270709991455,27.106291759397593,0.8260436582212819,0.2076101005077362,1.0875140452616634,0.0369025982478105,0.042542606592178345
sample_14,14,motion blur,high,restormer_deraining,Restormer去雨,True,26.01877771413593,0.7891410599734714,0.25015270709991455,25.998980759806834,0.7844994876913033,0.2651665210723877,-0.01979695432909523,-0.004641572282168105,-0.015013813972473145
sample_14,14,motion blur,high,xrestormer_motion_deblurring,XRestormer运动去模糊,True,26.01877771413593,0.7891410599734714,0.25015270709991455,24.01983712781931,0.7277330241192187,0.2601241171360016,-1.9989405863166176,-0.061408035854252696,-0.009971410036087036
sample_14,14,motion blur,high,xrestormer_deraining,XRestormer去雨,True,26.01877771413593,0.7891410599734714,0.25015270709991455,25.956185635485713,0.7835843206353125,0.2637448012828827,-0.06259207865021565,-0.0055567393381589225,-0.01359209418296814
sample_14,14,motion blur,high,mprnet_denoising,MPRNet去噪,True,26.01877771413593,0.7891410599734714,0.25015270709991455,25.927335861784258,0.7764631027235662,0.3018847107887268,-0.09144185235167157,-0.01267795724990517,-0.051732003688812256
sample_14,14,motion blur,high,mprnet_motion_deblurring,MPRNet运动去模糊,True,26.01877771413593,0.7891410599734714,0.25015270709991455,25.24304160164081,0.7530194991436763,0.15707387030124664,-0.7757361124951174,-0.03612156082979512,0.09307883679866791
sample_14,14,motion blur,high,mprnet_deraining,MPRNet去雨,True,26.01877771413593,0.7891410599734714,0.25015270709991455,25.966503101180404,0.7810417715987331,0.27409520745277405,-0.05227461295552516,-0.008099288374738278,-0.023942500352859497
sample_14,14,motion blur,high,fbcnn_jpeg_artifact_removal,FBCNN JPEG伪影去除,True,26.01877771413593,0.7891410599734714,0.25015270709991455,25.995239152419227,0.7845285806541299,0.25600701570510864,-0.023538561716701878,-0.0046124793193415,-0.005854308605194092
sample_14,14,motion blur,high,drbnet_defocus_deblurring,DRBNet散焦去模糊,True,26.01877771413593,0.7891410599734714,0.25015270709991455,25.66425257023074,0.7791087196341261,0.20602187514305115,-0.35452514390518886,-0.010032340339345303,0.0441308319568634
sample_14,14,motion blur,high,dehazeformer_dehaze,DehazeFormer去雾,True,26.01877771413593,0.7891410599734714,0.25015270709991455,25.164372467422965,0.7175681914313065,0.24806086719036102,-0.8544052467129646,-0.07157286854216494,0.002091839909553528
sample_13,13,motion blur,medium,swinir_denoising,SwinIR去噪,True,26.21450701084961,0.7988866844833803,0.18537670373916626,25.85861497862021,0.7538560513863857,0.2970496416091919,-0.3558920322293986,-0.04503063309699462,-0.11167293787002563
sample_13,13,motion blur,medium,swinir_jpeg_artifact_removal,SwinIR JPEG伪影去除,True,26.21450701084961,0.7988866844833803,0.18537670373916626,26.012492875259422,0.7749353463771071,0.25904369354248047,-0.20201413559018633,-0.023951338106273146,-0.07366698980331421
sample_13,13,motion blur,medium,swinir_super_resolution,SwinIR超分辨率,True,26.21450701084961,0.7988866844833803,0.18537670373916626,25.745684166430408,0.7974446984940545,0.1944524049758911,-0.46882284441920064,-0.001441985989325767,-0.009075701236724854
sample_13,13,motion blur,medium,restormer_motion_deblurring,Restormer运动去模糊,True,26.21450701084961,0.7988866844833803,0.18537670373916626,25.942849707529923,0.7893278791820514,0.0797346979379654,-0.2716573033196852,-0.00955880530132891,0.10564200580120087
sample_13,13,motion blur,medium,restormer_defocus_deblurring,Restormer散焦去模糊,True,26.21450701084961,0.7988866844833803,0.18537670373916626,26.988662777144388,0.8305089930006514,0.12079812586307526,0.7741557662947791,0.0316223085172711,0.064578577876091
sample_13,13,motion blur,medium,restormer_deraining,Restormer去雨,True,26.21450701084961,0.7988866844833803,0.18537670373916626,26.199343984629166,0.7939886419378475,0.20656698942184448,-0.015163026220442077,-0.0048980425455328325,-0.021190285682678223
sample_13,13,motion blur,medium,xrestormer_motion_deblurring,XRestormer运动去模糊,True,26.21450701084961,0.7988866844833803,0.18537670373916626,24.435084101494766,0.7550019883325619,0.17376144230365753,-1.7794229093548424,-0.04388469615081836,0.011615261435508728
sample_13,13,motion blur,medium,xrestormer_deraining,XRestormer去雨,True,26.21450701084961,0.7988866844833803,0.18537670373916626,26.203461381525077,0.7975059505437265,0.18205326795578003,-0.011045629324531347,-0.0013807339396537666,0.0033234357833862305
sample_13,13,motion blur,medium,mprnet_denoising,MPRNet去噪,True,26.21450701084961,0.7988866844833803,0.18537670373916626,26.122394334773563,0.7863794364756335,0.2474079430103302,-0.09211267607604512,-0.01250724800774683,-0.06203123927116394
sample_13,13,motion blur,medium,mprnet_motion_deblurring,MPRNet运动去模糊,True,26.21450701084961,0.7988866844833803,0.18537670373916626,26.037413361690756,0.7981363477365954,0.07750942558050156,-0.17709364915885217,-0.0007503367467849298,0.1078672781586647
sample_13,13,motion blur,medium,mprnet_deraining,MPRNet去雨,True,26.21450701084961,0.7988866844833803,0.18537670373916626,26.179978853723924,0.79065061997546,0.23070169985294342,-0.0345281571256848,-0.008236064507920249,-0.04532499611377716
sample_13,13,motion blur,medium,fbcnn_jpeg_artifact_removal,FBCNN JPEG伪影去除,True,26.21450701084961,0.7988866844833803,0.18537670373916626,26.180361846911367,0.7940762256686691,0.19463351368904114,-0.034145163938241296,-0.004810458814711205,-0.009256809949874878
sample_13,13,motion blur,medium,drbnet_defocus_deblurring,DRBNet散焦去模糊,True,26.21450701084961,0.7988866844833803,0.18537670373916626,25.5376812312675,0.7711262260668814,0.172400563955307,-0.67682577958211,-0.02776045841649888,0.012976139783859253
sample_13,13,motion blur,medium,dehazeformer_dehaze,DehazeFormer去雾,True,26.21450701084961,0.7988866844833803,0.18537670373916626,19.96513045181876,0.6251606677122931,0.20537169277668,-6.24937655903085,-0.17372601677108723,-0.019994989037513733
sample_3,3,jpeg compression artifact,high,swinir_denoising,SwinIR去噪,True,29.19610536030816,0.8402240239687707,0.130813866853714,30.623004893755766,0.8687830228205375,0.1758274883031845,1.4268995334476067,0.028558998851766826,-0.04501362144947052
sample_3,3,jpeg compression artifact,high,swinir_jpeg_artifact_removal,SwinIR JPEG伪影去除,True,29.19610536030816,0.8402240239687707,0.130813866853714,32.0123277683937,0.9088930260024658,0.09620440006256104,2.816222408085544,0.06866900203369508,0.034609466791152954
sample_3,3,jpeg compression artifact,high,swinir_super_resolution,SwinIR超分辨率,True,29.19610536030816,0.8402240239687707,0.130813866853714,26.488331639486308,0.7842373715728135,0.29088717699050903,-2.7077737208218515,-0.05598665239595724,-0.16007331013679504
sample_3,3,jpeg compression artifact,high,restormer_motion_deblurring,Restormer运动去模糊,True,29.19610536030816,0.8402240239687707,0.130813866853714,29.01255347185893,0.8362642574959267,0.13142116367816925,-0.1835518884492302,-0.003959766472844017,-0.0006072968244552612
sample_3,3,jpeg compression artifact,high,restormer_defocus_deblurring,Restormer散焦去模糊,True,29.19610536030816,0.8402240239687707,0.130813866853714,27.42723348286028,0.8348082270609195,0.13692018389701843,-1.7688718774478787,-0.005415796907851211,-0.006106317043304443
sample_3,3,jpeg compression artifact,high,restormer_deraining,Restormer去雨,True,29.19610536030816,0.8402240239687707,0.130813866853714,29.372941066881772,0.846300272723199,0.13108095526695251,0.17683570657361258,0.006076248754428248,-0.0002670884132385254
sample_3,3,jpeg compression artifact,high,xrestormer_motion_deblurring,XRestormer运动去模糊,True,29.19610536030816,0.8402240239687707,0.130813866853714,18.32381963666954,0.5293057133803046,0.33064156770706177,-10.872285723638619,-0.3109183105884661,-0.19982770085334778
sample_3,3,jpeg compression artifact,high,xrestormer_deraining,XRestormer去雨,True,29.19610536030816,0.8402240239687707,0.130813866853714,29.30599904918055,0.8434538314842887,0.13136182725429535,0.10989368887238982,0.003229807515517935,-0.0005479604005813599
sample_3,3,jpeg compression artifact,high,mprnet_denoising,MPRNet去噪,True,29.19610536030816,0.8402240239687707,0.130813866853714,29.52479077458733,0.858050922282692,0.1624608039855957,0.3286854142791711,0.017826898313921258,-0.031646937131881714
sample_3,3,jpeg compression artifact,high,mprnet_motion_deblurring,MPRNet运动去模糊,True,29.19610536030816,0.8402240239687707,0.130813866853714,28.99515207791581,0.836133773756659,0.129556804895401,-0.2009532823923479,-0.0040902502121117346,0.0012570619583129883
sample_3,3,jpeg compression artifact,high,mprnet_deraining,MPRNet去雨,True,29.19610536030816,0.8402240239687707,0.130813866853714,29.343648591674942,0.8534733044918029,0.14400866627693176,0.14754323136678238,0.013249280523032203,-0.013194799423217773
sample_3,3,jpeg compression artifact,high,fbcnn_jpeg_artifact_removal,FBCNN JPEG伪影去除,True,29.19610536030816,0.8402240239687707,0.130813866853714,32.135681545529394,0.9109644474729272,0.09754084795713425,2.9395761852212345,0.07074042350415644,0.03327301889657974
sample_3,3,jpeg compression artifact,high,drbnet_defocus_deblurring,DRBNet散焦去模糊,True,29.19610536030816,0.8402240239687707,0.130813866853714,28.594792003092916,0.8289239258908866,0.13452625274658203,-0.6013133572152434,-0.011300098077884124,-0.003712385892868042
sample_3,3,jpeg compression artifact,high,dehazeformer_dehaze,DehazeFormer去雾,True,29.19610536030816,0.8402240239687707,0.130813866853714,26.84814661546787,0.8320840707903668,0.1318449079990387,-2.347958744840291,-0.00813995317840388,-0.001031041145324707
sample_0,0,motion blur,low,swinir_denoising,SwinIR去噪,True,23.335573566330222,0.7138609135080073,0.3880230784416199,21.647254045343743,0.46452314428231384,0.6588107347488403,-1.6883195209864788,-0.24933776922569345,-0.27078765630722046
sample_0,0,motion blur,low,swinir_jpeg_artifact_removal,SwinIR JPEG伪影去除,True,23.335573566330222,0.7138609135080073,0.3880230784416199,22.057420756894498,0.5337713642116905,0.523309588432312,-1.2781528094357242,-0.18008954929631682,-0.13528650999069214
sample_0,0,motion blur,low,swinir_super_resolution,SwinIR超分辨率,True,23.335573566330222,0.7138609135080073,0.3880230784416199,20.83051864529395,0.5481184518588447,0.48120006918907166,-2.5050549210362725,-0.16574246164916262,-0.09317699074745178
sample_0,0,motion blur,low,restormer_motion_deblurring,Restormer运动去模糊,True,23.335573566330222,0.7138609135080073,0.3880230784416199,23.921219918995877,0.7579920983072214,0.2723941504955292,0.5856463526656555,0.044131184799214074,0.1156289279460907
sample_0,0,motion blur,low,restormer_defocus_deblurring,Restormer散焦去模糊,True,23.335573566330222,0.7138609135080073,0.3880230784416199,22.03273379161719,0.6679081394193807,0.3643200695514679,-1.302839774713032,-0.045952774088626636,0.023703008890151978
sample_0,0,motion blur,low,restormer_deraining,Restormer去雨,True,23.335573566330222,0.7138609135080073,0.3880230784416199,22.8361126806811,0.6593203805397797,0.4120778441429138,-0.49946088564912117,-0.054540532968227584,-0.024054765701293945
sample_0,0,motion blur,low,xrestormer_motion_deblurring,XRestormer运动去模糊,True,23.335573566330222,0.7138609135080073,0.3880230784416199,17.88456526827425,0.49211946578930127,0.6302292943000793,-5.451008298055971,-0.22174144771870602,-0.24220621585845947
sample_0,0,motion blur,low,xrestormer_deraining,XRestormer去雨,True,23.335573566330222,0.7138609135080073,0.3880230784416199,22.478429279969852,0.6582666271021776,0.40852460265159607,-0.85714428636037,-0.05559428640582964,-0.020501524209976196
sample_0,0,motion blur,low,mprnet_denoising,MPRNet去噪,True,23.335573566330222,0.7138609135080073,0.3880230784416199,21.59646894646152,0.51185272111008,0.5935606360435486,-1.7391046198687015,-0.20200819239792733,-0.2055375576019287
sample_0,0,motion blur,low,mprnet_motion_deblurring,MPRNet运动去模糊,True,23.335573566330222,0.7138609135080073,0.3880230784416199,24.016214604696895,0.7753230687895482,0.30023375153541565,0.680641038366673,0.061462155281540864,0.08778932690620422
sample_0,0,motion blur,low,mprnet_deraining,MPRNet去雨,True,23.335573566330222,0.7138609135080073,0.3880230784416199,22.267553703130304,0.635741775615136,0.4253060817718506,-1.0680198631999183,-0.07811913789287128,-0.03728300333023071
sample_0,0,motion blur,low,fbcnn_jpeg_artifact_removal,FBCNN JPEG伪影去除,True,23.335573566330222,0.7138609135080073,0.3880230784416199,23.1278234836729,0.6797000680008436,0.37871575355529785,-0.20775008265732353,-0.034160845507163695,0.009307324886322021
sample_0,0,motion blur,low,drbnet_defocus_deblurring,DRBNet散焦去模糊,True,23.335573566330222,0.7138609135080073,0.3880230784416199,22.99764823134482,0.6855482785434476,0.4048303961753845,-0.3379253349854032,-0.028312634964559713,-0.01680731773376465
sample_0,0,motion blur,low,dehazeformer_dehaze,DehazeFormer去雾,True,23.335573566330222,0.7138609135080073,0.3880230784416199,18.895366374314616,0.5675842200858551,0.39762383699417114,-4.440207192015606,-0.14627669342215222,-0.00960075855255127
sample_1,1,dark,very high,swinir_denoising,SwinIR去噪,True,14.863935818319227,0.641818700273317,0.12472372502088547,14.842078831810115,0.6385802810100535,0.22023504972457886,-0.021856986509112275,-0.0032384192632635145,-0.09551132470369339
sample_1,1,dark,very high,swinir_jpeg_artifact_removal,SwinIR JPEG伪影去除,True,14.863935818319227,0.641818700273317,0.12472372502088547,14.733414258350678,0.5519833506087503,0.17700950801372528,-0.13052155996854964,-0.08983534966456674,-0.05228578299283981
sample_1,1,dark,very high,swinir_super_resolution,SwinIR超分辨率,True,14.863935818319227,0.641818700273317,0.12472372502088547,14.858803552057854,0.5617992197553776,0.21537289023399353,-0.00513226626137353,-0.08001948051793939,-0.09064916521310806
sample_1,1,dark,very high,restormer_motion_deblurring,Restormer运动去模糊,True,14.863935818319227,0.641818700273317,0.12472372502088547,14.859677926032568,0.6319940904229657,0.12579955160617828,-0.004257892286659626,-0.009824609850351274,-0.0010758265852928162
sample_1,1,dark,very high,restormer_defocus_deblurring,Restormer散焦去模糊,True,14.863935818319227,0.641818700273317,0.12472372502088547,14.954163444236588,0.7003371339137971,0.14807890355587006,0.09022762591736111,0.05851843364048015,-0.02335517853498459
sample_1,1,dark,very high,restormer_deraining,Restormer去雨,True,14.863935818319227,0.641818700273317,0.12472372502088547,14.58335536190943,0.5559230055918598,0.16297647356987,-0.28058045640979756,-0.08589569468145719,-0.03825274854898453
sample_1,1,dark,very high,xrestormer_motion_deblurring,XRestormer运动去模糊,True,14.863935818319227,0.641818700273317,0.12472372502088547,14.358994271552207,0.5405616985854214,0.2966189682483673,-0.5049415467670197,-0.10125700168789564,-0.17189524322748184
sample_1,1,dark,very high,xrestormer_deraining,XRestormer去雨,True,14.863935818319227,0.641818700273317,0.12472372502088547,14.822608684396247,0.564063291391531,0.16512557864189148,-0.04132713392298015,-0.077755408881786,-0.04040185362100601
sample_1,1,dark,very high,mprnet_denoising,MPRNet去噪,True,14.863935818319227,0.641818700273317,0.12472372502088547,14.800229602572973,0.6154530062535287,0.1827390491962433,-0.06370621574625446,-0.026365694019788277,-0.05801532417535782
sample_1,1,dark,very high,mprnet_motion_deblurring,MPRNet运动去模糊,True,14.863935818319227,0.641818700273317,0.12472372502088547,14.838403829059025,0.6345520624071238,0.12438275665044785,-0.025531989260201726,-0.007266637866193193,0.00034096837043762207
sample_1,1,dark,very high,mprnet_deraining,MPRNet去雨,True,14.863935818319227,0.641818700273317,0.12472372502088547,14.892239119864383,0.5731995943815535,0.15876471996307373,0.028303301545156145,-0.06861910589176345,-0.03404099494218826
sample_1,1,dark,very high,fbcnn_jpeg_artifact_removal,FBCNN JPEG伪影去除,True,14.863935818319227,0.641818700273317,0.12472372502088547,14.868368712679361,0.6070762181863582,0.1304435133934021,0.004432894360133943,-0.03474248208695885,-0.005719788372516632
sample_1,1,dark,very high,drbnet_defocus_deblurring,DRBNet散焦去模糊,True,14.863935818319227,0.641818700273317,0.12472372502088547,15.292085727152573,0.7351299528291553,0.11875606328248978,0.4281499088333458,0.09331125255583828,0.005967661738395691
sample_1,1,dark,very high,dehazeformer_dehaze,DehazeFormer去雾,True,14.863935818319227,0.641818700273317,0.12472372502088547,13.830271236364453,0.49703890509948234,0.17928354442119598,-1.033664581954774,-0.14477979517383466,-0.054559819400310516
sample_22,22,low resolution,medium,swinir_denoising,SwinIR去噪,True,63.03760429978511,0.9999425445565677,2.9798251489410177e-05,48.32503836835124,0.9985197506667322,0.002355012809857726,-14.712565931433872,-0.0014227938898355719,-0.002325214558368316
sample_22,22,low resolution,medium,swinir_jpeg_artifact_removal,SwinIR JPEG伪影去除,True,63.03760429978511,0.9999425445565677,2.9798251489410177e-05,43.491174845156905,0.9966878024858911,0.002715343376621604,-19.546429454628203,-0.003254742070676664,-0.002685545125132194
sample_22,22,low resolution,medium,swinir_super_resolution,SwinIR超分辨率,True,63.03760429978511,0.9999425445565677,2.9798251489410177e-05,35.16357718203091,0.9873027813354835,0.03034275770187378,-27.874027117754196,-0.012639763221084177,-0.03031295945038437
sample_22,22,low resolution,medium,restormer_motion_deblurring,Restormer运动去模糊,True,63.03760429978511,0.9999425445565677,2.9798251489410177e-05,37.086873496330874,0.9915863081149924,0.004915459081530571,-25.950730803454235,-0.008356236441575349,-0.004885660830041161
sample_22,22,low resolution,medium,restormer_defocus_deblurring,Restormer散焦去模糊,True,63.03760429978511,0.9999425445565677,2.9798251489410177e-05,30.530881208888708,0.96899954410239,0.013751616701483727,-32.5067230908964,-0.03094300045417775,-0.013721818449994316
sample_22,22,low resolution,medium,restormer_deraining,Restormer去雨,True,63.03760429978511,0.9999425445565677,2.9798251489410177e-05,34.44459973807497,0.9768281629910324,0.00437340559437871,-28.59300456171014,-0.023114381565535358,-0.0043436073428893
sample_22,22,low resolution,medium,xrestormer_motion_deblurring,XRestormer运动去模糊,True,63.03760429978511,0.9999425445565677,2.9798251489410177e-05,29.27924657332121,0.954965983119354,0.05297790840268135,-33.7583577264639,-0.044976561437213736,-0.05294811015119194
sample_22,22,low resolution,medium,xrestormer_deraining,XRestormer去雨,True,63.03760429978511,0.9999425445565677,2.9798251489410177e-05,19.732296433903876,0.0626347830556621,0.06769999116659164,-43.30530786588123,-0.9373077615009057,-0.06767019291510223
sample_22,22,low resolution,medium,mprnet_denoising,MPRNet去噪,True,63.03760429978511,0.9999425445565677,2.9798251489410177e-05,42.70327651596804,0.9964256786913713,0.007309517357498407,-20.334327783817066,-0.0035168658651963947,-0.007279719106008997
sample_22,22,low resolution,medium,mprnet_motion_deblurring,MPRNet运动去模糊,True,63.03760429978511,0.9999425445565677,2.9798251489410177e-05,41.216562033816864,0.9948068705675119,0.0035275346599519253,-21.821042265968245,-0.005135673989055789,-0.003497736408462515
sample_22,22,low resolution,medium,mprnet_deraining,MPRNet去雨,True,63.03760429978511,0.9999425445565677,2.9798251489410177e-05,53.68363966349988,0.9992207245140025,0.0002879729145206511,-9.353964636285227,-0.0007218200425652688,-0.0002581746630312409
sample_22,22,low resolution,medium,fbcnn_jpeg_artifact_removal,FBCNN JPEG伪影去除,True,63.03760429978511,0.9999425445565677,2.9798251489410177e-05,43.63830669887723,0.9941734299917945,0.0024095855187624693,-19.39929760090788,-0.005769114564773248,-0.002379787267273059
sample_22,22,low resolution,medium,drbnet_defocus_deblurring,DRBNet散焦去模糊,True,63.03760429978511,0.9999425445565677,2.9798251489410177e-05,36.15886768096551,0.987548060915134,0.015621270053088665,-26.8787366188196,-0.012394483641433696,-0.015591471801599255
sample_22,22,low resolution,medium,dehazeformer_dehaze,DehazeFormer去雾,True,63.03760429978511,0.9999425445565677,2.9798251489410177e-05,20.322331513996993,0.18585646704564776,0.04220430925488472,-42.715272785788116,-0.81408607751092,-0.04217451100339531
sample_26,26,low resolution,low,swinir_denoising,SwinIR去噪,True,58.075944628898796,0.9984006959629111,0.0001834600407164544,42.673214316569464,0.9730998163016427,0.05340827256441116,-15.402730312329332,-0.025300879661268483,-0.05322481252369471
sample_26,26,low resolution,low,swinir_jpeg_artifact_removal,SwinIR JPEG伪影去除,True,58.075944628898796,0.9984006959629111,0.0001834600407164544,45.91483182317412,0.9829972525637114,0.022424135357141495,-12.161112805724677,-0.015403443399199745,-0.02224067531642504
sample_26,26,low resolution,low,swinir_super_resolution,SwinIR超分辨率,True,58.075944628898796,0.9984006959629111,0.0001834600407164544,45.703374335697674,0.982272639149366,0.012410708703100681,-12.372570293201122,-0.016128056813545122,-0.012227248662384227
sample_26,26,low resolution,low,restormer_motion_deblurring,Restormer运动去模糊,True,58.075944628898796,0.9984006959629111,0.0001834600407164544,51.14130804022744,0.9954000143145008,0.007581901736557484,-6.934636588671353,-0.003000681648410386,-0.007398441695841029
sample_26,26,low resolution,low,restormer_defocus_deblurring,Restormer散焦去模糊,True,58.075944628898796,0.9984006959629111,0.0001834600407164544,34.63537606451184,0.9904082683099488,0.013980194926261902,-23.440568564386957,-0.007992427652962375,-0.013796734885545447
sample_26,26,low resolution,low,restormer_deraining,Restormer去雨,True,58.075944628898796,0.9984006959629111,0.0001834600407164544,53.614688077689635,0.9964862956536976,0.0033282791264355183,-4.461256551209161,-0.0019144003092135264,-0.003144819085719064
sample_26,26,low resolution,low,xrestormer_motion_deblurring,XRestormer运动去模糊,True,58.075944628898796,0.9984006959629111,0.0001834600407164544,47.38627574823765,0.9849416330504516,0.05981391668319702,-10.689668880661145,-0.013459062912459574,-0.05963045664248057
sample_26,26,low resolution,low,xrestormer_deraining,XRestormer去雨,True,58.075944628898796,0.9984006959629111,0.0001834600407164544,42.9874713593188,0.995599724464304,0.0049825748428702354,-15.088473269579993,-0.002800971498607141,-0.004799114802153781
sample_26,26,low resolution,low,mprnet_denoising,MPRNet去噪,True,58.075944628898796,0.9984006959629111,0.0001834600407164544,49.98221040292982,0.9903438299136091,0.011574536561965942,-8.093734225968973,-0.008056866049302003,-0.011391076521249488
sample_26,26,low resolution,low,mprnet_motion_deblurring,MPRNet运动去模糊,True,58.075944628898796,0.9984006959629111,0.0001834600407164544,48.874667685160176,0.9918249959930202,0.014881305396556854,-9.20127694373862,-0.006575699969890936,-0.0146978453558404
sample_26,26,low resolution,low,mprnet_deraining,MPRNet去雨,True,58.075944628898796,0.9984006959629111,0.0001834600407164544,48.1656003180002,0.9936467377717507,0.008826508186757565,-9.910344310898594,-0.004753958191160423,-0.00864304814604111
sample_26,26,low resolution,low,fbcnn_jpeg_artifact_removal,FBCNN JPEG伪影去除,True,58.075944628898796,0.9984006959629111,0.0001834600407164544,51.00523393951345,0.9921245040172136,0.003217261517420411,-7.0707106893853435,-0.006276191945697507,-0.0030338014767039567
sample_26,26,low resolution,low,drbnet_defocus_deblurring,DRBNet散焦去模糊,True,58.075944628898796,0.9984006959629111,0.0001834600407164544,40.16353844956154,0.9837097840103709,0.02678598463535309,-17.912406179337253,-0.014690911952540242,-0.026602524594636634
sample_26,26,low resolution,low,dehazeformer_dehaze,DehazeFormer去雾,True,58.075944628898796,0.9984006959629111,0.0001834600407164544,21.020846034662192,0.9445555940423479,0.14972612261772156,-37.055098594236604,-0.05384510192056324,-0.1495426625770051
sample_17,17,defocus blur,low,swinir_denoising,SwinIR去噪,True,25.177837750730937,0.8396128429775542,0.2208833396434784,24.64114724835669,0.7745969854789109,0.2541252374649048,-0.536690502374249,-0.06501585749864336,-0.03324189782142639
sample_17,17,defocus blur,low,swinir_jpeg_artifact_removal,SwinIR JPEG伪影去除,True,25.177837750730937,0.8396128429775542,0.2208833396434784,25.010834920853597,0.8009943365141096,0.22941403090953827,-0.16700282987734028,-0.03861850646344467,-0.008530691266059875
sample_17,17,defocus blur,low,swinir_super_resolution,SwinIR超分辨率,True,25.177837750730937,0.8396128429775542,0.2208833396434784,24.172158506206017,0.7737398327728641,0.21866680681705475,-1.00567924452492,-0.06587301020469016,0.002216532826423645
sample_17,17,defocus blur,low,restormer_motion_deblurring,Restormer运动去模糊,True,25.177837750730937,0.8396128429775542,0.2208833396434784,24.202291906396304,0.8360031723709285,0.1643967181444168,-0.9755458443346328,-0.003609670606625759,0.056486621499061584
sample_17,17,defocus blur,low,restormer_defocus_deblurring,Restormer散焦去模糊,True,25.177837750730937,0.8396128429775542,0.2208833396434784,25.89110408999478,0.9017600281178747,0.08607955276966095,0.7132663392638428,0.06214718514032047,0.13480378687381744
sample_17,17,defocus blur,low,restormer_deraining,Restormer去雨,True,25.177837750730937,0.8396128429775542,0.2208833396434784,25.199547283029663,0.8347737485928234,0.2247554361820221,0.02170953229872552,-0.0048390943847308465,-0.003872096538543701
sample_17,17,defocus blur,low,xrestormer_motion_deblurring,XRestormer运动去模糊,True,25.177837750730937,0.8396128429775542,0.2208833396434784,18.169359119676752,0.6233336695328188,0.26030105352401733,-7.008478631054185,-0.21627917344473546,-0.03941771388053894
sample_17,17,defocus blur,low,xrestormer_deraining,XRestormer去雨,True,25.177837750730937,0.8396128429775542,0.2208833396434784,25.031717912821318,0.8336966423597568,0.2275499701499939,-0.14611983790961958,-0.005916200617797407,-0.006666630506515503
sample_17,17,defocus blur,low,mprnet_denoising,MPRNet去噪,True,25.177837750730937,0.8396128429775542,0.2208833396434784,24.040956571075945,0.7907953263519714,0.2738616168498993,-1.136881179654992,-0.04881751662558287,-0.0529782772064209
sample_17,17,defocus blur,low,mprnet_motion_deblurring,MPRNet运动去模糊,True,25.177837750730937,0.8396128429775542,0.2208833396434784,25.470751308480295,0.8581742899728879,0.16849130392074585,0.29291355774935823,0.018561446995333686,0.052392035722732544
sample_17,17,defocus blur,low,mprnet_deraining,MPRNet去雨,True,25.177837750730937,0.8396128429775542,0.2208833396434784,25.08248005112287,0.8314239455498246,0.22282837331295013,-0.09535769960806562,-0.008188897427729658,-0.0019450336694717407
sample_17,17,defocus blur,low,fbcnn_jpeg_artifact_removal,FBCNN JPEG伪影去除,True,25.177837750730937,0.8396128429775542,0.2208833396434784,25.29114963621666,0.8369089359333768,0.22352656722068787,0.11331188548572158,-0.002703907044177445,-0.0026432275772094727
sample_17,17,defocus blur,low,drbnet_defocus_deblurring,DRBNet散焦去模糊,True,25.177837750730937,0.8396128429775542,0.2208833396434784,26.15715013465153,0.9011322998007785,0.093193419277668,0.9793123839205933,0.06151945682322424,0.1276899203658104
sample_17,17,defocus blur,low,dehazeformer_dehaze,DehazeFormer去雾,True,25.177837750730937,0.8396128429775542,0.2208833396434784,24.156203488068975,0.841843798275408,0.2204418033361435,-1.0216342626619621,0.002230955297853776,0.0004415363073348999
sample_29,29,low resolution,very high,swinir_denoising,SwinIR去噪,True,49.30905719694701,0.9981891081769539,0.001103733666241169,33.62234113817132,0.939884028920312,0.06561106443405151,-15.686716058775687,-0.05830507925664197,-0.06450733076781034
sample_29,29,low resolution,very high,swinir_jpeg_artifact_removal,SwinIR JPEG伪影去除,True,49.30905719694701,0.9981891081769539,0.001103733666241169,33.152096722076266,0.9438025025413054,0.0368550680577755,-16.156960474870743,-0.054386605635648566,-0.03575133439153433
sample_29,29,low resolution,very high,swinir_super_resolution,SwinIR超分辨率,True,49.30905719694701,0.9981891081769539,0.001103733666241169,32.44486958192442,0.9044316134568194,0.07783137261867523,-16.864187615022587,-0.0937574947201345,-0.07672763895243406
sample_29,29,low resolution,very high,restormer_motion_deblurring,Restormer运动去模糊,True,49.30905719694701,0.9981891081769539,0.001103733666241169,42.15863180857034,0.9956854598753607,0.0008871305617503822,-7.150425388376668,-0.00250364830159322,0.0002166031044907868
sample_29,29,low resolution,very high,restormer_defocus_deblurring,Restormer散焦去模糊,True,49.30905719694701,0.9981891081769539,0.001103733666241169,27.96128699753329,0.9413185305581143,0.01190453302115202,-21.34777019941372,-0.056870577618839624,-0.01080079935491085
sample_29,29,low resolution,very high,restormer_deraining,Restormer去雨,True,49.30905719694701,0.9981891081769539,0.001103733666241169,43.62277812179993,0.9927209849466404,0.0077537670731544495,-5.686279075147077,-0.005468123230313537,-0.0066500334069132805
sample_29,29,low resolution,very high,xrestormer_motion_deblurring,XRestormer运动去模糊,True,49.30905719694701,0.9981891081769539,0.001103733666241169,20.325673420459324,0.7423187671483159,0.25969845056533813,-28.983383776487685,-0.25587034102863804,-0.25859471689909697
sample_29,29,low resolution,very high,xrestormer_deraining,XRestormer去雨,True,49.30905719694701,0.9981891081769539,0.001103733666241169,36.30467747136976,0.976438524062257,0.007037046365439892,-13.004379725577252,-0.02175058411469699,-0.005933312699198723
sample_29,29,low resolution,very high,mprnet_denoising,MPRNet去噪,True,49.30905719694701,0.9981891081769539,0.001103733666241169,35.416395924490544,0.9646013743651333,0.037687379866838455,-13.892661272456465,-0.033587733811820675,-0.036583646200597286
sample_29,29,low resolution,very high,mprnet_motion_deblurring,MPRNet运动去模糊,True,49.30905719694701,0.9981891081769539,0.001103733666241169,39.23037312019646,0.9911664227577296,0.0018645194359123707,-10.078684076750548,-0.00702268541922435,-0.0007607857696712017
sample_29,29,low resolution,very high,mprnet_deraining,MPRNet去雨,True,49.30905719694701,0.9981891081769539,0.001103733666241169,37.333643430539475,0.9742266624804511,0.01519795786589384,-11.975413766407534,-0.023962445696502854,-0.014094224199652672
sample_29,29,low resolution,very high,fbcnn_jpeg_artifact_removal,FBCNN JPEG伪影去除,True,49.30905719694701,0.9981891081769539,0.001103733666241169,39.53650468892811,0.9819400207891363,0.0053055742755532265,-9.772552508018897,-0.016249087387817607,-0.0042018406093120575
sample_29,29,low resolution,very high,drbnet_defocus_deblurring,DRBNet散焦去模糊,True,49.30905719694701,0.9981891081769539,0.001103733666241169,37.39822443518074,0.9874321725426788,0.004436344373971224,-11.910832761766272,-0.010756935634275155,-0.003332610707730055
sample_29,29,low resolution,very high,dehazeformer_dehaze,DehazeFormer去雾,True,49.30905719694701,0.9981891081769539,0.001103733666241169,28.220483291713435,0.9626709054253304,0.010579598136246204,-21.088573905233574,-0.03551820275162354,-0.009475864470005035
sample_19,19,motion blur,very high,swinir_denoising,SwinIR去噪,True,18.23993363235918,0.49237988110812747,0.4430154263973236,18.173801994504657,0.4510874490218824,0.5374284386634827,-0.06613163785452159,-0.04129243208624506,-0.09441301226615906
sample_19,19,motion blur,very high,swinir_jpeg_artifact_removal,SwinIR JPEG伪影去除,True,18.23993363235918,0.49237988110812747,0.4430154263973236,18.195204360545237,0.4718396926605101,0.4968910217285156,-0.04472927181394226,-0.020540188447617347,-0.05387559533119202
sample_19,19,motion blur,very high,swinir_super_resolution,SwinIR超分辨率,True,18.23993363235918,0.49237988110812747,0.4430154263973236,18.02825282469247,0.5140703292639168,0.4940927028656006,-0.21168080766670982,0.021690448155789355,-0.05107727646827698
sample_19,19,motion blur,very high,restormer_motion_deblurring,Restormer运动去模糊,True,18.23993363235918,0.49237988110812747,0.4430154263973236,19.058151715954573,0.48816567208846434,0.18836624920368195,0.8182180835953936,-0.004214209019663129,0.25464917719364166
sample_19,19,motion blur,very high,restormer_defocus_deblurring,Restormer散焦去模糊,True,18.23993363235918,0.49237988110812747,0.4430154263973236,18.034931785009604,0.4811896402099291,0.40295013785362244,-0.20500184734957472,-0.011190240898198367,0.04006528854370117
sample_19,19,motion blur,very high,restormer_deraining,Restormer去雨,True,18.23993363235918,0.49237988110812747,0.4430154263973236,18.197685328114794,0.479019591556663,0.4576312303543091,-0.04224830424438508,-0.013360289551464455,-0.014615803956985474
sample_19,19,motion blur,very high,xrestormer_motion_deblurring,XRestormer运动去模糊,True,18.23993363235918,0.49237988110812747,0.4430154263973236,16.517338306004433,0.41206862653262993,0.502268373966217,-1.722595326354746,-0.08031125457549754,-0.05925294756889343
sample_19,19,motion blur,very high,xrestormer_deraining,XRestormer去雨,True,18.23993363235918,0.49237988110812747,0.4430154263973236,18.14995447919095,0.4803505343035323,0.45252567529678345,-0.08997915316822969,-0.012029346804595165,-0.009510248899459839
sample_19,19,motion blur,very high,mprnet_denoising,MPRNet去噪,True,18.23993363235918,0.49237988110812747,0.4430154263973236,18.228164024570162,0.47486463014795216,0.48848021030426025,-0.01176960778901659,-0.01751525096017531,-0.045464783906936646
sample_19,19,motion blur,very high,mprnet_motion_deblurring,MPRNet运动去模糊,True,18.23993363235918,0.49237988110812747,0.4430154263973236,17.47520806484551,0.39804873747159397,0.27240854501724243,-0.7647255675136684,-0.0943311436365335,0.17060688138008118
sample_19,19,motion blur,very high,mprnet_deraining,MPRNet去雨,True,18.23993363235918,0.49237988110812747,0.4430154263973236,18.200013611577738,0.4797976729587816,0.4719570279121399,-0.03992002078144097,-0.012582208149345853,-0.028941601514816284
sample_19,19,motion blur,very high,fbcnn_jpeg_artifact_removal,FBCNN JPEG伪影去除,True,18.23993363235918,0.49237988110812747,0.4430154263973236,18.231010854119898,0.48850180203465227,0.4449998140335083,-0.008922778239281115,-0.0038780790734752046,-0.0019843876361846924
sample_19,19,motion blur,very high,drbnet_defocus_deblurring,DRBNet散焦去模糊,True,18.23993363235918,0.49237988110812747,0.4430154263973236,18.274205962154344,0.49615872793908217,0.4354742765426636,0.034272329795165035,0.0037788468309546963,0.007541149854660034
sample_19,19,motion blur,very high,dehazeformer_dehaze,DehazeFormer去雾,True,18.23993363235918,0.49237988110812747,0.4430154263973236,16.15972732403077,0.4370050649614774,0.43940573930740356,-2.0802063083284104,-0.055374816146650074,0.003609687089920044
sample_28,28,low resolution,very high,swinir_denoising,SwinIR去噪,True,50.63532677956529,0.9976400749984543,0.003369043581187725,32.57236176730695,0.8506720622026883,0.3870449960231781,-18.06296501225834,-0.146968012795766,-0.3836759524419904
sample_28,28,low resolution,very high,swinir_jpeg_artifact_removal,SwinIR JPEG伪影去除,True,50.63532677956529,0.9976400749984543,0.003369043581187725,35.62530276559824,0.9192299176805033,0.21956342458724976,-15.010024013967048,-0.07841015731795098,-0.21619438100606203
sample_28,28,low resolution,very high,swinir_super_resolution,SwinIR超分辨率,True,50.63532677956529,0.9976400749984543,0.003369043581187725,32.78968046586452,0.8785830096118228,0.16075399518013,-17.84564631370077,-0.11905706538663152,-0.15738495159894228
sample_28,28,low resolution,very high,restormer_motion_deblurring,Restormer运动去模糊,True,50.63532677956529,0.9976400749984543,0.003369043581187725,19.860168440355256,0.67758214035295,0.2966149151325226,-30.775158339210034,-0.32005793464550436,-0.29324587155133486
sample_28,28,low resolution,very high,restormer_defocus_deblurring,Restormer散焦去模糊,True,50.63532677956529,0.9976400749984543,0.003369043581187725,34.25071191347363,0.9651217666873735,0.029595114290714264,-16.38461486609166,-0.032518308311080824,-0.02622607070952654
sample_28,28,low resolution,very high,restormer_deraining,Restormer去雨,True,50.63532677956529,0.9976400749984543,0.003369043581187725,47.047996420125855,0.9939396935274315,0.018076498061418533,-3.5873303594394343,-0.0037003814710228067,-0.014707454480230808
sample_28,28,low resolution,very high,xrestormer_motion_deblurring,XRestormer运动去模糊,True,50.63532677956529,0.9976400749984543,0.003369043581187725,24.763174022206105,0.7379760065121227,0.4020547866821289,-25.872152757359185,-0.2596640684863316,-0.3986857431009412
sample_28,28,low resolution,very high,xrestormer_deraining,XRestormer去雨,True,50.63532677956529,0.9976400749984543,0.003369043581187725,45.53763611616417,0.9941266117287558,0.009869427420198917,-5.097690663401117,-0.0035134632696984802,-0.006500383839011192
sample_28,28,low resolution,very high,mprnet_denoising,MPRNet去噪,True,50.63532677956529,0.9976400749984543,0.003369043581187725,35.97853122558244,0.9369149298499192,0.15491053462028503,-14.656795553982853,-0.06072514514853511,-0.1515414910390973
sample_28,28,low resolution,very high,mprnet_motion_deblurring,MPRNet运动去模糊,True,50.63532677956529,0.9976400749984543,0.003369043581187725,34.318076597098894,0.9735695827290813,0.06925465166568756,-16.317250182466395,-0.024070492269372967,-0.06588560808449984
sample_28,28,low resolution,very high,mprnet_deraining,MPRNet去雨,True,50.63532677956529,0.9976400749984543,0.003369043581187725,41.718364902919134,0.9809261635832701,0.07777712494134903,-8.916961876646155,-0.01671391141518419,-0.0744080813601613
sample_28,28,low resolution,very high,fbcnn_jpeg_artifact_removal,FBCNN JPEG伪影去除,True,50.63532677956529,0.9976400749984543,0.003369043581187725,41.75017208307188,0.9749716179732496,0.01417181733995676,-8.885154696493409,-0.022668457025204702,-0.010802773758769035
sample_28,28,low resolution,very high,drbnet_defocus_deblurring,DRBNet散焦去模糊,True,50.63532677956529,0.9976400749984543,0.003369043581187725,37.71735659126958,0.9854561110235595,0.014273501932621002,-12.917970188295712,-0.012183963974894851,-0.010904458351433277
sample_28,28,low resolution,very high,dehazeformer_dehaze,DehazeFormer去雾,True,50.63532677956529,0.9976400749984543,0.003369043581187725,16.236477294467967,0.6556048230283001,0.23153500258922577,-34.39884948509732,-0.34203525197015416,-0.22816595900803804
sample_30,30,low resolution,high,swinir_denoising,SwinIR去噪,True,45.20773129643939,0.9972698641198954,0.0037703905254602432,29.322384150784533,0.829968385908796,0.32061874866485596,-15.885347145654858,-0.16730147821109942,-0.3168483581393957
sample_30,30,low resolution,high,swinir_jpeg_artifact_removal,SwinIR JPEG伪影去除,True,45.20773129643939,0.9972698641198954,0.0037703905254602432,31.361864635307764,0.9123835766552889,0.1716521829366684,-13.845866661131627,-0.08488628746460647,-0.16788179241120815
sample_30,30,low resolution,high,swinir_super_resolution,SwinIR超分辨率,True,45.20773129643939,0.9972698641198954,0.0037703905254602432,28.078432705114764,0.8251722910507798,0.15249642729759216,-17.129298591324627,-0.17209757306911555,-0.14872603677213192
sample_30,30,low resolution,high,restormer_motion_deblurring,Restormer运动去模糊,True,45.20773129643939,0.9972698641198954,0.0037703905254602432,40.2865737799429,0.9937283647001607,0.005298109725117683,-4.921157516496493,-0.003541499419734695,-0.0015277191996574402
sample_30,30,low resolution,high,restormer_defocus_deblurring,Restormer散焦去模糊,True,45.20773129643939,0.9972698641198954,0.0037703905254602432,27.25707901424414,0.9561670456050182,0.016759654507040977,-17.95065228219525,-0.04110281851487718,-0.012989263981580734
sample_30,30,low resolution,high,restormer_deraining,Restormer去雨,True,45.20773129643939,0.9972698641198954,0.0037703905254602432,35.8840527226227,0.9916810137600746,0.01680786721408367,-9.323678573816693,-0.005588850359820818,-0.013037476688623428
sample_30,30,low resolution,high,xrestormer_motion_deblurring,XRestormer运动去模糊,True,45.20773129643939,0.9972698641198954,0.0037703905254602432,16.755272885778872,0.5469054052131728,0.393661767244339,-28.45245841066052,-0.4503644589067226,-0.38989137671887875
sample_30,30,low resolution,high,xrestormer_deraining,XRestormer去雨,True,45.20773129643939,0.9972698641198954,0.0037703905254602432,33.27086393127368,0.9915730174672905,0.014710042625665665,-11.93686736516571,-0.005696846652604837,-0.010939652100205421
sample_30,30,low resolution,high,mprnet_denoising,MPRNet去噪,True,45.20773129643939,0.9972698641198954,0.0037703905254602432,32.03298581169792,0.939889990920479,0.10585809499025345,-13.174745484741472,-0.0573798731994164,-0.1020877044647932
sample_30,30,low resolution,high,mprnet_motion_deblurring,MPRNet运动去模糊,True,45.20773129643939,0.9972698641198954,0.0037703905254602432,39.04986678431954,0.9920743731605435,0.006176282186061144,-6.1578645121198505,-0.0051954909593519005,-0.0024058916606009007
sample_30,30,low resolution,high,mprnet_deraining,MPRNet去雨,True,45.20773129643939,0.9972698641198954,0.0037703905254602432,32.361358526513065,0.9816184558231461,0.03104504942893982,-12.846372769926326,-0.01565140829674927,-0.027274658903479576
sample_30,30,low resolution,high,fbcnn_jpeg_artifact_removal,FBCNN JPEG伪影去除,True,45.20773129643939,0.9972698641198954,0.0037703905254602432,40.83481107168311,0.9910637683197195,0.005699890665709972,-4.372920224756278,-0.006206095800175837,-0.0019295001402497292
sample_30,30,low resolution,high,drbnet_defocus_deblurring,DRBNet散焦去模糊,True,45.20773129643939,0.9972698641198954,0.0037703905254602432,35.42769197375619,0.9851152117173264,0.009978118352591991,-9.780039322683201,-0.012154652402568966,-0.006207727827131748
sample_30,30,low resolution,high,dehazeformer_dehaze,DehazeFormer去雾,True,45.20773129643939,0.9972698641198954,0.0037703905254602432,15.55436726593962,0.8384367022368305,0.095204658806324,-29.653364030499773,-0.15883316188306484,-0.09143426828086376
sample_21,21,rain,high,swinir_denoising,SwinIR去噪,True,18.661123156565,0.5353394289515044,0.4952375292778015,18.76634499776907,0.49430119524908017,0.5203301906585693,0.10522184120407019,-0.041038233702424265,-0.025092661380767822
sample_21,21,rain,high,swinir_jpeg_artifact_removal,SwinIR JPEG伪影去除,True,18.661123156565,0.5353394289515044,0.4952375292778015,18.465573107823225,0.5040117216696977,0.5128266215324402,-0.19555004874177584,-0.03132770728180678,-0.017589092254638672
sample_21,21,rain,high,swinir_super_resolution,SwinIR超分辨率,True,18.661123156565,0.5353394289515044,0.4952375292778015,16.287743354037293,0.6194464837605757,0.6264968514442444,-2.373379802527708,0.08410705480907121,-0.13125932216644287
sample_21,21,rain,high,restormer_motion_deblurring,Restormer运动去模糊,True,18.661123156565,0.5353394289515044,0.4952375292778015,18.666619033843904,0.5347327168540305,0.49636924266815186,0.005495877278903549,-0.0006067120974739826,-0.0011317133903503418
sample_21,21,rain,high,restormer_defocus_deblurring,Restormer散焦去模糊,True,18.661123156565,0.5353394289515044,0.4952375292778015,17.559510747962648,0.5114319429522775,0.5042694211006165,-1.101612408602353,-0.023907485999226985,-0.009031891822814941
sample_21,21,rain,high,restormer_deraining,Restormer去雨,True,18.661123156565,0.5353394289515044,0.4952375292778015,36.201630446045925,0.9480007680296566,0.09676116704940796,17.540507289480924,0.41266133907815217,0.39847636222839355
sample_21,21,rain,high,xrestormer_motion_deblurring,XRestormer运动去模糊,True,18.661123156565,0.5353394289515044,0.4952375292778015,13.149456932268421,0.2798647940895473,0.6044605374336243,-5.5116662242965795,-0.25547463486195715,-0.10922300815582275
sample_21,21,rain,high,xrestormer_deraining,XRestormer去雨,True,18.661123156565,0.5353394289515044,0.4952375292778015,30.655833447968142,0.8294019603449355,0.2641925513744354,11.994710291403141,0.2940625313934311,0.2310449779033661
sample_21,21,rain,high,mprnet_denoising,MPRNet去噪,True,18.661123156565,0.5353394289515044,0.4952375292778015,19.022134669947608,0.5281762500984719,0.5065756440162659,0.36101151338260706,-0.007163178853032526,-0.011338114738464355
sample_21,21,rain,high,mprnet_motion_deblurring,MPRNet运动去模糊,True,18.661123156565,0.5353394289515044,0.4952375292778015,18.53793557189955,0.5320479316840855,0.4979109764099121,-0.12318758466545177,-0.0032914972674189524,-0.0026734471321105957
sample_21,21,rain,high,mprnet_deraining,MPRNet去雨,True,18.661123156565,0.5353394289515044,0.4952375292778015,25.01017464320492,0.7876102278412471,0.31453394889831543,6.349051486639919,0.2522707988897427,0.18070358037948608
sample_21,21,rain,high,fbcnn_jpeg_artifact_removal,FBCNN JPEG伪影去除,True,18.661123156565,0.5353394289515044,0.4952375292778015,18.651704958799638,0.5299953651876811,0.4953070878982544,-0.009418197765363345,-0.005344063763823348,-6.955862045288086e-05
sample_21,21,rain,high,drbnet_defocus_deblurring,DRBNet散焦去模糊,True,18.661123156565,0.5353394289515044,0.4952375292778015,19.266754606965865,0.5455488680075246,0.49715179204940796,0.605631450400864,0.01020943905602012,-0.0019142627716064453
sample_21,21,rain,high,dehazeformer_dehaze,DehazeFormer去雾,True,18.661123156565,0.5353394289515044,0.4952375292778015,16.74248193781427,0.3784576899114363,0.5248942375183105,-1.9186412187507322,-0.15688173904006814,-0.029656708240509033
sample_20,20,rain,medium,swinir_denoising,SwinIR去噪,True,20.709602541473096,0.8129549893419816,0.3394366502761841,20.302098166451753,0.7254733935926546,0.43181002140045166,-0.4075043750213432,-0.08748159574932701,-0.09237337112426758
sample_20,20,rain,medium,swinir_jpeg_artifact_removal,SwinIR JPEG伪影去除,True,20.709602541473096,0.8129549893419816,0.3394366502761841,19.74793120824282,0.7292053746586569,0.4191488027572632,-0.9616713332302744,-0.08374961468332476,-0.0797121524810791
sample_20,20,rain,medium,swinir_super_resolution,SwinIR超分辨率,True,20.709602541473096,0.8129549893419816,0.3394366502761841,19.286302609942076,0.7604371182205032,0.3678203821182251,-1.4232999315310195,-0.05251787112147843,-0.028383731842041016
sample_20,20,rain,medium,restormer_motion_deblurring,Restormer运动去模糊,True,20.709602541473096,0.8129549893419816,0.3394366502761841,20.627547512451542,0.8136425931595874,0.3305663764476776,-0.0820550290215536,0.0006876038176057975,0.00887027382850647
sample_20,20,rain,medium,restormer_defocus_deblurring,Restormer散焦去模糊,True,20.709602541473096,0.8129549893419816,0.3394366502761841,18.709543128150706,0.7354699850153473,0.32665473222732544,-2.00005941332239,-0.0774850043266343,0.012781918048858643
sample_20,20,rain,medium,restormer_deraining,Restormer去雨,True,20.709602541473096,0.8129549893419816,0.3394366502761841,30.622823235706804,0.9502640684424272,0.051977336406707764,9.913220694233708,0.13730907910044554,0.2874593138694763
sample_20,20,rain,medium,xrestormer_motion_deblurring,XRestormer运动去模糊,True,20.709602541473096,0.8129549893419816,0.3394366502761841,12.50328859639904,0.3700210092993599,0.6330842971801758,-8.206313945074056,-0.44293398004262174,-0.2936476469039917
sample_20,20,rain,medium,xrestormer_deraining,XRestormer去雨,True,20.709602541473096,0.8129549893419816,0.3394366502761841,29.97123231552208,0.9490431549732858,0.051148660480976105,9.261629774048984,0.13608816563130421,0.288287989795208
sample_20,20,rain,medium,mprnet_denoising,MPRNet去噪,True,20.709602541473096,0.8129549893419816,0.3394366502761841,20.307516326911067,0.7465808215569888,0.4399583637714386,-0.4020862145620292,-0.06637416778499283,-0.10052171349525452
sample_20,20,rain,medium,mprnet_motion_deblurring,MPRNet运动去模糊,True,20.709602541473096,0.8129549893419816,0.3394366502761841,20.00927702402649,0.7945181613127469,0.33442065119743347,-0.7003255174466076,-0.018436828029234742,0.00501599907875061
sample_20,20,rain,medium,mprnet_deraining,MPRNet去雨,True,20.709602541473096,0.8129549893419816,0.3394366502761841,27.828911335130073,0.9297020702350157,0.08547600358724594,7.119308793656977,0.1167470808930341,0.25396064668893814
sample_20,20,rain,medium,fbcnn_jpeg_artifact_removal,FBCNN JPEG伪影去除,True,20.709602541473096,0.8129549893419816,0.3394366502761841,20.664040491111756,0.8102146271029932,0.3368867039680481,-0.04556205036134031,-0.0027403622389884363,0.0025499463081359863
sample_20,20,rain,medium,drbnet_defocus_deblurring,DRBNet散焦去模糊,True,20.709602541473096,0.8129549893419816,0.3394366502761841,21.257709599571953,0.8058654852253135,0.3581545352935791,0.5481070580988572,-0.007089504116668088,-0.01871788501739502
sample_20,20,rain,medium,dehazeformer_dehaze,DehazeFormer去雾,True,20.709602541473096,0.8129549893419816,0.3394366502761841,19.327080580366204,0.7709658292085656,0.3606315851211548,-1.3825219611068924,-0.041989160133416026,-0.021194934844970703
sample_16,16,noise,high,swinir_denoising,SwinIR去噪,True,18.739187782084382,0.3538976393447657,0.5043006539344788,28.300184196868784,0.7614317438157839,0.11233608424663544,9.560996414784402,0.40753410447101823,0.3919645696878433
sample_16,16,noise,high,swinir_jpeg_artifact_removal,SwinIR JPEG伪影去除,True,18.739187782084382,0.3538976393447657,0.5043006539344788,19.882636867409154,0.46211618770775065,0.3139602243900299,1.1434490853247716,0.10821854836298495,0.19034042954444885
sample_16,16,noise,high,swinir_super_resolution,SwinIR超分辨率,True,18.739187782084382,0.3538976393447657,0.5043006539344788,21.02454458280178,0.709718472488413,0.4605243504047394,2.2853568007173983,0.3558208331436473,0.04377630352973938
sample_16,16,noise,high,restormer_motion_deblurring,Restormer运动去模糊,True,18.739187782084382,0.3538976393447657,0.5043006539344788,18.545062054187266,0.3608573537388242,0.5254155993461609,-0.19412572789711646,0.006959714394058514,-0.02111494541168213
sample_16,16,noise,high,restormer_defocus_deblurring,Restormer散焦去模糊,True,18.739187782084382,0.3538976393447657,0.5043006539344788,20.660677812317466,0.41907479131829667,0.47602003812789917,1.921490030233084,0.06517715197353097,0.02828061580657959
sample_16,16,noise,high,restormer_deraining,Restormer去雨,True,18.739187782084382,0.3538976393447657,0.5043006539344788,18.600184909213727,0.3736651255186772,0.602740466594696,-0.13900287287065538,0.019767486173911497,-0.09843981266021729
sample_16,16,noise,high,xrestormer_motion_deblurring,XRestormer运动去模糊,True,18.739187782084382,0.3538976393447657,0.5043006539344788,14.299132807347132,0.22611905638363586,0.5340334177017212,-4.440054974737251,-0.12777858296112984,-0.02973276376724243
sample_16,16,noise,high,xrestormer_deraining,XRestormer去雨,True,18.739187782084382,0.3538976393447657,0.5043006539344788,19.601843594255918,0.4208473899365135,0.6166428327560425,0.8626558121715355,0.06694975059174779,-0.11234217882156372
sample_16,16,noise,high,mprnet_denoising,MPRNet去噪,True,18.739187782084382,0.3538976393447657,0.5043006539344788,24.803320635407395,0.7997584819449645,0.2589021921157837,6.064132853323013,0.44586084260019876,0.24539846181869507
sample_16,16,noise,high,mprnet_motion_deblurring,MPRNet运动去模糊,True,18.739187782084382,0.3538976393447657,0.5043006539344788,3.5242046049157616,0.011152935348408178,1.020559310913086,-15.214983177168621,-0.34274470399635754,-0.5162586569786072
sample_16,16,noise,high,mprnet_deraining,MPRNet去雨,True,18.739187782084382,0.3538976393447657,0.5043006539344788,20.36375563399183,0.41701379096902724,0.5194441080093384,1.6245678519074467,0.06311615162426154,-0.01514345407485962
sample_16,16,noise,high,fbcnn_jpeg_artifact_removal,FBCNN JPEG伪影去除,True,18.739187782084382,0.3538976393447657,0.5043006539344788,21.267174068977333,0.4393687666747759,0.5648384094238281,2.5279862868929506,0.08547112733001022,-0.060537755489349365
sample_16,16,noise,high,drbnet_defocus_deblurring,DRBNet散焦去模糊,True,18.739187782084382,0.3538976393447657,0.5043006539344788,22.771189585564493,0.4847131082144744,0.41650164127349854,4.03200180348011,0.13081546886970868,0.08779901266098022
sample_16,16,noise,high,dehazeformer_dehaze,DehazeFormer去雾,True,18.739187782084382,0.3538976393447657,0.5043006539344788,13.410860507934487,0.3160283361897749,0.6998763084411621,-5.3283272741498955,-0.03786930315499082,-0.19557565450668335
sample_23,23,motion blur,low,swinir_denoising,SwinIR去噪,True,29.783217201605886,0.9505101906069343,0.10391783714294434,29.268246024952845,0.91210358751696,0.1978113353252411,-0.5149711766530416,-0.038406603089974345,-0.09389349818229675
sample_23,23,motion blur,low,swinir_jpeg_artifact_removal,SwinIR JPEG伪影去除,True,29.783217201605886,0.9505101906069343,0.10391783714294434,29.324905593933405,0.9197489136970532,0.1933346539735794,-0.45831160767248136,-0.030761276909881063,-0.08941681683063507
sample_23,23,motion blur,low,swinir_super_resolution,SwinIR超分辨率,True,29.783217201605886,0.9505101906069343,0.10391783714294434,29.345427698933918,0.9314113640855747,0.12206961959600449,-0.4377895026719685,-0.019098826521359635,-0.01815178245306015
sample_23,23,motion blur,low,restormer_motion_deblurring,Restormer运动去模糊,True,29.783217201605886,0.9505101906069343,0.10391783714294434,31.02121908278545,0.9573233516060867,0.08091097325086594,1.2380018811795637,0.006813160999152412,0.0230068638920784
sample_23,23,motion blur,low,restormer_defocus_deblurring,Restormer散焦去模糊,True,29.783217201605886,0.9505101906069343,0.10391783714294434,27.227287921808138,0.9205826583816524,0.09408166259527206,-2.5559292797977484,-0.029927532225281883,0.009836174547672272
sample_23,23,motion blur,low,restormer_deraining,Restormer去雨,True,29.783217201605886,0.9505101906069343,0.10391783714294434,29.71662084942452,0.9374020692285927,0.18399938941001892,-0.06659635218136728,-0.013108121378341608,-0.08008155226707458
sample_23,23,motion blur,low,xrestormer_motion_deblurring,XRestormer运动去模糊,True,29.783217201605886,0.9505101906069343,0.10391783714294434,25.678127030664797,0.9142799843196006,0.13028185069561005,-4.105090170941089,-0.036230206287333755,-0.02636401355266571
sample_23,23,motion blur,low,xrestormer_deraining,XRestormer去雨,True,29.783217201605886,0.9505101906069343,0.10391783714294434,23.278474513400624,0.9135718587042302,0.23628559708595276,-6.504742688205262,-0.036938331902704125,-0.13236775994300842
sample_23,23,motion blur,low,mprnet_denoising,MPRNet去噪,True,29.783217201605886,0.9505101906069343,0.10391783714294434,29.347026507918514,0.9325581236570645,0.198787659406662,-0.4361906936873723,-0.017952066949869838,-0.09486982226371765
sample_23,23,motion blur,low,mprnet_motion_deblurring,MPRNet运动去模糊,True,29.783217201605886,0.9505101906069343,0.10391783714294434,31.075898360912575,0.9583155044013258,0.06411236524581909,1.2926811593066887,0.007805313794391533,0.039805471897125244
sample_23,23,motion blur,low,mprnet_deraining,MPRNet去雨,True,29.783217201605886,0.9505101906069343,0.10391783714294434,29.679072118230376,0.9402334238059401,0.17276136577129364,-0.10414508337550998,-0.010276766800994208,-0.0688435286283493
sample_23,23,motion blur,low,fbcnn_jpeg_artifact_removal,FBCNN JPEG伪影去除,True,29.783217201605886,0.9505101906069343,0.10391783714294434,29.725596630048287,0.9424944864083505,0.14080794155597687,-0.057620571557599476,-0.008015704198583773,-0.03689010441303253
sample_23,23,motion blur,low,drbnet_defocus_deblurring,DRBNet散焦去模糊,True,29.783217201605886,0.9505101906069343,0.10391783714294434,28.939871891649727,0.9407449126951448,0.05373714491724968,-0.8433453099561596,-0.009765277911789494,0.050180692225694656
sample_23,23,motion blur,low,dehazeformer_dehaze,DehazeFormer去雾,True,29.783217201605886,0.9505101906069343,0.10391783714294434,21.052929940499116,0.9305068772057585,0.13286539912223816,-8.73028726110677,-0.020003313401175782,-0.028947561979293823
sample_25,25,jpeg compression artifact,low,swinir_denoising,SwinIR去噪,True,31.176323198918965,0.9050891424007673,0.05765075236558914,31.28468213865066,0.8884997231172576,0.14985358715057373,0.10835893973169419,-0.016589419283509765,-0.09220283478498459
sample_25,25,jpeg compression artifact,low,swinir_jpeg_artifact_removal,SwinIR JPEG伪影去除,True,31.176323198918965,0.9050891424007673,0.05765075236558914,34.570427297540235,0.9496560968941044,0.062402285635471344,3.39410409862127,0.04456695449333703,-0.004751533269882202
sample_25,25,jpeg compression artifact,low,swinir_super_resolution,SwinIR超分辨率,True,31.176323198918965,0.9050891424007673,0.05765075236558914,30.05319146334442,0.8787334563138506,0.1329900622367859,-1.123131735574546,-0.02635568608691674,-0.07533930987119675
sample_25,25,jpeg compression artifact,low,restormer_motion_deblurring,Restormer运动去模糊,True,31.176323198918965,0.9050891424007673,0.05765075236558914,30.235315232456557,0.8940550493128655,0.06796517968177795,-0.9410079664624078,-0.01103409308790182,-0.010314427316188812
sample_25,25,jpeg compression artifact,low,restormer_defocus_deblurring,Restormer散焦去模糊,True,31.176323198918965,0.9050891424007673,0.05765075236558914,26.07990977246796,0.8684208826052916,0.10344627499580383,-5.096413426451004,-0.03666825979547572,-0.04579552263021469
sample_25,25,jpeg compression artifact,low,restormer_deraining,Restormer去雨,True,31.176323198918965,0.9050891424007673,0.05765075236558914,31.3653901591077,0.9104451502593056,0.05613765865564346,0.18906696018873603,0.005356007858538292,0.0015130937099456787
sample_25,25,jpeg compression artifact,low,xrestormer_motion_deblurring,XRestormer运动去模糊,True,31.176323198918965,0.9050891424007673,0.05765075236558914,21.153419730536807,0.6880962091060848,0.2484363168478012,-10.022903468382157,-0.2169929332946825,-0.19078556448221207
sample_25,25,jpeg compression artifact,low,xrestormer_deraining,XRestormer去雨,True,31.176323198918965,0.9050891424007673,0.05765075236558914,31.370185825098428,0.9111434005635893,0.05524811893701553,0.19386262617946315,0.006054258162822013,0.0024026334285736084
sample_25,25,jpeg compression artifact,low,mprnet_denoising,MPRNet去噪,True,31.176323198918965,0.9050891424007673,0.05765075236558914,31.056375557641864,0.915977841170442,0.09744245558977127,-0.11994764127710056,0.010888698769674687,-0.03979170322418213
sample_25,25,jpeg compression artifact,low,mprnet_motion_deblurring,MPRNet运动去模糊,True,31.176323198918965,0.9050891424007673,0.05765075236558914,30.952376559856425,0.8996314461356829,0.06579231470823288,-0.22394663906253953,-0.005457696265084411,-0.008141562342643738
sample_25,25,jpeg compression artifact,low,mprnet_deraining,MPRNet去雨,True,31.176323198918965,0.9050891424007673,0.05765075236558914,30.898245712567242,0.9088628188332484,0.07374998927116394,-0.278077486351723,0.0037736764324810546,-0.0160992369055748
sample_25,25,jpeg compression artifact,low,fbcnn_jpeg_artifact_removal,FBCNN JPEG伪影去除,True,31.176323198918965,0.9050891424007673,0.05765075236558914,34.120952471696356,0.9491425421407848,0.05457300692796707,2.944629272777391,0.04405339974001743,0.0030777454376220703
sample_25,25,jpeg compression artifact,low,drbnet_defocus_deblurring,DRBNet散焦去模糊,True,31.176323198918965,0.9050891424007673,0.05765075236558914,29.518973288027738,0.8467086199144443,0.13993686437606812,-1.6573499108912273,-0.05838052248632297,-0.08228611201047897
sample_25,25,jpeg compression artifact,low,dehazeformer_dehaze,DehazeFormer去雾,True,31.176323198918965,0.9050891424007673,0.05765075236558914,30.2307122724222,0.9014700513880051,0.05806637182831764,-0.9456109264967658,-0.0036190910127622544,-0.00041561946272850037
sample_31,31,noise,high,swinir_denoising,SwinIR去噪,True,18.925360345489672,0.632839910061001,0.2350877821445465,27.970430954329277,0.9063431772267222,0.031961169093847275,9.045070608839605,0.27350326716572115,0.20312661305069923
sample_31,31,noise,high,swinir_jpeg_artifact_removal,SwinIR JPEG伪影去除,True,18.925360345489672,0.632839910061001,0.2350877821445465,19.10474039476934,0.6625500480930686,0.14084580540657043,0.17938004927966844,0.029710138032067568,0.09424197673797607
sample_31,31,noise,high,swinir_super_resolution,SwinIR超分辨率,True,18.925360345489672,0.632839910061001,0.2350877821445465,20.059017323573215,0.6793438193486718,0.37887004017829895,1.1336569780835433,0.046503909287670786,-0.14378225803375244
sample_31,31,noise,high,restormer_motion_deblurring,Restormer运动去模糊,True,18.925360345489672,0.632839910061001,0.2350877821445465,18.4456891000412,0.6305067471396842,0.2767532467842102,-0.47967124544847195,-0.0023331629213168004,-0.041665464639663696
sample_31,31,noise,high,restormer_defocus_deblurring,Restormer散焦去模糊,True,18.925360345489672,0.632839910061001,0.2350877821445465,20.382008949573105,0.6923624854601561,0.2229994535446167,1.4566486040834334,0.059522575399155064,0.01208832859992981
sample_31,31,noise,high,restormer_deraining,Restormer去雨,True,18.925360345489672,0.632839910061001,0.2350877821445465,17.363968897466076,0.6023480638645909,0.42644429206848145,-1.5613914480235955,-0.0304918461964101,-0.19135650992393494
sample_31,31,noise,high,xrestormer_motion_deblurring,XRestormer运动去模糊,True,18.925360345489672,0.632839910061001,0.2350877821445465,12.97018979587192,0.38970592496254347,0.47810786962509155,-5.955170549617751,-0.24313398509845757,-0.24302008748054504
sample_31,31,noise,high,xrestormer_deraining,XRestormer去雨,True,18.925360345489672,0.632839910061001,0.2350877821445465,20.31664928602057,0.7091218479507336,0.2735609710216522,1.3912889405308988,0.07628193788973259,-0.03847318887710571
sample_31,31,noise,high,mprnet_denoising,MPRNet去噪,True,18.925360345489672,0.632839910061001,0.2350877821445465,21.273748089247224,0.7073836426634523,0.31888246536254883,2.348387743757552,0.07454373260245128,-0.08379468321800232
sample_31,31,noise,high,mprnet_motion_deblurring,MPRNet运动去模糊,True,18.925360345489672,0.632839910061001,0.2350877821445465,5.3252918730853,-0.026076518595672293,0.7451937198638916,-13.600068472404372,-0.6589164286566733,-0.5101059377193451
sample_31,31,noise,high,mprnet_deraining,MPRNet去雨,True,18.925360345489672,0.632839910061001,0.2350877821445465,20.64458123527266,0.6938223699155978,0.22645598649978638,1.7192208897829886,0.060982459854596716,0.008631795644760132
sample_31,31,noise,high,fbcnn_jpeg_artifact_removal,FBCNN JPEG伪影去除,True,18.925360345489672,0.632839910061001,0.2350877821445465,21.582893768353905,0.7349189929400369,0.2697262167930603,2.6575334228642333,0.10207908287903589,-0.034638434648513794
sample_31,31,noise,high,drbnet_defocus_deblurring,DRBNet散焦去模糊,True,18.925360345489672,0.632839910061001,0.2350877821445465,22.34676543693841,0.7453463784063011,0.2007542997598648,3.4214050914487366,0.11250646834530009,0.0343334823846817
sample_31,31,noise,high,dehazeformer_dehaze,DehazeFormer去雾,True,18.925360345489672,0.632839910061001,0.2350877821445465,17.72868267928885,0.6340813604931236,0.25982385873794556,-1.1966776662008236,0.0012414504321225373,-0.024736076593399048
sample_33,33,low resolution,medium,swinir_denoising,SwinIR去噪,True,37.745451040578,0.9957108130010051,0.006260587368160486,26.950049273047256,0.9376737132430745,0.07054776698350906,-10.795401767530741,-0.05803709975793059,-0.06428717961534858
sample_33,33,low resolution,medium,swinir_jpeg_artifact_removal,SwinIR JPEG伪影去除,True,37.745451040578,0.9957108130010051,0.006260587368160486,24.00705075805408,0.8965698394617162,0.05631691589951515,-13.738400282523916,-0.09914097353928886,-0.050056328531354666
sample_33,33,low resolution,medium,swinir_super_resolution,SwinIR超分辨率,True,37.745451040578,0.9957108130010051,0.006260587368160486,17.757316870569362,0.7002039740064386,0.15466594696044922,-19.988134170008635,-0.2955068389945664,-0.14840535959228873
sample_33,33,low resolution,medium,restormer_motion_deblurring,Restormer运动去模糊,True,37.745451040578,0.9957108130010051,0.006260587368160486,35.914404440079096,0.9943572209958073,0.0049667395651340485,-1.831046600498901,-0.0013535920051978012,0.0012938478030264378
sample_33,33,low resolution,medium,restormer_defocus_deblurring,Restormer散焦去模糊,True,37.745451040578,0.9957108130010051,0.006260587368160486,29.91754773654719,0.9744817743681882,0.014162350445985794,-7.827903304030809,-0.021229038632816888,-0.007901763077825308
sample_33,33,low resolution,medium,restormer_deraining,Restormer去雨,True,37.745451040578,0.9957108130010051,0.006260587368160486,33.56387662436832,0.9876196833265599,0.009753753431141376,-4.181574416209678,-0.008091129674445141,-0.0034931660629808903
sample_33,33,low resolution,medium,xrestormer_motion_deblurring,XRestormer运动去模糊,True,37.745451040578,0.9957108130010051,0.006260587368160486,13.357029174965051,0.46133682094697376,0.36348024010658264,-24.388421865612948,-0.5343739920540314,-0.35721965273842216
sample_33,33,low resolution,medium,xrestormer_deraining,XRestormer去雨,True,37.745451040578,0.9957108130010051,0.006260587368160486,30.59052593370498,0.9797394739406182,0.009625175967812538,-7.154925106873016,-0.015971339060386835,-0.003364588599652052
sample_33,33,low resolution,medium,mprnet_denoising,MPRNet去噪,True,37.745451040578,0.9957108130010051,0.006260587368160486,22.52090673923457,0.8382513770039463,0.19963198900222778,-15.224544301343428,-0.1574594359970588,-0.1933714016340673
sample_33,33,low resolution,medium,mprnet_motion_deblurring,MPRNet运动去模糊,True,37.745451040578,0.9957108130010051,0.006260587368160486,4.5143242779887025,0.10222118099110676,0.6581747531890869,-33.2311267625893,-0.8934896320098983,-0.6519141658209264
sample_33,33,low resolution,medium,mprnet_deraining,MPRNet去雨,True,37.745451040578,0.9957108130010051,0.006260587368160486,30.676190000372593,0.9745023527572889,0.015285709872841835,-7.069261040205404,-0.021208460243716143,-0.009025122504681349
sample_33,33,low resolution,medium,fbcnn_jpeg_artifact_removal,FBCNN JPEG伪影去除,True,37.745451040578,0.9957108130010051,0.006260587368160486,28.65650163618184,0.9633760959143015,0.013804987072944641,-9.088949404396157,-0.032334717086703546,-0.007544399704784155
sample_33,33,low resolution,medium,drbnet_defocus_deblurring,DRBNet散焦去模糊,True,37.745451040578,0.9957108130010051,0.006260587368160486,28.094659502313732,0.9556514002548543,0.04694381356239319,-9.650791538264265,-0.04005941274615077,-0.0406832261942327
sample_33,33,low resolution,medium,dehazeformer_dehaze,DehazeFormer去雾,True,37.745451040578,0.9957108130010051,0.006260587368160486,22.16972744501904,0.8846526180274829,0.03105751797556877,-15.575723595558959,-0.1110581949735222,-0.024796930607408285
sample_27,27,haze,high,swinir_denoising,SwinIR去噪,True,100.0,1.0,0.0,37.59355383870001,0.9322392735464193,0.14077961444854736,-62.40644616129999,-0.06776072645358067,-0.14077961444854736
sample_27,27,haze,high,swinir_jpeg_artifact_removal,SwinIR JPEG伪影去除,True,100.0,1.0,0.0,40.60296472355829,0.9658647803665077,0.08998521417379379,-59.39703527644171,-0.03413521963349231,-0.08998521417379379
sample_27,27,haze,high,swinir_super_resolution,SwinIR超分辨率,True,100.0,1.0,0.0,38.068535009675024,0.9547939035777028,0.12008514255285263,-61.931464990324976,-0.045206096422297226,-0.12008514255285263
sample_27,27,haze,high,restormer_motion_deblurring,Restormer运动去模糊,True,100.0,1.0,0.0,55.135712416266884,0.9993535361584834,0.002056688070297241,-44.864287583733116,-0.0006464638415165647,-0.002056688070297241
sample_27,27,haze,high,restormer_defocus_deblurring,Restormer散焦去模糊,True,100.0,1.0,0.0,33.717580392920766,0.9782931509130938,0.04788921773433685,-66.28241960707923,-0.021706849086906232,-0.04788921773433685
sample_27,27,haze,high,restormer_deraining,Restormer去雨,True,100.0,1.0,0.0,52.29730438841063,0.9963483077378977,0.02079840563237667,-47.70269561158937,-0.0036516922621022685,-0.02079840563237667
sample_27,27,haze,high,xrestormer_motion_deblurring,XRestormer运动去模糊,True,100.0,1.0,0.0,28.149748008290267,0.8598091931982691,0.1758551299571991,-71.85025199170974,-0.1401908068017309,-0.1758551299571991
sample_27,27,haze,high,xrestormer_deraining,XRestormer去雨,True,100.0,1.0,0.0,33.41891192170327,0.9871005146159534,0.02309119701385498,-66.58108807829673,-0.012899485384046616,-0.02309119701385498
sample_27,27,haze,high,mprnet_denoising,MPRNet去噪,True,100.0,1.0,0.0,43.508769715444764,0.9819965973906255,0.06102056801319122,-56.491230284555236,-0.018003402609374497,-0.06102056801319122
sample_27,27,haze,high,mprnet_motion_deblurring,MPRNet运动去模糊,True,100.0,1.0,0.0,48.517637913158616,0.9958237788185667,0.00809461809694767,-51.482362086841384,-0.004176221181433348,-0.00809461809694767
sample_27,27,haze,high,mprnet_deraining,MPRNet去雨,True,100.0,1.0,0.0,34.39685051672912,0.931834866820874,0.1281134933233261,-65.60314948327088,-0.06816513317912598,-0.1281134933233261
sample_27,27,haze,high,fbcnn_jpeg_artifact_removal,FBCNN JPEG伪影去除,True,100.0,1.0,0.0,48.6255551868392,0.9923590130329605,0.017046310007572174,-51.3744448131608,-0.00764098696703952,-0.017046310007572174
sample_27,27,haze,high,drbnet_defocus_deblurring,DRBNet散焦去模糊,True,100.0,1.0,0.0,43.60885800657769,0.9910718959183445,0.01994391344487667,-56.39114199342231,-0.008928104081655452,-0.01994391344487667
sample_27,27,haze,high,dehazeformer_dehaze,DehazeFormer去雾,True,100.0,1.0,0.0,13.368488616265443,0.8300349922447027,0.12706917524337769,-86.63151138373456,-0.16996500775529733,-0.12706917524337769
sample_18,18,noise,medium,swinir_denoising,SwinIR去噪,True,22.753748462353197,0.293309973795467,0.49295321106910706,33.54797892029991,0.7838789465558801,0.3655387759208679,10.794230457946714,0.49056897276041306,0.12741443514823914
sample_18,18,noise,medium,swinir_jpeg_artifact_removal,SwinIR JPEG伪影去除,True,22.753748462353197,0.293309973795467,0.49295321106910706,23.162340352304195,0.339551933364006,0.265969455242157,0.4085918899509977,0.04624195956853899,0.22698375582695007
sample_18,18,noise,medium,swinir_super_resolution,SwinIR超分辨率,True,22.753748462353197,0.293309973795467,0.49295321106910706,29.43837711615057,0.6843477122326468,0.6669460535049438,6.684628653797372,0.39103773843717976,-0.1739928424358368
sample_18,18,noise,medium,restormer_motion_deblurring,Restormer运动去模糊,True,22.753748462353197,0.293309973795467,0.49295321106910706,20.289617942430308,0.25340029672737624,0.644866406917572,-2.4641305199228896,-0.03990967706809079,-0.15191319584846497
sample_18,18,noise,medium,restormer_defocus_deblurring,Restormer散焦去模糊,True,22.753748462353197,0.293309973795467,0.49295321106910706,24.074483252776943,0.39331073372247305,0.4414069652557373,1.3207347904237459,0.10000075992700602,0.05154624581336975
sample_18,18,noise,medium,restormer_deraining,Restormer去雨,True,22.753748462353197,0.293309973795467,0.49295321106910706,22.411508795067373,0.3206785885376339,0.5818002820014954,-0.3422396672858241,0.027368614742166897,-0.0888470709323883
sample_18,18,noise,medium,xrestormer_motion_deblurring,XRestormer运动去模糊,True,22.753748462353197,0.293309973795467,0.49295321106910706,19.40681046696197,0.19302580001422456,0.49991631507873535,-3.346937995391226,-0.10028417378124246,-0.006963104009628296
sample_18,18,noise,medium,xrestormer_deraining,XRestormer去雨,True,22.753748462353197,0.293309973795467,0.49295321106910706,23.529901550217353,0.42465061957677497,0.4697824716567993,0.7761530878641558,0.13134064578130794,0.02317073941230774
sample_18,18,noise,medium,mprnet_denoising,MPRNet去噪,True,22.753748462353197,0.293309973795467,0.49295321106910706,30.887497180382542,0.7635338086199486,0.37140536308288574,8.133748718029345,0.47022383482448155,0.12154784798622131
sample_18,18,noise,medium,mprnet_motion_deblurring,MPRNet运动去模糊,True,22.753748462353197,0.293309973795467,0.49295321106910706,16.27270556305358,0.13663405402970466,0.6332632303237915,-6.4810428992996165,-0.15667591976576237,-0.14031001925468445
sample_18,18,noise,medium,mprnet_deraining,MPRNet去雨,True,22.753748462353197,0.293309973795467,0.49295321106910706,23.79178153199025,0.35915528266960123,0.4598580598831177,1.038033069637052,0.0658453088741342,0.03309515118598938
sample_18,18,noise,medium,fbcnn_jpeg_artifact_removal,FBCNN JPEG伪影去除,True,22.753748462353197,0.293309973795467,0.49295321106910706,25.45796156594789,0.4278293984277348,0.5328009128570557,2.704213103594693,0.1345194246322678,-0.03984770178794861
sample_18,18,noise,medium,drbnet_defocus_deblurring,DRBNet散焦去模糊,True,22.753748462353197,0.293309973795467,0.49295321106910706,26.62751993262386,0.4735599084359625,0.4113679528236389,3.873771470270661,0.1802499346404955,0.08158525824546814
sample_18,18,noise,medium,dehazeformer_dehaze,DehazeFormer去雾,True,22.753748462353197,0.293309973795467,0.49295321106910706,13.141359863165372,0.22009886865117623,0.6799682378768921,-9.612388599187826,-0.0732111051442908,-0.18701502680778503
sample_24,24,haze,very high,swinir_denoising,SwinIR去噪,True,100.0,1.0,0.0,31.019680240107288,0.8011741216889877,0.4338610768318176,-68.98031975989271,-0.19882587831101228,-0.4338610768318176
sample_24,24,haze,very high,swinir_jpeg_artifact_removal,SwinIR JPEG伪影去除,True,100.0,1.0,0.0,33.560789382736814,0.9111660346850222,0.18676389753818512,-66.43921061726319,-0.08883396531497778,-0.18676389753818512
sample_24,24,haze,very high,swinir_super_resolution,SwinIR超分辨率,True,100.0,1.0,0.0,31.03604295009585,0.9013277925419777,0.27581074833869934,-68.96395704990415,-0.0986722074580223,-0.27581074833869934
sample_24,24,haze,very high,restormer_motion_deblurring,Restormer运动去模糊,True,100.0,1.0,0.0,40.688540216118895,0.9884939199778398,0.030667509883642197,-59.311459783881105,-0.011506080022160248,-0.030667509883642197
sample_24,24,haze,very high,restormer_defocus_deblurring,Restormer散焦去模糊,True,100.0,1.0,0.0,32.27990118976635,0.9815568749016982,0.03412863612174988,-67.72009881023365,-0.018443125098301816,-0.03412863612174988
sample_24,24,haze,very high,restormer_deraining,Restormer去雨,True,100.0,1.0,0.0,44.48928918695004,0.9976958021137236,0.005698655266314745,-55.51071081304996,-0.002304197886276449,-0.005698655266314745
sample_24,24,haze,very high,xrestormer_motion_deblurring,XRestormer运动去模糊,True,100.0,1.0,0.0,21.683957389320412,0.6331469364128143,0.3685654401779175,-78.31604261067959,-0.3668530635871857,-0.3685654401779175
sample_24,24,haze,very high,xrestormer_deraining,XRestormer去雨,True,100.0,1.0,0.0,38.16260016029327,0.9927369713130721,0.0187195036560297,-61.83739983970673,-0.007263028686927853,-0.0187195036560297
sample_24,24,haze,very high,mprnet_denoising,MPRNet去噪,True,100.0,1.0,0.0,35.87110518812947,0.9493268440513382,0.10032875835895538,-64.12889481187054,-0.05067315594866184,-0.10032875835895538
sample_24,24,haze,very high,mprnet_motion_deblurring,MPRNet运动去模糊,True,100.0,1.0,0.0,38.64045126101484,0.983075946997054,0.040957316756248474,-61.35954873898516,-0.01692405300294597,-0.040957316756248474
sample_24,24,haze,very high,mprnet_deraining,MPRNet去雨,True,100.0,1.0,0.0,37.35816941252238,0.9612905120546139,0.0983801782131195,-62.64183058747762,-0.03870948794538609,-0.0983801782131195
sample_24,24,haze,very high,fbcnn_jpeg_artifact_removal,FBCNN JPEG伪影去除,True,100.0,1.0,0.0,45.246633183099625,0.993457086724995,0.004750320687890053,-54.753366816900375,-0.006542913275005002,-0.004750320687890053
sample_24,24,haze,very high,drbnet_defocus_deblurring,DRBNet散焦去模糊,True,100.0,1.0,0.0,40.10184547129472,0.9892389937374251,0.019351210445165634,-59.89815452870528,-0.010761006262574924,-0.019351210445165634
sample_24,24,haze,very high,dehazeformer_dehaze,DehazeFormer去雾,True,100.0,1.0,0.0,6.715497418834852,0.4162453606634386,0.3918905258178711,-93.28450258116514,-0.5837546393365614,-0.3918905258178711
sample_39,39,haze,medium,swinir_denoising,SwinIR去噪,True,100.0,1.0,0.0,30.85814146301287,0.8860926236730021,0.10593526065349579,-69.14185853698713,-0.11390737632699788,-0.10593526065349579
sample_39,39,haze,medium,swinir_jpeg_artifact_removal,SwinIR JPEG伪影去除,True,100.0,1.0,0.0,31.03883148880645,0.907622262826036,0.058565206825733185,-68.96116851119355,-0.09237773717396403,-0.058565206825733185
sample_39,39,haze,medium,swinir_super_resolution,SwinIR超分辨率,True,100.0,1.0,0.0,26.945355328257776,0.8639046646748962,0.25588369369506836,-73.05464467174222,-0.13609533532510376,-0.25588369369506836
sample_39,39,haze,medium,restormer_motion_deblurring,Restormer运动去模糊,True,100.0,1.0,0.0,47.22995718462195,0.9987304761495889,0.0012166713131591678,-52.77004281537805,-0.001269523850411125,-0.0012166713131591678
sample_39,39,haze,medium,restormer_defocus_deblurring,Restormer散焦去模糊,True,100.0,1.0,0.0,25.285167502417348,0.9474432778794394,0.022913534194231033,-74.71483249758265,-0.05255672212056062,-0.022913534194231033
sample_39,39,haze,medium,restormer_deraining,Restormer去雨,True,100.0,1.0,0.0,46.233429510478324,0.996813087843523,0.003679963992908597,-53.766570489521676,-0.0031869121564770397,-0.003679963992908597
sample_39,39,haze,medium,xrestormer_motion_deblurring,XRestormer运动去模糊,True,100.0,1.0,0.0,17.740304525296537,0.6444323661919631,0.31908613443374634,-82.25969547470346,-0.3555676338080369,-0.31908613443374634
sample_39,39,haze,medium,xrestormer_deraining,XRestormer去雨,True,100.0,1.0,0.0,34.41900769468807,0.9929315582286988,0.0072438037022948265,-65.58099230531192,-0.0070684417713011705,-0.0072438037022948265
sample_39,39,haze,medium,mprnet_denoising,MPRNet去噪,True,100.0,1.0,0.0,31.500260896122324,0.9369719349030894,0.06412304937839508,-68.49973910387767,-0.06302806509691061,-0.06412304937839508
sample_39,39,haze,medium,mprnet_motion_deblurring,MPRNet运动去模糊,True,100.0,1.0,0.0,38.533924942671824,0.9922038025404539,0.009477055631577969,-61.466075057328176,-0.007796197459546073,-0.009477055631577969
sample_39,39,haze,medium,mprnet_deraining,MPRNet去雨,True,100.0,1.0,0.0,34.581987473676705,0.9861315529790433,0.015878111124038696,-65.4180125263233,-0.013868447020956687,-0.015878111124038696
sample_39,39,haze,medium,fbcnn_jpeg_artifact_removal,FBCNN JPEG伪影去除,True,100.0,1.0,0.0,42.3305076991455,0.9937292259180707,0.0021910108625888824,-57.6694923008545,-0.006270774081929331,-0.0021910108625888824
sample_39,39,haze,medium,drbnet_defocus_deblurring,DRBNet散焦去模糊,True,100.0,1.0,0.0,34.41046369077594,0.9840683719132165,0.009666611440479755,-65.58953630922406,-0.0159316280867835,-0.009666611440479755
sample_39,39,haze,medium,dehazeformer_dehaze,DehazeFormer去雾,True,100.0,1.0,0.0,20.18345240262925,0.9187651190923893,0.030759790912270546,-79.81654759737074,-0.08123488090761066,-0.030759790912270546
sample_36,36,defocus blur,medium,swinir_denoising,SwinIR去噪,True,36.7541322678269,0.9559315110064376,0.15565747022628784,33.490793349219196,0.9015743677757032,0.23781943321228027,-3.263338918607701,-0.05435714323073437,-0.08216196298599243
sample_36,36,defocus blur,medium,swinir_jpeg_artifact_removal,SwinIR JPEG伪影去除,True,36.7541322678269,0.9559315110064376,0.15565747022628784,34.14915079588221,0.9194225434761781,0.22887280583381653,-2.60498147194469,-0.03650896753025945,-0.07321533560752869
sample_36,36,defocus blur,medium,swinir_super_resolution,SwinIR超分辨率,True,36.7541322678269,0.9559315110064376,0.15565747022628784,34.17220076750396,0.9216786056306542,0.13668778538703918,-2.5819315003229377,-0.034252905375783405,0.018969684839248657
sample_36,36,defocus blur,medium,restormer_motion_deblurring,Restormer运动去模糊,True,36.7541322678269,0.9559315110064376,0.15565747022628784,29.86045172619089,0.9006866486772532,0.13952380418777466,-6.893680541636005,-0.05524486232918435,0.016133666038513184
sample_36,36,defocus blur,medium,restormer_defocus_deblurring,Restormer散焦去模糊,True,36.7541322678269,0.9559315110064376,0.15565747022628784,23.079421158183393,0.6482821998398317,0.4051147401332855,-13.674711109643503,-0.3076493111666059,-0.24945726990699768
sample_36,36,defocus blur,medium,restormer_deraining,Restormer去雨,True,36.7541322678269,0.9559315110064376,0.15565747022628784,36.49128443792776,0.9541115894100788,0.1580100804567337,-0.2628478298991368,-0.0018199215963587978,-0.002352610230445862
sample_36,36,defocus blur,medium,xrestormer_motion_deblurring,XRestormer运动去模糊,True,36.7541322678269,0.9559315110064376,0.15565747022628784,39.99343662666052,0.9716137326001985,0.10467448085546494,3.2393043588336212,0.01568222159376087,0.050982989370822906
sample_36,36,defocus blur,medium,xrestormer_deraining,XRestormer去雨,True,36.7541322678269,0.9559315110064376,0.15565747022628784,19.348915778063102,0.84008873850141,0.2212667018175125,-17.405216489763795,-0.11584277250502761,-0.06560923159122467
sample_36,36,defocus blur,medium,mprnet_denoising,MPRNet去噪,True,36.7541322678269,0.9559315110064376,0.15565747022628784,35.918394764172774,0.9477633440857901,0.17709027230739594,-0.8357375036541228,-0.00816816692064748,-0.021432802081108093
sample_36,36,defocus blur,medium,mprnet_motion_deblurring,MPRNet运动去模糊,True,36.7541322678269,0.9559315110064376,0.15565747022628784,36.23952436911172,0.9569418195023394,0.13969844579696655,-0.5146078987151768,0.0010103084959017794,0.01595902442932129
sample_36,36,defocus blur,medium,mprnet_deraining,MPRNet去雨,True,36.7541322678269,0.9559315110064376,0.15565747022628784,36.09844933801759,0.9486163890379317,0.16706642508506775,-0.6556829298093092,-0.007315121968505922,-0.011408954858779907
sample_36,36,defocus blur,medium,fbcnn_jpeg_artifact_removal,FBCNN JPEG伪影去除,True,36.7541322678269,0.9559315110064376,0.15565747022628784,36.763473321179376,0.953658247576708,0.16132314503192902,0.009341053352478923,-0.002273263429729555,-0.005665674805641174
sample_36,36,defocus blur,medium,drbnet_defocus_deblurring,DRBNet散焦去模糊,True,36.7541322678269,0.9559315110064376,0.15565747022628784,26.52597408900888,0.7631393962952623,0.24097409844398499,-10.228158178818017,-0.1927921147111753,-0.08531662821769714
sample_36,36,defocus blur,medium,dehazeformer_dehaze,DehazeFormer去雾,True,36.7541322678269,0.9559315110064376,0.15565747022628784,26.788694913846925,0.907863416344899,0.1582627147436142,-9.965437353979972,-0.04806809466153861,-0.002605244517326355
sample_37,37,rain,very high,swinir_denoising,SwinIR去噪,True,18.318193626865643,0.7515668397095263,0.3674609959125519,18.130884807658617,0.6770103967959775,0.4568859338760376,-0.18730881920702558,-0.07455644291354879,-0.08942493796348572
sample_37,37,rain,very high,swinir_jpeg_artifact_removal,SwinIR JPEG伪影去除,True,18.318193626865643,0.7515668397095263,0.3674609959125519,17.857191570579257,0.6768485918304541,0.4194953143596649,-0.4610020562863859,-0.07471824787907222,-0.05203431844711304
sample_37,37,rain,very high,swinir_super_resolution,SwinIR超分辨率,True,18.318193626865643,0.7515668397095263,0.3674609959125519,16.823479732421028,0.6407739714088174,0.4365997612476349,-1.4947138944446152,-0.11079286830070889,-0.06913876533508301
sample_37,37,rain,very high,restormer_motion_deblurring,Restormer运动去模糊,True,18.318193626865643,0.7515668397095263,0.3674609959125519,18.20656001883086,0.750868517704224,0.36200931668281555,-0.11163360803478284,-0.0006983220053022876,0.005451679229736328
sample_37,37,rain,very high,restormer_defocus_deblurring,Restormer散焦去模糊,True,18.318193626865643,0.7515668397095263,0.3674609959125519,17.332697301465252,0.7399871526644001,0.3415505588054657,-0.9854963254003906,-0.011579687045126241,0.02591043710708618
sample_37,37,rain,very high,restormer_deraining,Restormer去雨,True,18.318193626865643,0.7515668397095263,0.3674609959125519,28.820428635632172,0.948625298419688,0.06013782322406769,10.50223500876653,0.1970584587101617,0.3073231726884842
sample_37,37,rain,very high,xrestormer_motion_deblurring,XRestormer运动去模糊,True,18.318193626865643,0.7515668397095263,0.3674609959125519,11.340022573044855,0.27693920255207227,0.7084015607833862,-6.9781710538207875,-0.47462763715745404,-0.34094056487083435
sample_37,37,rain,very high,xrestormer_deraining,XRestormer去雨,True,18.318193626865643,0.7515668397095263,0.3674609959125519,28.479864042260097,0.9471809484416885,0.059590596705675125,10.161670415394454,0.19561410873216223,0.30787039920687675
sample_37,37,rain,very high,mprnet_denoising,MPRNet去噪,True,18.318193626865643,0.7515668397095263,0.3674609959125519,18.089131417561386,0.6930381825075207,0.4438273310661316,-0.22906220930425647,-0.05852865720200562,-0.07636633515357971
sample_37,37,rain,very high,mprnet_motion_deblurring,MPRNet运动去模糊,True,18.318193626865643,0.7515668397095263,0.3674609959125519,6.439278285453723,0.0067191613106392,0.7164802551269531,-11.87891534141192,-0.7448476783988871,-0.34901925921440125
sample_37,37,rain,very high,mprnet_deraining,MPRNet去雨,True,18.318193626865643,0.7515668397095263,0.3674609959125519,27.13156350401445,0.9257034221907481,0.08642986416816711,8.813369877148808,0.17413658248122177,0.28103113174438477
sample_37,37,rain,very high,fbcnn_jpeg_artifact_removal,FBCNN JPEG伪影去除,True,18.318193626865643,0.7515668397095263,0.3674609959125519,18.33497758288827,0.7513171051326606,0.36924612522125244,0.016783956022628388,-0.0002497345768657233,-0.0017851293087005615
sample_37,37,rain,very high,drbnet_defocus_deblurring,DRBNet散焦去模糊,True,18.318193626865643,0.7515668397095263,0.3674609959125519,18.946243801218298,0.7544160283764626,0.3809105455875397,0.628050174352655,0.0028491886669362865,-0.013449549674987793
sample_37,37,rain,very high,dehazeformer_dehaze,DehazeFormer去雾,True,18.318193626865643,0.7515668397095263,0.3674609959125519,18.58082631110254,0.7427825956124807,0.36973512172698975,0.26263268423689823,-0.00878424409704559,-0.002274125814437866
sample_41,41,noise,medium,swinir_denoising,SwinIR去噪,True,28.163633942870486,0.6950908562617317,0.14743806421756744,33.483158188730314,0.899741585698377,0.2075589895248413,5.319524245859828,0.2046507294366453,-0.060120925307273865
sample_41,41,noise,medium,swinir_jpeg_artifact_removal,SwinIR JPEG伪影去除,True,28.163633942870486,0.6950908562617317,0.14743806421756744,32.05413342348463,0.8411140235384335,0.09105348587036133,3.8904994806141424,0.14602316727670173,0.056384578347206116
sample_41,41,noise,medium,swinir_super_resolution,SwinIR超分辨率,True,28.163633942870486,0.6950908562617317,0.14743806421756744,29.79590430128195,0.8742192299725118,0.34384578466415405,1.6322703584114642,0.17912837371078005,-0.1964077204465866
sample_41,41,noise,medium,restormer_motion_deblurring,Restormer运动去模糊,True,28.163633942870486,0.6950908562617317,0.14743806421756744,27.36748607669798,0.6894545104837952,0.17537152767181396,-0.7961478661725074,-0.00563634577793648,-0.02793346345424652
sample_41,41,noise,medium,restormer_defocus_deblurring,Restormer散焦去模糊,True,28.163633942870486,0.6950908562617317,0.14743806421756744,24.89676522118244,0.7968993026240315,0.1275627762079239,-3.266868721688045,0.1018084463622998,0.019875288009643555
sample_41,41,noise,medium,restormer_deraining,Restormer去雨,True,28.163633942870486,0.6950908562617317,0.14743806421756744,29.78186240383541,0.7703799515175263,0.12033752351999283,1.6182284609649251,0.07528909525579452,0.027100540697574615
sample_41,41,noise,medium,xrestormer_motion_deblurring,XRestormer运动去模糊,True,28.163633942870486,0.6950908562617317,0.14743806421756744,18.65058840919019,0.4645189164466795,0.3850111961364746,-9.513045533680298,-0.23057193981505225,-0.23757313191890717
sample_41,41,noise,medium,xrestormer_deraining,XRestormer去雨,True,28.163633942870486,0.6950908562617317,0.14743806421756744,29.566945995871308,0.796565599000094,0.08857543021440506,1.4033120530008212,0.10147474273836232,0.058862634003162384
sample_41,41,noise,medium,mprnet_denoising,MPRNet去噪,True,28.163633942870486,0.6950908562617317,0.14743806421756744,31.027910438588485,0.8961979783825034,0.21909478306770325,2.8642764957179985,0.20110712212077164,-0.0716567188501358
sample_41,41,noise,medium,mprnet_motion_deblurring,MPRNet运动去模糊,True,28.163633942870486,0.6950908562617317,0.14743806421756744,24.716745382651983,0.6535788112690261,0.2782379686832428,-3.446888560218504,-0.041512044992705666,-0.13079990446567535
sample_41,41,noise,medium,mprnet_deraining,MPRNet去雨,True,28.163633942870486,0.6950908562617317,0.14743806421756744,29.05502038610142,0.7527612463369734,0.12546002864837646,0.8913864432309317,0.05767039007524166,0.02197803556919098
sample_41,41,noise,medium,fbcnn_jpeg_artifact_removal,FBCNN JPEG伪影去除,True,28.163633942870486,0.6950908562617317,0.14743806421756744,30.91630977586393,0.7953547365894096,0.17025816440582275,2.752675832993443,0.10026388032767786,-0.02282010018825531
sample_41,41,noise,medium,drbnet_defocus_deblurring,DRBNet散焦去模糊,True,28.163633942870486,0.6950908562617317,0.14743806421756744,30.21765990331263,0.7978751659751225,0.12475700676441193,2.054025960442143,0.10278430971339081,0.022681057453155518
sample_41,41,noise,medium,dehazeformer_dehaze,DehazeFormer去雾,True,28.163633942870486,0.6950908562617317,0.14743806421756744,14.889768521723978,0.5388950322676382,0.2863810062408447,-13.273865421146509,-0.15619582399409349,-0.13894294202327728
sample_42,42,jpeg compression artifact,high,swinir_denoising,SwinIR去噪,True,32.638249658241115,0.9061131862557356,0.14590699970722198,33.76547171076465,0.9215880619554913,0.17829973995685577,1.1272220525235355,0.015474875699755697,-0.03239274024963379
sample_42,42,jpeg compression artifact,high,swinir_jpeg_artifact_removal,SwinIR JPEG伪影去除,True,32.638249658241115,0.9061131862557356,0.14590699970722198,35.23960021836517,0.945899466129715,0.09785731136798859,2.601350560124054,0.039786279873979424,0.0480496883392334
sample_42,42,jpeg compression artifact,high,swinir_super_resolution,SwinIR超分辨率,True,32.638249658241115,0.9061131862557356,0.14590699970722198,30.929440524282885,0.8824422644487656,0.21842527389526367,-1.7088091339582299,-0.023670921806969947,-0.07251827418804169
sample_42,42,jpeg compression artifact,high,restormer_motion_deblurring,Restormer运动去模糊,True,32.638249658241115,0.9061131862557356,0.14590699970722198,31.475798751134484,0.8955279022911128,0.16005390882492065,-1.1624509071066313,-0.010585283964622771,-0.01414690911769867
sample_42,42,jpeg compression artifact,high,restormer_defocus_deblurring,Restormer散焦去模糊,True,32.638249658241115,0.9061131862557356,0.14590699970722198,27.526626318311788,0.8875318887493249,0.16829803586006165,-5.111623339929327,-0.018581297506410688,-0.02239103615283966
sample_42,42,jpeg compression artifact,high,restormer_deraining,Restormer去雨,True,32.638249658241115,0.9061131862557356,0.14590699970722198,32.91299016648771,0.9131679562052679,0.13626155257225037,0.2747405082465946,0.007054769949532358,0.009645447134971619
sample_42,42,jpeg compression artifact,high,xrestormer_motion_deblurring,XRestormer运动去模糊,True,32.638249658241115,0.9061131862557356,0.14590699970722198,21.01982527313691,0.6793944759162005,0.3014998435974121,-11.618424385104205,-0.22671871033953506,-0.15559284389019012
sample_42,42,jpeg compression artifact,high,xrestormer_deraining,XRestormer去雨,True,32.638249658241115,0.9061131862557356,0.14590699970722198,32.74759097469373,0.9103569231492102,0.1387082040309906,0.10934131645261402,0.004243736893474681,0.007198795676231384
sample_42,42,jpeg compression artifact,high,mprnet_denoising,MPRNet去噪,True,32.638249658241115,0.9061131862557356,0.14590699970722198,33.06346836920877,0.9236359499973942,0.15962421894073486,0.4252187109676555,0.01752276374165862,-0.013717219233512878
sample_42,42,jpeg compression artifact,high,mprnet_motion_deblurring,MPRNet运动去模糊,True,32.638249658241115,0.9061131862557356,0.14590699970722198,31.50321823670753,0.8863606613020062,0.16053709387779236,-1.1350314215335864,-0.019752524953729367,-0.014630094170570374
sample_42,42,jpeg compression artifact,high,mprnet_deraining,MPRNet去雨,True,32.638249658241115,0.9061131862557356,0.14590699970722198,32.39404549189856,0.9216330513638574,0.12998971343040466,-0.2442041663425556,0.015519865108121866,0.015917286276817322
sample_42,42,jpeg compression artifact,high,fbcnn_jpeg_artifact_removal,FBCNN JPEG伪影去除,True,32.638249658241115,0.9061131862557356,0.14590699970722198,35.41811311943631,0.9470130907769237,0.10320645570755005,2.7798634611951982,0.04089990452118819,0.042700543999671936
sample_42,42,jpeg compression artifact,high,drbnet_defocus_deblurring,DRBNet散焦去模糊,True,32.638249658241115,0.9061131862557356,0.14590699970722198,31.113626423593836,0.8702044268532907,0.21790771186351776,-1.5246232346472794,-0.03590875940244487,-0.07200071215629578
sample_42,42,jpeg compression artifact,high,dehazeformer_dehaze,DehazeFormer去雾,True,32.638249658241115,0.9061131862557356,0.14590699970722198,29.23941468865626,0.9004064043395221,0.1466444879770279,-3.398834969584854,-0.0057067819162134326,-0.0007374882698059082
sample_48,48,dark,medium,swinir_denoising,SwinIR去噪,True,17.84896299930867,0.8797508477608678,0.046283893287181854,17.575065930774116,0.7789417701693516,0.2421697974205017,-0.27389706853455564,-0.10080907759151614,-0.19588590413331985
sample_48,48,dark,medium,swinir_jpeg_artifact_removal,SwinIR JPEG伪影去除,True,17.84896299930867,0.8797508477608678,0.046283893287181854,17.626062008634573,0.8187817764204816,0.15547412633895874,-0.2229009906740984,-0.060969071340386205,-0.10919023305177689
sample_48,48,dark,medium,swinir_super_resolution,SwinIR超分辨率,True,17.84896299930867,0.8797508477608678,0.046283893287181854,16.92672685412747,0.7704530004785571,0.26610806584358215,-0.922236145181202,-0.10929784728231062,-0.2198241725564003
sample_48,48,dark,medium,restormer_motion_deblurring,Restormer运动去模糊,True,17.84896299930867,0.8797508477608678,0.046283893287181854,17.9180036858479,0.8829157071395844,0.052566222846508026,0.06904068653922835,0.003164859378716689,-0.006282329559326172
sample_48,48,dark,medium,restormer_defocus_deblurring,Restormer散焦去模糊,True,17.84896299930867,0.8797508477608678,0.046283893287181854,19.31639926913138,0.829416654770959,0.10604468733072281,1.4674362698227092,-0.05033419298990871,-0.059760794043540955
sample_48,48,dark,medium,restormer_deraining,Restormer去雨,True,17.84896299930867,0.8797508477608678,0.046283893287181854,17.728984469696762,0.8767601522438793,0.06226376071572304,-0.11997852961190958,-0.0029906955169884952,-0.015979867428541183
sample_48,48,dark,medium,xrestormer_motion_deblurring,XRestormer运动去模糊,True,17.84896299930867,0.8797508477608678,0.046283893287181854,14.525674675408366,0.5728610009060707,0.3665637969970703,-3.3232883239003055,-0.30688984685479703,-0.32027990370988846
sample_48,48,dark,medium,xrestormer_deraining,XRestormer去雨,True,17.84896299930867,0.8797508477608678,0.046283893287181854,17.792520206154492,0.8777487707821733,0.04859989881515503,-0.05644279315417933,-0.002002076978694478,-0.002316005527973175
sample_48,48,dark,medium,mprnet_denoising,MPRNet去噪,True,17.84896299930867,0.8797508477608678,0.046283893287181854,17.77761934322258,0.8251516572025642,0.13502328097820282,-0.07134365608609272,-0.054599190558303534,-0.08873938769102097
sample_48,48,dark,medium,mprnet_motion_deblurring,MPRNet运动去模糊,True,17.84896299930867,0.8797508477608678,0.046283893287181854,17.908108514135368,0.8852826054890377,0.05595647916197777,0.059145514826695944,0.005531757728169939,-0.009672585874795914
sample_48,48,dark,medium,mprnet_deraining,MPRNet去雨,True,17.84896299930867,0.8797508477608678,0.046283893287181854,17.258064641670195,0.8390521649280004,0.09387972950935364,-0.5908983576384763,-0.04069868283286737,-0.04759583622217178
sample_48,48,dark,medium,fbcnn_jpeg_artifact_removal,FBCNN JPEG伪影去除,True,17.84896299930867,0.8797508477608678,0.046283893287181854,17.8412575634081,0.8727632561733195,0.05592402443289757,-0.007705435900572155,-0.0069875915875482475,-0.009640131145715714
sample_48,48,dark,medium,drbnet_defocus_deblurring,DRBNet散焦去模糊,True,17.84896299930867,0.8797508477608678,0.046283893287181854,18.003462627722474,0.8901882182177506,0.1014353334903717,0.15449962841380227,0.010437370456882866,-0.05515144020318985
sample_48,48,dark,medium,dehazeformer_dehaze,DehazeFormer去雾,True,17.84896299930867,0.8797508477608678,0.046283893287181854,14.018626645078314,0.665625968207197,0.1287195086479187,-3.830336354230358,-0.21412487955367077,-0.08243561536073685
sample_44,44,dark,medium,swinir_denoising,SwinIR去噪,True,17.35915669972797,0.6750670304671739,0.13479748368263245,17.366683421899925,0.6786815587986214,0.18500694632530212,0.007526722171956379,0.0036145283314474863,-0.05020946264266968
sample_44,44,dark,medium,swinir_jpeg_artifact_removal,SwinIR JPEG伪影去除,True,17.35915669972797,0.6750670304671739,0.13479748368263245,17.30785838210377,0.663404562731455,0.16502127051353455,-0.05129831762419812,-0.011662467735718884,-0.0302237868309021
sample_44,44,dark,medium,swinir_super_resolution,SwinIR超分辨率,True,17.35915669972797,0.6750670304671739,0.13479748368263245,17.412370339207964,0.6821683617150618,0.18558558821678162,0.05321363947999558,0.007101331247887921,-0.05078810453414917
sample_44,44,dark,medium,restormer_motion_deblurring,Restormer运动去模糊,True,17.35915669972797,0.6750670304671739,0.13479748368263245,17.334859647505553,0.6647459686661229,0.16346339881420135,-0.024297052222415516,-0.010321061801050968,-0.02866591513156891
sample_44,44,dark,medium,restormer_defocus_deblurring,Restormer散焦去模糊,True,17.35915669972797,0.6750670304671739,0.13479748368263245,18.121271023854103,0.7380977552683609,0.2110642045736313,0.7621143241261343,0.06303072480118699,-0.07626672089099884
sample_44,44,dark,medium,restormer_deraining,Restormer去雨,True,17.35915669972797,0.6750670304671739,0.13479748368263245,17.13250913235058,0.6114658188328076,0.14445112645626068,-0.22664756737738756,-0.06360121163436627,-0.009653642773628235
sample_44,44,dark,medium,xrestormer_motion_deblurring,XRestormer运动去模糊,True,17.35915669972797,0.6750670304671739,0.13479748368263245,17.099545213361566,0.6222622832015624,0.24072393774986267,-0.25961148636640274,-0.05280474726561146,-0.10592645406723022
sample_44,44,dark,medium,xrestormer_deraining,XRestormer去雨,True,17.35915669972797,0.6750670304671739,0.13479748368263245,17.310795343872876,0.6737829849787369,0.13862213492393494,-0.048361355855092825,-0.001284045488436969,-0.0038246512413024902
sample_44,44,dark,medium,mprnet_denoising,MPRNet去噪,True,17.35915669972797,0.6750670304671739,0.13479748368263245,17.372206841589712,0.6652057100155065,0.16258743405342102,0.01305014186174347,-0.009861320451667321,-0.027789950370788574
sample_44,44,dark,medium,mprnet_motion_deblurring,MPRNet运动去模糊,True,17.35915669972797,0.6750670304671739,0.13479748368263245,17.3525658639287,0.6674575798092262,0.15321369469165802,-0.006590835799269001,-0.007609450657947714,-0.018416211009025574
sample_44,44,dark,medium,mprnet_deraining,MPRNet去雨,True,17.35915669972797,0.6750670304671739,0.13479748368263245,17.309577929967432,0.6639733311589898,0.15311838686466217,-0.049578769760536545,-0.011093699308184046,-0.018320903182029724
sample_44,44,dark,medium,fbcnn_jpeg_artifact_removal,FBCNN JPEG伪影去除,True,17.35915669972797,0.6750670304671739,0.13479748368263245,17.360976372807265,0.6707883384787138,0.13484454154968262,0.0018196730792965354,-0.004278691988460093,-4.70578670501709e-05
sample_44,44,dark,medium,drbnet_defocus_deblurring,DRBNet散焦去模糊,True,17.35915669972797,0.6750670304671739,0.13479748368263245,17.560272734621876,0.7527948579258917,0.20545810461044312,0.20111603489390717,0.07772782745871787,-0.07066062092781067
sample_44,44,dark,medium,dehazeformer_dehaze,DehazeFormer去雾,True,17.35915669972797,0.6750670304671739,0.13479748368263245,14.987556270526479,0.5044486047013522,0.18904095888137817,-2.3716004292014894,-0.17061842576582165,-0.05424347519874573
sample_43,43,defocus blur,medium,swinir_denoising,SwinIR去噪,True,26.862517625981045,0.8428412076106815,0.3205885887145996,26.76246992065018,0.817362746124707,0.35637521743774414,-0.10004770533086571,-0.025478461485974435,-0.03578662872314453
sample_43,43,defocus blur,medium,swinir_jpeg_artifact_removal,SwinIR JPEG伪影去除,True,26.862517625981045,0.8428412076106815,0.3205885887145996,26.939188021721428,0.8312241951263922,0.3582325875759125,0.0766703957403827,-0.011617012484289257,-0.037643998861312866
sample_43,43,defocus blur,medium,swinir_super_resolution,SwinIR超分辨率,True,26.862517625981045,0.8428412076106815,0.3205885887145996,26.513042593832225,0.7769447823361633,0.27706682682037354,-0.3494750321488205,-0.06589642527451822,0.043521761894226074
sample_43,43,defocus blur,medium,restormer_motion_deblurring,Restormer运动去模糊,True,26.862517625981045,0.8428412076106815,0.3205885887145996,29.34503342952782,0.8900357196785101,0.24246008694171906,2.482515803546775,0.04719451206782865,0.07812850177288055
sample_43,43,defocus blur,medium,restormer_defocus_deblurring,Restormer散焦去模糊,True,26.862517625981045,0.8428412076106815,0.3205885887145996,29.014280978948477,0.900934292565465,0.16676220297813416,2.151763352967432,0.05809308495478349,0.15382638573646545
sample_43,43,defocus blur,medium,restormer_deraining,Restormer去雨,True,26.862517625981045,0.8428412076106815,0.3205885887145996,26.882782389652732,0.8432794545507907,0.32833877205848694,0.020264763671686836,0.0004382469401091882,-0.007750183343887329
sample_43,43,defocus blur,medium,xrestormer_motion_deblurring,XRestormer运动去模糊,True,26.862517625981045,0.8428412076106815,0.3205885887145996,29.215495933624943,0.8886090590302934,0.19149650633335114,2.352978307643898,0.04576785141961193,0.12909208238124847
sample_43,43,defocus blur,medium,xrestormer_deraining,XRestormer去雨,True,26.862517625981045,0.8428412076106815,0.3205885887145996,26.83250479252741,0.8396717914357801,0.324166476726532,-0.030012833453636034,-0.003169416174901407,-0.003577888011932373
sample_43,43,defocus blur,medium,mprnet_denoising,MPRNet去噪,True,26.862517625981045,0.8428412076106815,0.3205885887145996,26.732325744945264,0.8376171075410559,0.366894006729126,-0.13019188103578117,-0.005224100069625592,-0.04630541801452637
sample_43,43,defocus blur,medium,mprnet_motion_deblurring,MPRNet运动去模糊,True,26.862517625981045,0.8428412076106815,0.3205885887145996,29.286585898681956,0.8887071057401418,0.24890242516994476,2.424068272700911,0.04586589812946029,0.07168616354465485
sample_43,43,defocus blur,medium,mprnet_deraining,MPRNet去雨,True,26.862517625981045,0.8428412076106815,0.3205885887145996,26.842879416164568,0.8336911108340325,0.3507388234138489,-0.01963820981647757,-0.00915009677664902,-0.030150234699249268
sample_43,43,defocus blur,medium,fbcnn_jpeg_artifact_removal,FBCNN JPEG伪影去除,True,26.862517625981045,0.8428412076106815,0.3205885887145996,26.863298145358222,0.8426675650227478,0.3264298439025879,0.0007805193771766028,-0.0001736425879337311,-0.005841255187988281
sample_43,43,defocus blur,medium,drbnet_defocus_deblurring,DRBNet散焦去模糊,True,26.862517625981045,0.8428412076106815,0.3205885887145996,29.13679920979878,0.9082035988207197,0.09953857958316803,2.2742815838177357,0.06536239121003817,0.22105000913143158
sample_43,43,defocus blur,medium,dehazeformer_dehaze,DehazeFormer去雾,True,26.862517625981045,0.8428412076106815,0.3205885887145996,24.386119148161065,0.8209224488372865,0.31618618965148926,-2.4763984778199806,-0.021918758773394997,0.0044023990631103516
sample_34,34,rain,low,swinir_denoising,SwinIR去噪,True,26.099044532310916,0.9411899919169212,0.14200246334075928,24.640787391081425,0.7824190403929888,0.26119011640548706,-1.4582571412294918,-0.1587709515239324,-0.11918765306472778
sample_34,34,rain,low,swinir_jpeg_artifact_removal,SwinIR JPEG伪影去除,True,26.099044532310916,0.9411899919169212,0.14200246334075928,24.032265259891936,0.7921229478201285,0.2116823047399521,-2.06677927241898,-0.14906704409679272,-0.06967984139919281
sample_34,34,rain,low,swinir_super_resolution,SwinIR超分辨率,True,26.099044532310916,0.9411899919169212,0.14200246334075928,23.955873433569362,0.7776498886423199,0.2462085336446762,-2.143171098741554,-0.16354010327460133,-0.10420607030391693
sample_34,34,rain,low,restormer_motion_deblurring,Restormer运动去模糊,True,26.099044532310916,0.9411899919169212,0.14200246334075928,25.943941716519312,0.9361698986501671,0.14425528049468994,-0.15510281579160434,-0.005020093266754122,-0.002252817153930664
sample_34,34,rain,low,restormer_defocus_deblurring,Restormer散焦去模糊,True,26.099044532310916,0.9411899919169212,0.14200246334075928,21.6230478086355,0.6747127383014494,0.1736045777797699,-4.475996723675415,-0.2664772536154718,-0.03160211443901062
sample_34,34,rain,low,restormer_deraining,Restormer去雨,True,26.099044532310916,0.9411899919169212,0.14200246334075928,25.80642390673164,0.9141398795746843,0.15570665895938873,-0.29262062557927493,-0.027050112342236865,-0.013704195618629456
sample_34,34,rain,low,xrestormer_motion_deblurring,XRestormer运动去模糊,True,26.099044532310916,0.9411899919169212,0.14200246334075928,15.408109264526928,0.48356938631778873,0.383417010307312,-10.690935267783988,-0.4576206055991325,-0.24141454696655273
sample_34,34,rain,low,xrestormer_deraining,XRestormer去雨,True,26.099044532310916,0.9411899919169212,0.14200246334075928,25.037153184041223,0.8605859692566221,0.18498574197292328,-1.0618913482696932,-0.08060402266029909,-0.042983278632164
sample_34,34,rain,low,mprnet_denoising,MPRNet去噪,True,26.099044532310916,0.9411899919169212,0.14200246334075928,24.340696784926735,0.7971976462821693,0.2493789792060852,-1.7583477473841818,-0.14399234563475194,-0.10737651586532593
sample_34,34,rain,low,mprnet_motion_deblurring,MPRNet运动去模糊,True,26.099044532310916,0.9411899919169212,0.14200246334075928,21.799509107005473,0.783483232636411,0.210290789604187,-4.299535425305443,-0.15770675928051026,-0.06828832626342773
sample_34,34,rain,low,mprnet_deraining,MPRNet去雨,True,26.099044532310916,0.9411899919169212,0.14200246334075928,26.43950895451475,0.9052168062547277,0.1627146452665329,0.34046442220383355,-0.03597318566219354,-0.02071218192577362
sample_34,34,rain,low,fbcnn_jpeg_artifact_removal,FBCNN JPEG伪影去除,True,26.099044532310916,0.9411899919169212,0.14200246334075928,25.818700159046827,0.9145672854558603,0.14422881603240967,-0.28034437326408934,-0.026622706461060908,-0.0022263526916503906
sample_34,34,rain,low,drbnet_defocus_deblurring,DRBNet散焦去模糊,True,26.099044532310916,0.9411899919169212,0.14200246334075928,26.084621653284373,0.9057170192395242,0.1447039395570755,-0.014422879026543711,-0.03547297267739702,-0.002701476216316223
sample_34,34,rain,low,dehazeformer_dehaze,DehazeFormer去雾,True,26.099044532310916,0.9411899919169212,0.14200246334075928,22.734437214936086,0.8785580641494443,0.16234762966632843,-3.36460731737483,-0.06263192776747695,-0.020345166325569153
sample_38,38,noise,medium,swinir_denoising,SwinIR去噪,True,23.285604837256354,0.608345227049533,0.19641122221946716,29.867635343700307,0.8467210065804828,0.18192264437675476,6.582030506443953,0.2383757795309498,0.014488577842712402
sample_38,38,noise,medium,swinir_jpeg_artifact_removal,SwinIR JPEG伪影去除,True,23.285604837256354,0.608345227049533,0.19641122221946716,23.314967234774706,0.6015895731107245,0.11121626198291779,0.029362397518351457,-0.0067556539388085035,0.08519496023654938
sample_38,38,noise,medium,swinir_super_resolution,SwinIR超分辨率,True,23.285604837256354,0.608345227049533,0.19641122221946716,24.30067173483269,0.7178003627625449,0.37498876452445984,1.015066897576336,0.10945513571301191,-0.17857754230499268
sample_38,38,noise,medium,restormer_motion_deblurring,Restormer运动去模糊,True,23.285604837256354,0.608345227049533,0.19641122221946716,22.1602602501267,0.5989632954760978,0.29188892245292664,-1.1253445871296535,-0.009381931573435143,-0.09547770023345947
sample_38,38,noise,medium,restormer_defocus_deblurring,Restormer散焦去模糊,True,23.285604837256354,0.608345227049533,0.19641122221946716,23.924035620053374,0.6623778658125943,0.22221285104751587,0.6384307827970197,0.0540326387630613,-0.025801628828048706
sample_38,38,noise,medium,restormer_deraining,Restormer去雨,True,23.285604837256354,0.608345227049533,0.19641122221946716,23.314018648154963,0.647959067790362,0.2987610101699829,0.02841381089860917,0.039613840740829076,-0.10234978795051575
sample_38,38,noise,medium,xrestormer_motion_deblurring,XRestormer运动去模糊,True,23.285604837256354,0.608345227049533,0.19641122221946716,15.659372330108024,0.336917663622375,0.5337240695953369,-7.62623250714833,-0.27142756342715796,-0.33731284737586975
sample_38,38,noise,medium,xrestormer_deraining,XRestormer去雨,True,23.285604837256354,0.608345227049533,0.19641122221946716,23.532742077907507,0.6944680993539133,0.20663993060588837,0.24713724065115272,0.08612287230438032,-0.010228708386421204
sample_38,38,noise,medium,mprnet_denoising,MPRNet去噪,True,23.285604837256354,0.608345227049533,0.19641122221946716,24.049968117414835,0.7002019866456216,0.3432483673095703,0.7643632801584808,0.09185675959608863,-0.14683714509010315
sample_38,38,noise,medium,mprnet_motion_deblurring,MPRNet运动去模糊,True,23.285604837256354,0.608345227049533,0.19641122221946716,6.013605096895668,0.09856974568042697,0.875931441783905,-17.271999740360688,-0.509775481369106,-0.6795202195644379
sample_38,38,noise,medium,mprnet_deraining,MPRNet去雨,True,23.285604837256354,0.608345227049533,0.19641122221946716,24.13216407751875,0.659501777814168,0.1699485331773758,0.846559240262394,0.05115655076463499,0.02646268904209137
sample_38,38,noise,medium,fbcnn_jpeg_artifact_removal,FBCNN JPEG伪影去除,True,23.285604837256354,0.608345227049533,0.19641122221946716,25.703508654319087,0.7071242939490219,0.2347377985715866,2.417903817062733,0.0987790668994889,-0.038326576352119446
sample_38,38,noise,medium,drbnet_defocus_deblurring,DRBNet散焦去模糊,True,23.285604837256354,0.608345227049533,0.19641122221946716,26.37358962197782,0.7266347256925254,0.17063826322555542,3.087984784721467,0.11828949864299243,0.025772958993911743
sample_38,38,noise,medium,dehazeformer_dehaze,DehazeFormer去雾,True,23.285604837256354,0.608345227049533,0.19641122221946716,14.874906351764386,0.5294870268898025,0.33553454279899597,-8.410698485491968,-0.07885820015973044,-0.1391233205795288
sample_32,32,haze,medium,swinir_denoising,SwinIR去噪,True,100.0,1.0,0.0,32.54917725812391,0.7533079462378481,0.40321189165115356,-67.4508227418761,-0.24669205376215186,-0.40321189165115356
sample_32,32,haze,medium,swinir_jpeg_artifact_removal,SwinIR JPEG伪影去除,True,100.0,1.0,0.0,36.733591350876786,0.9102906583169984,0.17309211194515228,-63.266408649123214,-0.0897093416830016,-0.17309211194515228
sample_32,32,haze,medium,swinir_super_resolution,SwinIR超分辨率,True,100.0,1.0,0.0,32.514978762086606,0.8621822490913497,0.3236313760280609,-67.4850212379134,-0.13781775090865034,-0.3236313760280609
sample_32,32,haze,medium,restormer_motion_deblurring,Restormer运动去模糊,True,100.0,1.0,0.0,50.37458583898989,0.997831688853909,0.004926374182105064,-49.62541416101011,-0.002168311146090951,-0.004926374182105064
sample_32,32,haze,medium,restormer_defocus_deblurring,Restormer散焦去模糊,True,100.0,1.0,0.0,28.85897620001774,0.9404247639091925,0.041396789252758026,-71.14102379998226,-0.059575236090807504,-0.041396789252758026
sample_32,32,haze,medium,restormer_deraining,Restormer去雨,True,100.0,1.0,0.0,50.2200992413222,0.9977988359327089,0.005071383900940418,-49.7799007586778,-0.002201164067291095,-0.005071383900940418
sample_32,32,haze,medium,xrestormer_motion_deblurring,XRestormer运动去模糊,True,100.0,1.0,0.0,26.238543853653336,0.7555768442860145,0.34254512190818787,-73.76145614634666,-0.24442315571398554,-0.34254512190818787
sample_32,32,haze,medium,xrestormer_deraining,XRestormer去雨,True,100.0,1.0,0.0,36.481229073765434,0.9886412987739428,0.028318112716078758,-63.518770926234566,-0.0113587012260572,-0.028318112716078758
sample_32,32,haze,medium,mprnet_denoising,MPRNet去噪,True,100.0,1.0,0.0,37.645277351718,0.9442252830449069,0.108648881316185,-62.354722648282,-0.05577471695509306,-0.108648881316185
sample_32,32,haze,medium,mprnet_motion_deblurring,MPRNet运动去模糊,True,100.0,1.0,0.0,50.17597021656644,0.9973165299531686,0.005585577338933945,-49.82402978343356,-0.0026834700468314487,-0.005585577338933945
sample_32,32,haze,medium,mprnet_deraining,MPRNet去雨,True,100.0,1.0,0.0,42.002166285547055,0.9820407510504472,0.04256619140505791,-57.997833714452945,-0.01795924894955281,-0.04256619140505791
sample_32,32,haze,medium,fbcnn_jpeg_artifact_removal,FBCNN JPEG伪影去除,True,100.0,1.0,0.0,49.326698819468774,0.9945770796452601,0.006407309323549271,-50.673301180531226,-0.005422920354739902,-0.006407309323549271
sample_32,32,haze,medium,drbnet_defocus_deblurring,DRBNet散焦去模糊,True,100.0,1.0,0.0,42.26305134035259,0.987040890782476,0.028534607961773872,-57.73694865964741,-0.012959109217523967,-0.028534607961773872
sample_32,32,haze,medium,dehazeformer_dehaze,DehazeFormer去雾,True,100.0,1.0,0.0,17.254276471717887,0.9300525596561217,0.08177138864994049,-82.74572352828211,-0.06994744034387834,-0.08177138864994049
sample_50,50,jpeg compression artifact,low,swinir_denoising,SwinIR去噪,True,33.79996476030031,0.8958807779389492,0.07451333105564117,32.86980287349609,0.8664520843296931,0.22002767026424408,-0.9301618868042212,-0.02942869360925604,-0.1455143392086029
sample_50,50,jpeg compression artifact,low,swinir_jpeg_artifact_removal,SwinIR JPEG伪影去除,True,33.79996476030031,0.8958807779389492,0.07451333105564117,35.20211063918394,0.9168859887986676,0.12096898257732391,1.4021458788836298,0.021005210859718404,-0.04645565152168274
sample_50,50,jpeg compression artifact,low,swinir_super_resolution,SwinIR超分辨率,True,33.79996476030031,0.8958807779389492,0.07451333105564117,31.66788834546619,0.8669260713419216,0.2002106010913849,-2.132076414834124,-0.02895470659702759,-0.1256972700357437
sample_50,50,jpeg compression artifact,low,restormer_motion_deblurring,Restormer运动去模糊,True,33.79996476030031,0.8958807779389492,0.07451333105564117,33.53417201467673,0.8936712631602303,0.07846558839082718,-0.26579274562358535,-0.0022095147787188907,-0.003952257335186005
sample_50,50,jpeg compression artifact,low,restormer_defocus_deblurring,Restormer散焦去模糊,True,33.79996476030031,0.8958807779389492,0.07451333105564117,26.625801285114154,0.8845854218280941,0.0912853553891182,-7.174163475186159,-0.011295356110855082,-0.01677202433347702
sample_50,50,jpeg compression artifact,low,restormer_deraining,Restormer去雨,True,33.79996476030031,0.8958807779389492,0.07451333105564117,33.94364275288657,0.9007936084974059,0.08206824958324432,0.14367799258625524,0.0049128305584567045,-0.007554918527603149
sample_50,50,jpeg compression artifact,low,xrestormer_motion_deblurring,XRestormer运动去模糊,True,33.79996476030031,0.8958807779389492,0.07451333105564117,23.954251794660067,0.7132172286349276,0.3058517873287201,-9.845712965640246,-0.1826635493040215,-0.23133845627307892
sample_50,50,jpeg compression artifact,low,xrestormer_deraining,XRestormer去雨,True,33.79996476030031,0.8958807779389492,0.07451333105564117,33.56645353370014,0.8997722057413754,0.0944802537560463,-0.23351122660017154,0.0038914278024262394,-0.01996692270040512
sample_50,50,jpeg compression artifact,low,mprnet_denoising,MPRNet去噪,True,33.79996476030031,0.8958807779389492,0.07451333105564117,34.054070637447595,0.9056955312352649,0.1278579831123352,0.25410587714728194,0.009814753296315759,-0.05334465205669403
sample_50,50,jpeg compression artifact,low,mprnet_motion_deblurring,MPRNet运动去模糊,True,33.79996476030031,0.8958807779389492,0.07451333105564117,31.55198412345878,0.8732372553388693,0.09248022735118866,-2.2479806368415325,-0.022643522600079846,-0.017966896295547485
sample_50,50,jpeg compression artifact,low,mprnet_deraining,MPRNet去雨,True,33.79996476030031,0.8958807779389492,0.07451333105564117,33.44822807971675,0.8994599893454086,0.12384684383869171,-0.35173668058356355,0.0035792114064594482,-0.04933351278305054
sample_50,50,jpeg compression artifact,low,fbcnn_jpeg_artifact_removal,FBCNN JPEG伪影去除,True,33.79996476030031,0.8958807779389492,0.07451333105564117,35.55091420237205,0.922031800884444,0.09582308679819107,1.750949442071736,0.026151022945494873,-0.021309755742549896
sample_50,50,jpeg compression artifact,low,drbnet_defocus_deblurring,DRBNet散焦去模糊,True,33.79996476030031,0.8958807779389492,0.07451333105564117,31.742735868825974,0.8699309281598321,0.09119080007076263,-2.057228891474338,-0.025949849779117073,-0.01667746901512146
sample_50,50,jpeg compression artifact,low,dehazeformer_dehaze,DehazeFormer去雾,True,33.79996476030031,0.8958807779389492,0.07451333105564117,24.927511468600528,0.8472681157005861,0.08401061594486237,-8.872453291699784,-0.048612662238363025,-0.009497284889221191
sample_55,55,low resolution,medium,swinir_denoising,SwinIR去噪,True,37.404649670100156,0.9949507233937168,0.012128747068345547,25.861788258812467,0.9135362082900427,0.1459657847881317,-11.542861411287689,-0.08141451510367415,-0.13383703771978617
sample_55,55,low resolution,medium,swinir_jpeg_artifact_removal,SwinIR JPEG伪影去除,True,37.404649670100156,0.9949507233937168,0.012128747068345547,25.862636753357265,0.9142744983266594,0.11636857688426971,-11.542012916742891,-0.0806762250670574,-0.10423982981592417
sample_55,55,low resolution,medium,swinir_super_resolution,SwinIR超分辨率,True,37.404649670100156,0.9949507233937168,0.012128747068345547,16.8819576608131,0.644396301459735,0.2053716480731964,-20.522692009287056,-0.3505544219339818,-0.19324290100485086
sample_55,55,low resolution,medium,restormer_motion_deblurring,Restormer运动去模糊,True,37.404649670100156,0.9949507233937168,0.012128747068345547,29.813471571163323,0.9786433255736119,0.01945900171995163,-7.591178098936833,-0.01630739782010493,-0.007330254651606083
sample_55,55,low resolution,medium,restormer_defocus_deblurring,Restormer散焦去模糊,True,37.404649670100156,0.9949507233937168,0.012128747068345547,26.857324943422455,0.9618418015677667,0.033707719296216965,-10.5473247266777,-0.033108921825950155,-0.021578972227871418
sample_55,55,low resolution,medium,restormer_deraining,Restormer去雨,True,37.404649670100156,0.9949507233937168,0.012128747068345547,30.570634038310807,0.9881252978089127,0.01957589015364647,-6.834015631789349,-0.006825425584804146,-0.007447143085300922
sample_55,55,low resolution,medium,xrestormer_motion_deblurring,XRestormer运动去模糊,True,37.404649670100156,0.9949507233937168,0.012128747068345547,12.859825892805043,0.4419723672641116,0.47086063027381897,-24.544823777295115,-0.5529783561296052,-0.4587318832054734
sample_55,55,low resolution,medium,xrestormer_deraining,XRestormer去雨,True,37.404649670100156,0.9949507233937168,0.012128747068345547,29.320744471635003,0.9787245790380519,0.027894072234630585,-8.083905198465153,-0.01622614435566494,-0.015765325166285038
sample_55,55,low resolution,medium,mprnet_denoising,MPRNet去噪,True,37.404649670100156,0.9949507233937168,0.012128747068345547,20.261187762801942,0.6698988054841788,0.42714923620224,-17.143461907298214,-0.325051917909538,-0.41502048913389444
sample_55,55,low resolution,medium,mprnet_motion_deblurring,MPRNet运动去模糊,True,37.404649670100156,0.9949507233937168,0.012128747068345547,16.832562909451077,0.5750373273283819,0.2770227789878845,-20.57208676064908,-0.41991339606533495,-0.264894031919539
sample_55,55,low resolution,medium,mprnet_deraining,MPRNet去雨,True,37.404649670100156,0.9949507233937168,0.012128747068345547,28.361996116995478,0.9796172955841768,0.021856639534235,-9.042653553104678,-0.015333427809540057,-0.009727892465889454
sample_55,55,low resolution,medium,fbcnn_jpeg_artifact_removal,FBCNN JPEG伪影去除,True,37.404649670100156,0.9949507233937168,0.012128747068345547,32.68074928685164,0.9845045359345205,0.019779948517680168,-4.7239003832485125,-0.010446187459196343,-0.007651201449334621
sample_55,55,low resolution,medium,drbnet_defocus_deblurring,DRBNet散焦去模糊,True,37.404649670100156,0.9949507233937168,0.012128747068345547,28.62470517730715,0.9583202161668368,0.057300638407468796,-8.779944492793007,-0.036630507226879994,-0.04517189133912325
sample_55,55,low resolution,medium,dehazeformer_dehaze,DehazeFormer去雾,True,37.404649670100156,0.9949507233937168,0.012128747068345547,29.20823798524652,0.9878330803838069,0.011782032437622547,-8.196411684853636,-0.007117643009909913,0.00034671463072299957
sample_52,52,haze,medium,swinir_denoising,SwinIR去噪,True,100.0,1.0,0.0,33.44654034576966,0.8769182040950154,0.20948471128940582,-66.55345965423034,-0.12308179590498458,-0.20948471128940582
sample_52,52,haze,medium,swinir_jpeg_artifact_removal,SwinIR JPEG伪影去除,True,100.0,1.0,0.0,34.95362719937666,0.9258966443180278,0.10421130061149597,-65.04637280062335,-0.07410335568197224,-0.10421130061149597
sample_52,52,haze,medium,swinir_super_resolution,SwinIR超分辨率,True,100.0,1.0,0.0,33.63605218291869,0.9357284310079835,0.1279396414756775,-66.36394781708131,-0.06427156899201647,-0.1279396414756775
sample_52,52,haze,medium,restormer_motion_deblurring,Restormer运动去模糊,True,100.0,1.0,0.0,42.012775717596476,0.9929434918559009,0.012114516459405422,-57.987224282403524,-0.007056508144099083,-0.012114516459405422
sample_52,52,haze,medium,restormer_defocus_deblurring,Restormer散焦去模糊,True,100.0,1.0,0.0,31.323122965646483,0.9588839427880224,0.045626450330019,-68.67687703435351,-0.04111605721197764,-0.045626450330019
sample_52,52,haze,medium,restormer_deraining,Restormer去雨,True,100.0,1.0,0.0,48.43673721003934,0.9959694477702344,0.008370596915483475,-51.56326278996066,-0.0040305522297655605,-0.008370596915483475
sample_52,52,haze,medium,xrestormer_motion_deblurring,XRestormer运动去模糊,True,100.0,1.0,0.0,22.028287552296742,0.7565896188229927,0.31809839606285095,-77.97171244770325,-0.2434103811770073,-0.31809839606285095
sample_52,52,haze,medium,xrestormer_deraining,XRestormer去雨,True,100.0,1.0,0.0,31.500567601781817,0.9748013692488203,0.01677699387073517,-68.49943239821818,-0.025198630751179674,-0.01677699387073517
sample_52,52,haze,medium,mprnet_denoising,MPRNet去噪,True,100.0,1.0,0.0,34.61725766408249,0.9402479622083147,0.08463306725025177,-65.38274233591751,-0.05975203779168525,-0.08463306725025177
sample_52,52,haze,medium,mprnet_motion_deblurring,MPRNet运动去模糊,True,100.0,1.0,0.0,39.371727749706345,0.9866150198481201,0.022847963497042656,-60.628272250293655,-0.013384980151879944,-0.022847963497042656
sample_52,52,haze,medium,mprnet_deraining,MPRNet去雨,True,100.0,1.0,0.0,40.1254018409971,0.9748217073897081,0.032745666801929474,-59.8745981590029,-0.02517829261029192,-0.032745666801929474
sample_52,52,haze,medium,fbcnn_jpeg_artifact_removal,FBCNN JPEG伪影去除,True,100.0,1.0,0.0,44.20251695569465,0.9919682390538646,0.003486820962280035,-55.79748304430535,-0.008031760946135447,-0.003486820962280035
sample_52,52,haze,medium,drbnet_defocus_deblurring,DRBNet散焦去模糊,True,100.0,1.0,0.0,32.1060638342142,0.9526973397242356,0.05000369995832443,-67.8939361657858,-0.04730266027576435,-0.05000369995832443
sample_52,52,haze,medium,dehazeformer_dehaze,DehazeFormer去雾,True,100.0,1.0,0.0,14.666413674218663,0.6876375064099567,0.12639161944389343,-85.33358632578134,-0.3123624935900433,-0.12639161944389343
sample_35,35,haze,high,swinir_denoising,SwinIR去噪,True,100.0,1.0,0.0,40.4444774905706,0.9707033696903226,0.07599908113479614,-59.5555225094294,-0.02929663030967744,-0.07599908113479614
sample_35,35,haze,high,swinir_jpeg_artifact_removal,SwinIR JPEG伪影去除,True,100.0,1.0,0.0,41.708547284840634,0.9805261710342843,0.0551130585372448,-58.291452715159366,-0.0194738289657157,-0.0551130585372448
sample_35,35,haze,high,swinir_super_resolution,SwinIR超分辨率,True,100.0,1.0,0.0,37.62658296868014,0.9767568829042487,0.11239416897296906,-62.37341703131986,-0.02324311709575133,-0.11239416897296906
sample_35,35,haze,high,restormer_motion_deblurring,Restormer运动去模糊,True,100.0,1.0,0.0,62.196514353240396,0.9999591276364278,0.0001393703860230744,-37.803485646759604,-4.087236357219748e-05,-0.0001393703860230744
sample_35,35,haze,high,restormer_defocus_deblurring,Restormer散焦去模糊,True,100.0,1.0,0.0,34.07616112781314,0.9924625139681115,0.015772396698594093,-65.92383887218686,-0.0075374860318885295,-0.015772396698594093
sample_35,35,haze,high,restormer_deraining,Restormer去雨,True,100.0,1.0,0.0,57.14751006789659,0.9988330611046335,0.004770876839756966,-42.85248993210341,-0.001166938895366454,-0.004770876839756966
sample_35,35,haze,high,xrestormer_motion_deblurring,XRestormer运动去模糊,True,100.0,1.0,0.0,25.257848418214405,0.8911257207958001,0.19345635175704956,-74.74215158178559,-0.1088742792041999,-0.19345635175704956
sample_35,35,haze,high,xrestormer_deraining,XRestormer去雨,True,100.0,1.0,0.0,26.526714241283045,0.9707418044456415,0.04088679328560829,-73.47328575871695,-0.02925819555435849,-0.04088679328560829
sample_35,35,haze,high,mprnet_denoising,MPRNet去噪,True,100.0,1.0,0.0,41.741063944964836,0.9898730853689637,0.03639460355043411,-58.258936055035164,-0.010126914631036321,-0.03639460355043411
sample_35,35,haze,high,mprnet_motion_deblurring,MPRNet运动去模糊,True,100.0,1.0,0.0,56.264983007177705,0.9996741829950765,0.0008399902144446969,-43.735016992822295,-0.00032581700492351207,-0.0008399902144446969
sample_35,35,haze,high,mprnet_deraining,MPRNet去雨,True,100.0,1.0,0.0,50.22162031567128,0.994877782386396,0.020269231870770454,-49.77837968432872,-0.005122217613603985,-0.020269231870770454
sample_35,35,haze,high,fbcnn_jpeg_artifact_removal,FBCNN JPEG伪影去除,True,100.0,1.0,0.0,48.80215687285467,0.995709605695888,0.005084927659481764,-51.19784312714533,-0.004290394304112044,-0.005084927659481764
sample_35,35,haze,high,drbnet_defocus_deblurring,DRBNet散焦去模糊,True,100.0,1.0,0.0,41.47638715696519,0.995319771738556,0.01454303041100502,-58.52361284303481,-0.004680228261443986,-0.01454303041100502
sample_35,35,haze,high,dehazeformer_dehaze,DehazeFormer去雾,True,100.0,1.0,0.0,15.51334909826796,0.8085755869562045,0.14100725948810577,-84.48665090173203,-0.19142441304379554,-0.14100725948810577
sample_54,54,dark,very high,swinir_denoising,SwinIR去噪,True,11.904528476056717,0.5999215479079153,0.21367016434669495,11.774214692260967,0.3730738677504903,0.5466474294662476,-0.13031378379574932,-0.226847680157425,-0.3329772651195526
sample_54,54,dark,very high,swinir_jpeg_artifact_removal,SwinIR JPEG伪影去除,True,11.904528476056717,0.5999215479079153,0.21367016434669495,11.810097982462285,0.49771329985109025,0.36717453598976135,-0.09443049359443201,-0.10220824805682505,-0.1535043716430664
sample_54,54,dark,very high,swinir_super_resolution,SwinIR超分辨率,True,11.904528476056717,0.5999215479079153,0.21367016434669495,11.212337104896983,0.5255583521450967,0.44263380765914917,-0.6921913711597334,-0.07436319576281858,-0.22896364331245422
sample_54,54,dark,very high,restormer_motion_deblurring,Restormer运动去模糊,True,11.904528476056717,0.5999215479079153,0.21367016434669495,11.89680497152795,0.6139188229340803,0.21348914504051208,-0.007723504528767577,0.01399727502616499,0.00018101930618286133
sample_54,54,dark,very high,restormer_defocus_deblurring,Restormer散焦去模糊,True,11.904528476056717,0.5999215479079153,0.21367016434669495,12.922493887198705,0.6843386456226234,0.21883302927017212,1.0179654111419882,0.08441709771470807,-0.005162864923477173
sample_54,54,dark,very high,restormer_deraining,Restormer去雨,True,11.904528476056717,0.5999215479079153,0.21367016434669495,11.877627660541727,0.5919864928724218,0.21739259362220764,-0.02690081551499013,-0.007935055035493521,-0.0037224292755126953
sample_54,54,dark,very high,xrestormer_motion_deblurring,XRestormer运动去模糊,True,11.904528476056717,0.5999215479079153,0.21367016434669495,11.233549542941558,0.46921902450353764,0.46963003277778625,-0.6709789331151583,-0.13070252340437766,-0.2559598684310913
sample_54,54,dark,very high,xrestormer_deraining,XRestormer去雨,True,11.904528476056717,0.5999215479079153,0.21367016434669495,11.820407382332823,0.5831995708690819,0.22346124053001404,-0.08412109372389409,-0.01672197703883338,-0.009791076183319092
sample_54,54,dark,very high,mprnet_denoising,MPRNet去噪,True,11.904528476056717,0.5999215479079153,0.21367016434669495,11.900101142187525,0.5226695879616111,0.3171601891517639,-0.004427333869191585,-0.07725195994630418,-0.10349002480506897
sample_54,54,dark,very high,mprnet_motion_deblurring,MPRNet运动去模糊,True,11.904528476056717,0.5999215479079153,0.21367016434669495,11.916958253638166,0.6111759590461984,0.21194016933441162,0.01242977758144903,0.011254411138283071,0.0017299950122833252
sample_54,54,dark,very high,mprnet_deraining,MPRNet去雨,True,11.904528476056717,0.5999215479079153,0.21367016434669495,11.15794974441847,0.49061329759792266,0.2785665988922119,-0.7465787316382464,-0.10930825030999264,-0.06489643454551697
sample_54,54,dark,very high,fbcnn_jpeg_artifact_removal,FBCNN JPEG伪影去除,True,11.904528476056717,0.5999215479079153,0.21367016434669495,11.90600052247984,0.5919725486830879,0.2181418240070343,0.0014720464231228192,-0.007948999224827391,-0.0044716596603393555
sample_54,54,dark,very high,drbnet_defocus_deblurring,DRBNet散焦去模糊,True,11.904528476056717,0.5999215479079153,0.21367016434669495,12.243923395365666,0.6243763845998825,0.24133585393428802,0.3393949193089494,0.02445483669196724,-0.02766568958759308
sample_54,54,dark,very high,dehazeformer_dehaze,DehazeFormer去雾,True,11.904528476056717,0.5999215479079153,0.21367016434669495,10.832278759446975,0.5213101349326689,0.2500363290309906,-1.0722497166097416,-0.07861141297524643,-0.036366164684295654
sample_46,46,jpeg compression artifact,high,swinir_denoising,SwinIR去噪,True,24.437414288486956,0.7790872876523913,0.1735944300889969,25.03406542546124,0.7635699373132789,0.31989607214927673,0.596651136974284,-0.01551735033911239,-0.14630164206027985
sample_46,46,jpeg compression artifact,high,swinir_jpeg_artifact_removal,SwinIR JPEG伪影去除,True,24.437414288486956,0.7790872876523913,0.1735944300889969,25.742019100700965,0.8086891323956102,0.1504020094871521,1.3046048122140093,0.02960184474321892,0.023192420601844788
sample_46,46,jpeg compression artifact,high,swinir_super_resolution,SwinIR超分辨率,True,24.437414288486956,0.7790872876523913,0.1735944300889969,20.78316222937839,0.5287208689749815,0.5322791337966919,-3.6542520591085648,-0.25036641867740983,-0.358684703707695
sample_46,46,jpeg compression artifact,high,restormer_motion_deblurring,Restormer运动去模糊,True,24.437414288486956,0.7790872876523913,0.1735944300889969,24.22069327077219,0.7748077060227679,0.16967973113059998,-0.21672101771476449,-0.004279581629623386,0.003914698958396912
sample_46,46,jpeg compression artifact,high,restormer_defocus_deblurring,Restormer散焦去模糊,True,24.437414288486956,0.7790872876523913,0.1735944300889969,22.1921584480175,0.7281098810748438,0.16674436628818512,-2.2452558404694543,-0.05097740657754757,0.006850063800811768
sample_46,46,jpeg compression artifact,high,restormer_deraining,Restormer去雨,True,24.437414288486956,0.7790872876523913,0.1735944300889969,24.15959497891663,0.7718834168394394,0.19753557443618774,-0.27781930957032586,-0.007203870812951929,-0.023941144347190857
sample_46,46,jpeg compression artifact,high,xrestormer_motion_deblurring,XRestormer运动去模糊,True,24.437414288486956,0.7790872876523913,0.1735944300889969,14.566952138883027,0.3718245430469735,0.5289152264595032,-9.870462149603929,-0.40726274460541784,-0.3553207963705063
sample_46,46,jpeg compression artifact,high,xrestormer_deraining,XRestormer去雨,True,24.437414288486956,0.7790872876523913,0.1735944300889969,23.544763130745462,0.7623954311515408,0.1980779618024826,-0.8926511577414935,-0.016691856500850477,-0.024483531713485718
sample_46,46,jpeg compression artifact,high,mprnet_denoising,MPRNet去噪,True,24.437414288486956,0.7790872876523913,0.1735944300889969,24.279544990396495,0.7426106181696434,0.2940120995044708,-0.15786929809046057,-0.03647666948274797,-0.12041766941547394
sample_46,46,jpeg compression artifact,high,mprnet_motion_deblurring,MPRNet运动去模糊,True,24.437414288486956,0.7790872876523913,0.1735944300889969,24.159588386279196,0.773608794583562,0.17105931043624878,-0.27782590220775916,-0.005478493068829304,0.002535119652748108
sample_46,46,jpeg compression artifact,high,mprnet_deraining,MPRNet去雨,True,24.437414288486956,0.7790872876523913,0.1735944300889969,24.096231566282835,0.7496900717616972,0.22760912775993347,-0.3411827222041204,-0.029397215890694106,-0.054014697670936584
sample_46,46,jpeg compression artifact,high,fbcnn_jpeg_artifact_removal,FBCNN JPEG伪影去除,True,24.437414288486956,0.7790872876523913,0.1735944300889969,25.73180630485411,0.7993650397999911,0.17593763768672943,1.294392016367155,0.020277752147599748,-0.002343207597732544
sample_46,46,jpeg compression artifact,high,drbnet_defocus_deblurring,DRBNet散焦去模糊,True,24.437414288486956,0.7790872876523913,0.1735944300889969,24.135339340558875,0.7584874305360191,0.17415207624435425,-0.3020749479280802,-0.020599857116372244,-0.0005576461553573608
sample_46,46,jpeg compression artifact,high,dehazeformer_dehaze,DehazeFormer去雾,True,24.437414288486956,0.7790872876523913,0.1735944300889969,24.38578898196586,0.7816987536850766,0.1692924201488495,-0.05162530652109609,0.00261146603268525,0.0043020099401474
sample_40,40,dark,medium,swinir_denoising,SwinIR去噪,True,19.362955824785267,0.8818760106488236,0.03568063676357269,18.9853871001687,0.7938195685055708,0.16963520646095276,-0.377568724616566,-0.08805644214325281,-0.13395456969738007
sample_40,40,dark,medium,swinir_jpeg_artifact_removal,SwinIR JPEG伪影去除,True,19.362955824785267,0.8818760106488236,0.03568063676357269,18.901706320344193,0.7906106149875431,0.0945400595664978,-0.46124950444107427,-0.09126539566128045,-0.05885942280292511
sample_40,40,dark,medium,swinir_super_resolution,SwinIR超分辨率,True,19.362955824785267,0.8818760106488236,0.03568063676357269,17.7773678514802,0.6911577035898618,0.3392581045627594,-1.585587973305067,-0.19071830705896176,-0.3035774677991867
sample_40,40,dark,medium,restormer_motion_deblurring,Restormer运动去模糊,True,19.362955824785267,0.8818760106488236,0.03568063676357269,19.43671352776495,0.8854239756469919,0.037255555391311646,0.07375770297968387,0.0035479649981683403,-0.0015749186277389526
sample_40,40,dark,medium,restormer_defocus_deblurring,Restormer散焦去模糊,True,19.362955824785267,0.8818760106488236,0.03568063676357269,21.463661286351233,0.8986467861885744,0.04666518047451973,2.1007054615659655,0.016770775539750815,-0.010984543710947037
sample_40,40,dark,medium,restormer_deraining,Restormer去雨,True,19.362955824785267,0.8818760106488236,0.03568063676357269,19.38802298572007,0.8756984365751351,0.035640034824609756,0.025067160934803212,-0.006177574073688463,4.06019389629364e-05
sample_40,40,dark,medium,xrestormer_motion_deblurring,XRestormer运动去模糊,True,19.362955824785267,0.8818760106488236,0.03568063676357269,14.671055603697546,0.4741157477349049,0.39801865816116333,-4.691900221087721,-0.4077602629139187,-0.36233802139759064
sample_40,40,dark,medium,xrestormer_deraining,XRestormer去雨,True,19.362955824785267,0.8818760106488236,0.03568063676357269,16.691059866266386,0.8441947741943542,0.05328457057476044,-2.6718959585188813,-0.03768123645446941,-0.017603933811187744
sample_40,40,dark,medium,mprnet_denoising,MPRNet去噪,True,19.362955824785267,0.8818760106488236,0.03568063676357269,19.337582901166634,0.803172006974235,0.1587979942560196,-0.02537292361863308,-0.07870400367458863,-0.1231173574924469
sample_40,40,dark,medium,mprnet_motion_deblurring,MPRNet运动去模糊,True,19.362955824785267,0.8818760106488236,0.03568063676357269,19.278269805029975,0.8779920022572663,0.04277597367763519,-0.08468601975529211,-0.0038840083915573365,-0.0070953369140625
sample_40,40,dark,medium,mprnet_deraining,MPRNet去雨,True,19.362955824785267,0.8818760106488236,0.03568063676357269,19.072775383133507,0.8730363120520116,0.0502714179456234,-0.29018044165175993,-0.008839698596811996,-0.014590781182050705
sample_40,40,dark,medium,fbcnn_jpeg_artifact_removal,FBCNN JPEG伪影去除,True,19.362955824785267,0.8818760106488236,0.03568063676357269,19.319149132093322,0.8589159746064731,0.03520946204662323,-0.043806692691944704,-0.02296003604235053,0.0004711747169494629
sample_40,40,dark,medium,drbnet_defocus_deblurring,DRBNet散焦去模糊,True,19.362955824785267,0.8818760106488236,0.03568063676357269,19.63458897275892,0.8946342477230825,0.041500113904476166,0.27163314797365246,0.012758237074258938,-0.005819477140903473
sample_40,40,dark,medium,dehazeformer_dehaze,DehazeFormer去雾,True,19.362955824785267,0.8818760106488236,0.03568063676357269,16.04897520180591,0.821392337400686,0.06283313035964966,-3.313980622979358,-0.06048367324813764,-0.027152493596076965
sample_47,47,jpeg compression artifact,low,swinir_denoising,SwinIR去噪,True,26.5076388217509,0.8484140842153939,0.07453519850969315,26.61452839361999,0.8238611714772199,0.18789412081241608,0.1068895718690932,-0.02455291273817395,-0.11335892230272293
sample_47,47,jpeg compression artifact,low,swinir_jpeg_artifact_removal,SwinIR JPEG伪影去除,True,26.5076388217509,0.8484140842153939,0.07453519850969315,29.105309080506878,0.904771938287792,0.0644654929637909,2.5976702587559792,0.05635785407239813,0.010069705545902252
sample_47,47,jpeg compression artifact,low,swinir_super_resolution,SwinIR超分辨率,True,26.5076388217509,0.8484140842153939,0.07453519850969315,24.305246099257655,0.7611848743024304,0.3330930769443512,-2.2023927224932436,-0.08722920991296346,-0.25855787843465805
sample_47,47,jpeg compression artifact,low,restormer_motion_deblurring,Restormer运动去模糊,True,26.5076388217509,0.8484140842153939,0.07453519850969315,26.199089900669126,0.8390160719107117,0.08387982100248337,-0.3085489210817727,-0.00939801230468218,-0.009344622492790222
sample_47,47,jpeg compression artifact,low,restormer_defocus_deblurring,Restormer散焦去模糊,True,26.5076388217509,0.8484140842153939,0.07453519850969315,24.191152240825552,0.8142022581109062,0.12756547331809998,-2.3164865809253463,-0.0342118261044877,-0.05303027480840683
sample_47,47,jpeg compression artifact,low,restormer_deraining,Restormer去雨,True,26.5076388217509,0.8484140842153939,0.07453519850969315,26.101745571728966,0.8501478151147724,0.07626873254776001,-0.40589325002193277,0.0017337308993785605,-0.001733534038066864
sample_47,47,jpeg compression artifact,low,xrestormer_motion_deblurring,XRestormer运动去模糊,True,26.5076388217509,0.8484140842153939,0.07453519850969315,17.403328806376194,0.5228652876253123,0.38488155603408813,-9.104310015374704,-0.3255487965900816,-0.310346357524395
sample_47,47,jpeg compression artifact,low,xrestormer_deraining,XRestormer去雨,True,26.5076388217509,0.8484140842153939,0.07453519850969315,25.89956266263753,0.8492189825568742,0.07662096619606018,-0.6080761591133701,0.0008048983414803423,-0.002085767686367035
sample_47,47,jpeg compression artifact,low,mprnet_denoising,MPRNet去噪,True,26.5076388217509,0.8484140842153939,0.07453519850969315,26.21812249270509,0.8282081815729772,0.13192228972911835,-0.28951632904581004,-0.02020590264241673,-0.0573870912194252
sample_47,47,jpeg compression artifact,low,mprnet_motion_deblurring,MPRNet运动去模糊,True,26.5076388217509,0.8484140842153939,0.07453519850969315,26.1607624470764,0.8397768117440507,0.08059833943843842,-0.3468763746744976,-0.00863727247134316,-0.00606314092874527
sample_47,47,jpeg compression artifact,low,mprnet_deraining,MPRNet去雨,True,26.5076388217509,0.8484140842153939,0.07453519850969315,22.879292539689395,0.7901457957005942,0.11116893589496613,-3.6283462820615036,-0.058268288514799704,-0.03663373738527298
sample_47,47,jpeg compression artifact,low,fbcnn_jpeg_artifact_removal,FBCNN JPEG伪影去除,True,26.5076388217509,0.8484140842153939,0.07453519850969315,27.763474598143546,0.885524570420925,0.06930805742740631,1.2558357763926473,0.037110486205531146,0.005227141082286835
sample_47,47,jpeg compression artifact,low,drbnet_defocus_deblurring,DRBNet散焦去模糊,True,26.5076388217509,0.8484140842153939,0.07453519850969315,26.157202632540006,0.8318380891157195,0.083976611495018,-0.3504361892108925,-0.016575995099674334,-0.00944141298532486
sample_47,47,jpeg compression artifact,low,dehazeformer_dehaze,DehazeFormer去雾,True,26.5076388217509,0.8484140842153939,0.07453519850969315,25.242936550713573,0.845718954973553,0.07629420608282089,-1.2647022710373257,-0.002695129241840899,-0.0017590075731277466
sample_45,45,haze,medium,swinir_denoising,SwinIR去噪,True,100.0,1.0,0.0,29.52914962944844,0.8052208143296312,0.27078408002853394,-70.47085037055156,-0.19477918567036878,-0.27078408002853394
sample_45,45,haze,medium,swinir_jpeg_artifact_removal,SwinIR JPEG伪影去除,True,100.0,1.0,0.0,29.970890308761827,0.8719663704308368,0.14092808961868286,-70.02910969123818,-0.1280336295691632,-0.14092808961868286
sample_45,45,haze,medium,swinir_super_resolution,SwinIR超分辨率,True,100.0,1.0,0.0,26.90965083739515,0.8473548367164255,0.3352804183959961,-73.09034916260485,-0.15264516328357447,-0.3352804183959961
sample_45,45,haze,medium,restormer_motion_deblurring,Restormer运动去模糊,True,100.0,1.0,0.0,42.506444670286,0.9956034166863023,0.006773401517421007,-57.493555329714,-0.004396583313697744,-0.006773401517421007
sample_45,45,haze,medium,restormer_defocus_deblurring,Restormer散焦去模糊,True,100.0,1.0,0.0,25.449012199905255,0.7495222474219191,0.24662308394908905,-74.55098780009475,-0.2504777525780809,-0.24662308394908905
sample_45,45,haze,medium,restormer_deraining,Restormer去雨,True,100.0,1.0,0.0,44.03450411138833,0.9957854306847335,0.0054422952234745026,-55.96549588861167,-0.0042145693152665364,-0.0054422952234745026
sample_45,45,haze,medium,xrestormer_motion_deblurring,XRestormer运动去模糊,True,100.0,1.0,0.0,18.65349545534506,0.5748262594606602,0.5425963401794434,-81.34650454465495,-0.42517374053933976,-0.5425963401794434
sample_45,45,haze,medium,xrestormer_deraining,XRestormer去雨,True,100.0,1.0,0.0,32.952340857083016,0.9879996946672174,0.01590045727789402,-67.04765914291698,-0.012000305332782624,-0.01590045727789402
sample_45,45,haze,medium,mprnet_denoising,MPRNet去噪,True,100.0,1.0,0.0,29.929181094738535,0.9160327398465383,0.20106688141822815,-70.07081890526146,-0.08396726015346168,-0.20106688141822815
sample_45,45,haze,medium,mprnet_motion_deblurring,MPRNet运动去模糊,True,100.0,1.0,0.0,39.46265088793359,0.9927402359056474,0.01582087203860283,-60.53734911206641,-0.007259764094352583,-0.01582087203860283
sample_45,45,haze,medium,mprnet_deraining,MPRNet去雨,True,100.0,1.0,0.0,32.614788888139145,0.9241518589380479,0.09913112223148346,-67.38521111186085,-0.07584814106195215,-0.09913112223148346
sample_45,45,haze,medium,fbcnn_jpeg_artifact_removal,FBCNN JPEG伪影去除,True,100.0,1.0,0.0,39.32792697844684,0.9864525439328147,0.011203266680240631,-60.67207302155316,-0.013547456067185326,-0.011203266680240631
sample_45,45,haze,medium,drbnet_defocus_deblurring,DRBNet散焦去模糊,True,100.0,1.0,0.0,34.45531346177453,0.9791880100445937,0.02308579720556736,-65.54468653822548,-0.02081198995540634,-0.02308579720556736
sample_45,45,haze,medium,dehazeformer_dehaze,DehazeFormer去雾,True,100.0,1.0,0.0,13.693453656001942,0.6004015350058073,0.15503691136837006,-86.30654634399806,-0.3995984649941927,-0.15503691136837006
sample_53,53,defocus blur,low,swinir_denoising,SwinIR去噪,True,21.157196929941847,0.7801871070775647,0.38361048698425293,20.67242947813356,0.7257997175294345,0.3965485394001007,-0.4847674518082883,-0.05438738954813016,-0.012938052415847778
sample_53,53,defocus blur,low,swinir_jpeg_artifact_removal,SwinIR JPEG伪影去除,True,21.157196929941847,0.7801871070775647,0.38361048698425293,20.766922136284638,0.7366299610165202,0.4019413888454437,-0.3902747936572091,-0.04355714606104444,-0.018330901861190796
sample_53,53,defocus blur,low,swinir_super_resolution,SwinIR超分辨率,True,21.157196929941847,0.7801871070775647,0.38361048698425293,21.175928360803333,0.7080389185544478,0.2210587114095688,0.018731430861485876,-0.07214818852311689,0.16255177557468414
sample_53,53,defocus blur,low,restormer_motion_deblurring,Restormer运动去模糊,True,21.157196929941847,0.7801871070775647,0.38361048698425293,22.442658755590294,0.8415244263074859,0.3139972984790802,1.2854618256484471,0.06133731922992125,0.06961318850517273
sample_53,53,defocus blur,low,restormer_defocus_deblurring,Restormer散焦去模糊,True,21.157196929941847,0.7801871070775647,0.38361048698425293,22.82403677948416,0.867754682318164,0.15069904923439026,1.6668398495423133,0.08756757524059933,0.23291143774986267
sample_53,53,defocus blur,low,restormer_deraining,Restormer去雨,True,21.157196929941847,0.7801871070775647,0.38361048698425293,21.133573494146987,0.7776923392300419,0.38855141401290894,-0.02362343579486037,-0.002494767847522783,-0.004940927028656006
sample_53,53,defocus blur,low,xrestormer_motion_deblurring,XRestormer运动去模糊,True,21.157196929941847,0.7801871070775647,0.38361048698425293,15.966241132756823,0.6416736683068226,0.24636432528495789,-5.190955797185024,-0.13851343877074207,0.13724616169929504
sample_53,53,defocus blur,low,xrestormer_deraining,XRestormer去雨,True,21.157196929941847,0.7801871070775647,0.38361048698425293,21.173941180946777,0.7790163253892205,0.3927822709083557,0.016744251004929822,-0.001170781688344169,-0.009171783924102783
sample_53,53,defocus blur,low,mprnet_denoising,MPRNet去噪,True,21.157196929941847,0.7801871070775647,0.38361048698425293,20.209032828698007,0.71101450621215,0.4340548813343048,-0.9481641012438402,-0.06917260086541466,-0.05044439435005188
sample_53,53,defocus blur,low,mprnet_motion_deblurring,MPRNet运动去模糊,True,21.157196929941847,0.7801871070775647,0.38361048698425293,19.43027018740777,0.7181413803946718,0.30616509914398193,-1.7269267425340757,-0.06204572668289288,0.077445387840271
sample_53,53,defocus blur,low,mprnet_deraining,MPRNet去雨,True,21.157196929941847,0.7801871070775647,0.38361048698425293,20.889284210744357,0.7617828610309317,0.3832108676433563,-0.26791271919748993,-0.018404246046632933,0.00039961934089660645
sample_53,53,defocus blur,low,fbcnn_jpeg_artifact_removal,FBCNN JPEG伪影去除,True,21.157196929941847,0.7801871070775647,0.38361048698425293,21.171739199468096,0.7787901332016034,0.38466885685920715,0.01454226952624893,-0.0013969738759612715,-0.0010583698749542236
sample_53,53,defocus blur,low,drbnet_defocus_deblurring,DRBNet散焦去模糊,True,21.157196929941847,0.7801871070775647,0.38361048698425293,22.687521460083442,0.8646427768808232,0.13894355297088623,1.5303245301415949,0.08445566980325858,0.2446669340133667
sample_53,53,defocus blur,low,dehazeformer_dehaze,DehazeFormer去雾,True,21.157196929941847,0.7801871070775647,0.38361048698425293,21.037061071890164,0.7779422504876874,0.3805580139160156,-0.12013585805168248,-0.0022448565898772754,0.0030524730682373047
sample_56,56,haze,very high,swinir_denoising,SwinIR去噪,True,100.0,1.0,0.0,36.68557990404676,0.9417631351688766,0.10826855152845383,-63.31442009595324,-0.05823686483112345,-0.10826855152845383
sample_56,56,haze,very high,swinir_jpeg_artifact_removal,SwinIR JPEG伪影去除,True,100.0,1.0,0.0,36.585629486752154,0.9533140763191922,0.09317462146282196,-63.414370513247846,-0.04668592368080782,-0.09317462146282196
sample_56,56,haze,very high,swinir_super_resolution,SwinIR超分辨率,True,100.0,1.0,0.0,35.50490146538739,0.9518338419358016,0.14252233505249023,-64.49509853461261,-0.04816615806419844,-0.14252233505249023
sample_56,56,haze,very high,restormer_motion_deblurring,Restormer运动去模糊,True,100.0,1.0,0.0,42.709749163939165,0.9935002632463877,0.011544598266482353,-57.290250836060835,-0.006499736753612262,-0.011544598266482353
sample_56,56,haze,very high,restormer_defocus_deblurring,Restormer散焦去模糊,True,100.0,1.0,0.0,30.507004620257142,0.9480846714422831,0.08031199872493744,-69.49299537974287,-0.051915328557716856,-0.08031199872493744
sample_56,56,haze,very high,restormer_deraining,Restormer去雨,True,100.0,1.0,0.0,47.8597461428323,0.9927490898238439,0.033792439848184586,-52.1402538571677,-0.007250910176156089,-0.033792439848184586
sample_56,56,haze,very high,xrestormer_motion_deblurring,XRestormer运动去模糊,True,100.0,1.0,0.0,22.912018642211113,0.8050719968854447,0.2525733411312103,-77.08798135778889,-0.19492800311455527,-0.2525733411312103
sample_56,56,haze,very high,xrestormer_deraining,XRestormer去雨,True,100.0,1.0,0.0,35.1693643756669,0.9909646002778189,0.01896705850958824,-64.8306356243331,-0.009035399722181148,-0.01896705850958824
sample_56,56,haze,very high,mprnet_denoising,MPRNet去噪,True,100.0,1.0,0.0,38.795607422373976,0.9719225786185715,0.08232096582651138,-61.204392577626024,-0.028077421381428547,-0.08232096582651138
sample_56,56,haze,very high,mprnet_motion_deblurring,MPRNet运动去模糊,True,100.0,1.0,0.0,36.84715362978752,0.9809049595205721,0.03230041265487671,-63.15284637021248,-0.019095040479427894,-0.03230041265487671
sample_56,56,haze,very high,mprnet_deraining,MPRNet去雨,True,100.0,1.0,0.0,42.726901241198696,0.9855433644029515,0.054877132177352905,-57.273098758801304,-0.014456635597048462,-0.054877132177352905
sample_56,56,haze,very high,fbcnn_jpeg_artifact_removal,FBCNN JPEG伪影去除,True,100.0,1.0,0.0,42.821140431633026,0.9876261726666274,0.010404539294540882,-57.178859568366974,-0.012373827333372556,-0.010404539294540882
sample_56,56,haze,very high,drbnet_defocus_deblurring,DRBNet散焦去模糊,True,100.0,1.0,0.0,32.85310398314198,0.955175156050835,0.07344256341457367,-67.14689601685802,-0.04482484394916497,-0.07344256341457367
sample_56,56,haze,very high,dehazeformer_dehaze,DehazeFormer去雾,True,100.0,1.0,0.0,13.456479666148695,0.6422455570155773,0.1742716282606125,-86.5435203338513,-0.3577544429844227,-0.1742716282606125
sample_49,49,motion blur,low,swinir_denoising,SwinIR去噪,True,23.666897762490358,0.7049744770033602,0.21107812225818634,23.252465461927628,0.6281052592089328,0.32097455859184265,-0.41443230056272995,-0.07686921779442746,-0.10989643633365631
sample_49,49,motion blur,low,swinir_jpeg_artifact_removal,SwinIR JPEG伪影去除,True,23.666897762490358,0.7049744770033602,0.21107812225818634,23.187267462493605,0.6587816414482477,0.23288725316524506,-0.479630299996753,-0.046192835555112555,-0.021809130907058716
sample_49,49,motion blur,low,swinir_super_resolution,SwinIR超分辨率,True,23.666897762490358,0.7049744770033602,0.21107812225818634,21.701865282493735,0.5805272502280318,0.30557045340538025,-1.9650324799966228,-0.12444722677532849,-0.09449233114719391
sample_49,49,motion blur,low,restormer_motion_deblurring,Restormer运动去模糊,True,23.666897762490358,0.7049744770033602,0.21107812225818634,22.80453589814445,0.6696716178295352,0.11039774864912033,-0.8623618643459068,-0.03530285917382503,0.10068037360906601
sample_49,49,motion blur,low,restormer_defocus_deblurring,Restormer散焦去模糊,True,23.666897762490358,0.7049744770033602,0.21107812225818634,24.028969156267927,0.7596496917927072,0.17249661684036255,0.36207139377756903,0.054675214789347004,0.03858150541782379
sample_49,49,motion blur,low,restormer_deraining,Restormer去雨,True,23.666897762490358,0.7049744770033602,0.21107812225818634,23.651361490493397,0.7025403514220804,0.2174394726753235,-0.015536271996960949,-0.0024341255812798668,-0.006361350417137146
sample_49,49,motion blur,low,xrestormer_motion_deblurring,XRestormer运动去模糊,True,23.666897762490358,0.7049744770033602,0.21107812225818634,16.634141579903915,0.49878404490381745,0.4082912504673004,-7.032756182586443,-0.2061904320995428,-0.19721312820911407
sample_49,49,motion blur,low,xrestormer_deraining,XRestormer去雨,True,23.666897762490358,0.7049744770033602,0.21107812225818634,23.52685419406871,0.7022049242116641,0.21678857505321503,-0.14004356842164611,-0.002769552791696106,-0.0057104527950286865
sample_49,49,motion blur,low,mprnet_denoising,MPRNet去噪,True,23.666897762490358,0.7049744770033602,0.21107812225818634,23.374678366498877,0.6518071286150846,0.2849256694316864,-0.2922193959914807,-0.05316734838827564,-0.07384754717350006
sample_49,49,motion blur,low,mprnet_motion_deblurring,MPRNet运动去模糊,True,23.666897762490358,0.7049744770033602,0.21107812225818634,22.167035496790483,0.6722332662654534,0.13845431804656982,-1.4998622656998748,-0.03274121073790681,0.07262380421161652
sample_49,49,motion blur,low,mprnet_deraining,MPRNet去雨,True,23.666897762490358,0.7049744770033602,0.21107812225818634,23.433544555064323,0.6990198233113841,0.23655369877815247,-0.23335320742603471,-0.0059546536919761195,-0.025475576519966125
sample_49,49,motion blur,low,fbcnn_jpeg_artifact_removal,FBCNN JPEG伪影去除,True,23.666897762490358,0.7049744770033602,0.21107812225818634,23.56945364551978,0.6962596881257541,0.21121716499328613,-0.09744411697057842,-0.008714788877606128,-0.00013904273509979248
sample_49,49,motion blur,low,drbnet_defocus_deblurring,DRBNet散焦去模糊,True,23.666897762490358,0.7049744770033602,0.21107812225818634,22.795397168296866,0.6698265635299353,0.17657916247844696,-0.8715005941934919,-0.03514791347342494,0.03449895977973938
sample_49,49,motion blur,low,dehazeformer_dehaze,DehazeFormer去雾,True,23.666897762490358,0.7049744770033602,0.21107812225818634,17.677970308167275,0.6319303889246484,0.22811366617679596,-5.988927454323083,-0.07304408807871188,-0.01703554391860962
sample_61,61,jpeg compression artifact,low,swinir_denoising,SwinIR去噪,True,25.90412280039179,0.882684485453555,0.0801805928349495,25.98741083494785,0.8554269299214868,0.2079368382692337,0.08328803455605893,-0.02725755553206821,-0.1277562454342842
sample_61,61,jpeg compression artifact,low,swinir_jpeg_artifact_removal,SwinIR JPEG伪影去除,True,25.90412280039179,0.882684485453555,0.0801805928349495,27.285919345535618,0.8999242187685003,0.0963883027434349,1.3817965451438283,0.017239733314945216,-0.016207709908485413
sample_61,61,jpeg compression artifact,low,swinir_super_resolution,SwinIR超分辨率,True,25.90412280039179,0.882684485453555,0.0801805928349495,21.850567363273598,0.6736123561579995,0.39561140537261963,-4.053555437118192,-0.20907212929555552,-0.31543081253767014
sample_61,61,jpeg compression artifact,low,restormer_motion_deblurring,Restormer运动去模糊,True,25.90412280039179,0.882684485453555,0.0801805928349495,25.559929934870343,0.8757656373877448,0.07956262677907944,-0.3441928655214461,-0.006918848065810224,0.0006179660558700562
sample_61,61,jpeg compression artifact,low,restormer_defocus_deblurring,Restormer散焦去模糊,True,25.90412280039179,0.882684485453555,0.0801805928349495,25.08238817947995,0.8636481216848146,0.09129537642002106,-0.8217346209118404,-0.019036363768740405,-0.011114783585071564
sample_61,61,jpeg compression artifact,low,restormer_deraining,Restormer去雨,True,25.90412280039179,0.882684485453555,0.0801805928349495,24.487814005030067,0.8707341954991313,0.13043637573719025,-1.4163087953617222,-0.01195028995442371,-0.05025578290224075
sample_61,61,jpeg compression artifact,low,xrestormer_motion_deblurring,XRestormer运动去模糊,True,25.90412280039179,0.882684485453555,0.0801805928349495,14.861186267860713,0.4568511745908743,0.46445924043655396,-11.042936532531076,-0.4258333108626807,-0.38427864760160446
sample_61,61,jpeg compression artifact,low,xrestormer_deraining,XRestormer去雨,True,25.90412280039179,0.882684485453555,0.0801805928349495,25.56338795508726,0.8819374131402723,0.08702878654003143,-0.340734845304528,-0.0007470723132827484,-0.00684819370508194
sample_61,61,jpeg compression artifact,low,mprnet_denoising,MPRNet去噪,True,25.90412280039179,0.882684485453555,0.0801805928349495,24.135171647644718,0.8299785173042831,0.20494556427001953,-1.7689511527470714,-0.052705968149271976,-0.12476497143507004
sample_61,61,jpeg compression artifact,low,mprnet_motion_deblurring,MPRNet运动去模糊,True,25.90412280039179,0.882684485453555,0.0801805928349495,24.007596089100392,0.8414369412378292,0.16989010572433472,-1.896526711291397,-0.04124754421572585,-0.08970951288938522
sample_61,61,jpeg compression artifact,low,mprnet_deraining,MPRNet去雨,True,25.90412280039179,0.882684485453555,0.0801805928349495,25.011032574608038,0.8734870248341435,0.09755779802799225,-0.8930902257837516,-0.009197460619411513,-0.017377205193042755
sample_61,61,jpeg compression artifact,low,fbcnn_jpeg_artifact_removal,FBCNN JPEG伪影去除,True,25.90412280039179,0.882684485453555,0.0801805928349495,27.196866008042548,0.9008662313249799,0.08769672363996506,1.2927432076507586,0.018181745871424848,-0.007516130805015564
sample_61,61,jpeg compression artifact,low,drbnet_defocus_deblurring,DRBNet散焦去模糊,True,25.90412280039179,0.882684485453555,0.0801805928349495,25.3331014342369,0.8578521580998801,0.09882824867963791,-0.5710213661548877,-0.02483232735367491,-0.018647655844688416
sample_61,61,jpeg compression artifact,low,dehazeformer_dehaze,DehazeFormer去雾,True,25.90412280039179,0.882684485453555,0.0801805928349495,25.58001716478769,0.8807156105825013,0.08049707114696503,-0.32410563560409855,-0.001968874871053794,-0.00031647831201553345
sample_59,59,low resolution,high,swinir_denoising,SwinIR去噪,True,43.48792136118132,0.998486796811282,0.0028949433472007513,30.114695107800763,0.911194200769176,0.13600140810012817,-13.373226253380558,-0.08729259604210604,-0.13310646475292742
sample_59,59,low resolution,high,swinir_jpeg_artifact_removal,SwinIR JPEG伪影去除,True,43.48792136118132,0.998486796811282,0.0028949433472007513,28.964276056154233,0.9449477162147351,0.08443070203065872,-14.523645305027088,-0.053539080596546995,-0.08153575868345797
sample_59,59,low resolution,high,swinir_super_resolution,SwinIR超分辨率,True,43.48792136118132,0.998486796811282,0.0028949433472007513,26.83056224837461,0.9186787180654078,0.0822322890162468,-16.657359112806713,-0.07980807874587426,-0.07933734566904604
sample_59,59,low resolution,high,restormer_motion_deblurring,Restormer运动去模糊,True,43.48792136118132,0.998486796811282,0.0028949433472007513,27.961036764646966,0.9675361974272878,0.02414277195930481,-15.526884596534355,-0.03095059938399425,-0.02124782861210406
sample_59,59,low resolution,high,restormer_defocus_deblurring,Restormer散焦去模糊,True,43.48792136118132,0.998486796811282,0.0028949433472007513,21.97719368546096,0.8399097915444126,0.1011861264705658,-21.51072767572036,-0.15857700526686946,-0.09829118312336504
sample_59,59,low resolution,high,restormer_deraining,Restormer去雨,True,43.48792136118132,0.998486796811282,0.0028949433472007513,36.632144233673806,0.9937625439308455,0.015862753614783287,-6.8557771275075154,-0.004724252880436541,-0.012967810267582536
sample_59,59,low resolution,high,xrestormer_motion_deblurring,XRestormer运动去模糊,True,43.48792136118132,0.998486796811282,0.0028949433472007513,16.36439768614086,0.6342248256127815,0.22470584511756897,-27.12352367504046,-0.36426197119850057,-0.22181090177036822
sample_59,59,low resolution,high,xrestormer_deraining,XRestormer去雨,True,43.48792136118132,0.998486796811282,0.0028949433472007513,32.71460551979309,0.9898698019693981,0.018402013927698135,-10.773315841388232,-0.00861699484188394,-0.015507070580497384
sample_59,59,low resolution,high,mprnet_denoising,MPRNet去噪,True,43.48792136118132,0.998486796811282,0.0028949433472007513,26.899710773955633,0.9472392960703192,0.08124499022960663,-16.58821058722569,-0.05124750074096285,-0.07835004688240588
sample_59,59,low resolution,high,mprnet_motion_deblurring,MPRNet运动去模糊,True,43.48792136118132,0.998486796811282,0.0028949433472007513,35.37346014452396,0.9922851559253308,0.006199554540216923,-8.11446121665736,-0.0062016408859512095,-0.0033046111930161715
sample_59,59,low resolution,high,mprnet_deraining,MPRNet去雨,True,43.48792136118132,0.998486796811282,0.0028949433472007513,32.45748347083698,0.9843826133766029,0.028774579986929893,-11.030437890344338,-0.014104183434679118,-0.025879636639729142
sample_59,59,low resolution,high,fbcnn_jpeg_artifact_removal,FBCNN JPEG伪影去除,True,43.48792136118132,0.998486796811282,0.0028949433472007513,35.357241129692284,0.9923219641971555,0.00850708968937397,-8.130680231489038,-0.006164832614126592,-0.005612146342173219
sample_59,59,low resolution,high,drbnet_defocus_deblurring,DRBNet散焦去模糊,True,43.48792136118132,0.998486796811282,0.0028949433472007513,31.037919439556845,0.9732589758772207,0.05908206105232239,-12.450001921624477,-0.025227820934061396,-0.056187117705121636
sample_59,59,low resolution,high,dehazeformer_dehaze,DehazeFormer去雾,True,43.48792136118132,0.998486796811282,0.0028949433472007513,17.620499255078922,0.9027409686453823,0.04043196141719818,-25.8674221061024,-0.09574582816589972,-0.03753701806999743
sample_58,58,dark,medium,swinir_denoising,SwinIR去噪,True,16.541240175565658,0.9285715830085302,0.02155744470655918,16.104454658028807,0.8318889566545229,0.08804749697446823,-0.43678551753685113,-0.09668262635400726,-0.06649005226790905
sample_58,58,dark,medium,swinir_jpeg_artifact_removal,SwinIR JPEG伪影去除,True,16.541240175565658,0.9285715830085302,0.02155744470655918,16.301522124697417,0.8622988055436336,0.0724523663520813,-0.23971805086824105,-0.06627277746489657,-0.05089492164552212
sample_58,58,dark,medium,swinir_super_resolution,SwinIR超分辨率,True,16.541240175565658,0.9285715830085302,0.02155744470655918,15.317368840726207,0.7189378906778995,0.3785180449485779,-1.2238713348394512,-0.20963369233063067,-0.3569606002420187
sample_58,58,dark,medium,restormer_motion_deblurring,Restormer运动去模糊,True,16.541240175565658,0.9285715830085302,0.02155744470655918,16.527328761055934,0.924353960072139,0.07586152851581573,-0.013911414509724551,-0.004217622936391163,-0.054304083809256554
sample_58,58,dark,medium,restormer_defocus_deblurring,Restormer散焦去模糊,True,16.541240175565658,0.9285715830085302,0.02155744470655918,17.668917601256556,0.9279709391702613,0.0344797782599926,1.127677425690898,-0.000600643838268855,-0.012922333553433418
sample_58,58,dark,medium,restormer_deraining,Restormer去雨,True,16.541240175565658,0.9285715830085302,0.02155744470655918,12.61175978140415,0.5965188385218697,0.2702605128288269,-3.9294803941615086,-0.33205274448666044,-0.24870306812226772
sample_58,58,dark,medium,xrestormer_motion_deblurring,XRestormer运动去模糊,True,16.541240175565658,0.9285715830085302,0.02155744470655918,13.114558767767509,0.5979290424892475,0.2357306033372879,-3.4266814077981493,-0.33064254051928266,-0.21417315863072872
sample_58,58,dark,medium,xrestormer_deraining,XRestormer去雨,True,16.541240175565658,0.9285715830085302,0.02155744470655918,14.845896365536756,0.7780067243736108,0.0964571088552475,-1.695343810028902,-0.1505648586349193,-0.07489966414868832
sample_58,58,dark,medium,mprnet_denoising,MPRNet去噪,True,16.541240175565658,0.9285715830085302,0.02155744470655918,16.354898577164192,0.8102723468885333,0.09578460454940796,-0.1863415984014658,-0.11829923611999682,-0.07422715984284878
sample_58,58,dark,medium,mprnet_motion_deblurring,MPRNet运动去模糊,True,16.541240175565658,0.9285715830085302,0.02155744470655918,17.16849580761797,0.7988692277250179,0.13747486472129822,0.6272556320523108,-0.12970235528351226,-0.11591742001473904
sample_58,58,dark,medium,mprnet_deraining,MPRNet去雨,True,16.541240175565658,0.9285715830085302,0.02155744470655918,14.363495266538006,0.7043548240271228,0.15730218589305878,-2.177744909027652,-0.22421675898140736,-0.1357447411864996
sample_58,58,dark,medium,fbcnn_jpeg_artifact_removal,FBCNN JPEG伪影去除,True,16.541240175565658,0.9285715830085302,0.02155744470655918,16.537797986727593,0.9129919092306276,0.027464309707283974,-0.003442188838064908,-0.015579673777902592,-0.0059068650007247925
sample_58,58,dark,medium,drbnet_defocus_deblurring,DRBNet散焦去模糊,True,16.541240175565658,0.9285715830085302,0.02155744470655918,16.290560932008425,0.8863540979082664,0.054670549929142,-0.2506792435572329,-0.042217485100263796,-0.03311310522258282
sample_58,58,dark,medium,dehazeformer_dehaze,DehazeFormer去雾,True,16.541240175565658,0.9285715830085302,0.02155744470655918,14.68350962070933,0.8928031107540644,0.034638114273548126,-1.857730554856328,-0.03576847225446578,-0.013080669566988945
sample_66,66,haze,medium,swinir_denoising,SwinIR去噪,True,100.0,1.0,0.0,35.98123499806513,0.9623322587645152,0.026093261316418648,-64.01876500193487,-0.037667741235484775,-0.026093261316418648
sample_66,66,haze,medium,swinir_jpeg_artifact_removal,SwinIR JPEG伪影去除,True,100.0,1.0,0.0,34.67908538758512,0.964100771567109,0.019798053428530693,-65.32091461241488,-0.03589922843289095,-0.019798053428530693
sample_66,66,haze,medium,swinir_super_resolution,SwinIR超分辨率,True,100.0,1.0,0.0,29.282117049256186,0.9185970526276939,0.15853124856948853,-70.71788295074381,-0.08140294737230613,-0.15853124856948853
sample_66,66,haze,medium,restormer_motion_deblurring,Restormer运动去模糊,True,100.0,1.0,0.0,47.50925482006685,0.9992671343324097,0.0005320697091519833,-52.49074517993315,-0.0007328656675903433,-0.0005320697091519833
sample_66,66,haze,medium,restormer_defocus_deblurring,Restormer散焦去模糊,True,100.0,1.0,0.0,27.219822908445067,0.928761406829774,0.02827911265194416,-72.78017709155493,-0.07123859317022596,-0.02827911265194416
sample_66,66,haze,medium,restormer_deraining,Restormer去雨,True,100.0,1.0,0.0,52.85875988000815,0.9991857518773243,0.00032235070830211043,-47.14124011999185,-0.0008142481226757203,-0.00032235070830211043
sample_66,66,haze,medium,xrestormer_motion_deblurring,XRestormer运动去模糊,True,100.0,1.0,0.0,17.13673465794371,0.6075239506745663,0.24648131430149078,-82.8632653420563,-0.3924760493254337,-0.24648131430149078
sample_66,66,haze,medium,xrestormer_deraining,XRestormer去雨,True,100.0,1.0,0.0,49.00708696843189,0.9982052287227076,0.0009096275316551328,-50.99291303156811,-0.0017947712772924396,-0.0009096275316551328
sample_66,66,haze,medium,mprnet_denoising,MPRNet去噪,True,100.0,1.0,0.0,34.941826896424175,0.9776360583703472,0.03373337537050247,-65.05817310357583,-0.022363941629652828,-0.03373337537050247
sample_66,66,haze,medium,mprnet_motion_deblurring,MPRNet运动去模糊,True,100.0,1.0,0.0,37.797476230011554,0.9934213793726396,0.006900147534906864,-62.202523769988446,-0.006578620627360365,-0.006900147534906864
sample_66,66,haze,medium,mprnet_deraining,MPRNet去雨,True,100.0,1.0,0.0,44.7794843485062,0.9945727035391935,0.004790790379047394,-55.2205156514938,-0.00542729646080653,-0.004790790379047394
sample_66,66,haze,medium,fbcnn_jpeg_artifact_removal,FBCNN JPEG伪影去除,True,100.0,1.0,0.0,40.12510312170008,0.9879493836894286,0.003929406404495239,-59.87489687829992,-0.01205061631057136,-0.003929406404495239
sample_66,66,haze,medium,drbnet_defocus_deblurring,DRBNet散焦去模糊,True,100.0,1.0,0.0,34.7681378748267,0.9823672645441225,0.019603103399276733,-65.23186212517331,-0.017632735455877513,-0.019603103399276733
sample_66,66,haze,medium,dehazeformer_dehaze,DehazeFormer去雾,True,100.0,1.0,0.0,21.210343200861217,0.8598983067364091,0.025320325046777725,-78.78965679913878,-0.1401016932635909,-0.025320325046777725
sample_68,68,low resolution,low,swinir_denoising,SwinIR去噪,True,38.9201572538809,0.9962386802347303,0.006664805579930544,27.687303912134773,0.9185849615967311,0.09369978308677673,-11.232853341746129,-0.07765371863799919,-0.08703497750684619
sample_68,68,low resolution,low,swinir_jpeg_artifact_removal,SwinIR JPEG伪影去除,True,38.9201572538809,0.9962386802347303,0.006664805579930544,28.470166020085536,0.9459890585439689,0.06338678300380707,-10.449991233795366,-0.050249621690761415,-0.056721977423876524
sample_68,68,low resolution,low,swinir_super_resolution,SwinIR超分辨率,True,38.9201572538809,0.9962386802347303,0.006664805579930544,21.24904313106382,0.8065674354096868,0.13428746163845062,-17.67111412281708,-0.1896712448250435,-0.12762265605852008
sample_68,68,low resolution,low,restormer_motion_deblurring,Restormer运动去模糊,True,38.9201572538809,0.9962386802347303,0.006664805579930544,40.25132253012194,0.9974115376971376,0.003916212357580662,1.3311652762410375,0.0011728574624073618,0.002748593222349882
sample_68,68,low resolution,low,restormer_defocus_deblurring,Restormer散焦去模糊,True,38.9201572538809,0.9962386802347303,0.006664805579930544,25.810303093235362,0.9445233570432072,0.028981957584619522,-13.10985416064554,-0.051715323191523055,-0.022317152004688978
sample_68,68,low resolution,low,restormer_deraining,Restormer去雨,True,38.9201572538809,0.9962386802347303,0.006664805579930544,31.497284536852554,0.9888264164930508,0.011870814487338066,-7.422872717028348,-0.00741226374167947,-0.005206008907407522
sample_68,68,low resolution,low,xrestormer_motion_deblurring,XRestormer运动去模糊,True,38.9201572538809,0.9962386802347303,0.006664805579930544,13.23857083607313,0.534708207921334,0.43192705512046814,-25.68158641780777,-0.4615304723133963,-0.4252622495405376
sample_68,68,low resolution,low,xrestormer_deraining,XRestormer去雨,True,38.9201572538809,0.9962386802347303,0.006664805579930544,31.74171536320823,0.9896748057395232,0.01202489621937275,-7.178441890672673,-0.006563874495207123,-0.005360090639442205
sample_68,68,low resolution,low,mprnet_denoising,MPRNet去噪,True,38.9201572538809,0.9962386802347303,0.006664805579930544,25.08078127893349,0.9032591355922888,0.10020387172698975,-13.839375974947412,-0.09297954464244151,-0.0935390661470592
sample_68,68,low resolution,low,mprnet_motion_deblurring,MPRNet运动去模糊,True,38.9201572538809,0.9962386802347303,0.006664805579930544,26.91394047394251,0.9492194997939135,0.05676312744617462,-12.006216779938391,-0.047019180440816766,-0.05009832186624408
sample_68,68,low resolution,low,mprnet_deraining,MPRNet去雨,True,38.9201572538809,0.9962386802347303,0.006664805579930544,31.276415510288125,0.9873264231986122,0.017568424344062805,-7.643741743592777,-0.008912257036118088,-0.010903618764132261
sample_68,68,low resolution,low,fbcnn_jpeg_artifact_removal,FBCNN JPEG伪影去除,True,38.9201572538809,0.9962386802347303,0.006664805579930544,37.88914837943107,0.9947786722973276,0.007125582080334425,-1.0310088744498316,-0.001460007937402641,-0.0004607765004038811
sample_68,68,low resolution,low,drbnet_defocus_deblurring,DRBNet散焦去模糊,True,38.9201572538809,0.9962386802347303,0.006664805579930544,29.930088204998032,0.9732247878431143,0.022819481790065765,-8.99006904888287,-0.023013892391615998,-0.01615467621013522
sample_68,68,low resolution,low,dehazeformer_dehaze,DehazeFormer去雾,True,38.9201572538809,0.9962386802347303,0.006664805579930544,23.156844485013387,0.9672503324756437,0.025801027193665504,-15.763312768867515,-0.02898834775908654,-0.01913622161373496
sample_62,62,defocus blur,very high,swinir_denoising,SwinIR去噪,True,27.883067786137282,0.781541815585164,0.38982200622558594,27.586882857762454,0.7675561306690861,0.4085133671760559,-0.2961849283748279,-0.013985684916077878,-0.01869136095046997
sample_62,62,defocus blur,very high,swinir_jpeg_artifact_removal,SwinIR JPEG伪影去除,True,27.883067786137282,0.781541815585164,0.38982200622558594,27.76534485631089,0.7778065483462958,0.4080042243003845,-0.11772292982639243,-0.0037352672388681896,-0.018182218074798584
sample_62,62,defocus blur,very high,swinir_super_resolution,SwinIR超分辨率,True,27.883067786137282,0.781541815585164,0.38982200622558594,28.338482113976312,0.8000094529408691,0.3512107729911804,0.4554143278390299,0.018467637355705113,0.03861123323440552
sample_62,62,defocus blur,very high,restormer_motion_deblurring,Restormer运动去模糊,True,27.883067786137282,0.781541815585164,0.38982200622558594,30.293465615675892,0.8441677408214622,0.32212892174720764,2.41039782953861,0.06262592523629817,0.0676930844783783
sample_62,62,defocus blur,very high,restormer_defocus_deblurring,Restormer散焦去模糊,True,27.883067786137282,0.781541815585164,0.38982200622558594,30.40332292352309,0.8793252063831601,0.19665111601352692,2.5202551373858064,0.09778339079799614,0.19317089021205902
sample_62,62,defocus blur,very high,restormer_deraining,Restormer去雨,True,27.883067786137282,0.781541815585164,0.38982200622558594,27.844725839396425,0.7815228418735923,0.3927963972091675,-0.038341946740857225,-1.897371157166816e-05,-0.002974390983581543
sample_62,62,defocus blur,very high,xrestormer_motion_deblurring,XRestormer运动去模糊,True,27.883067786137282,0.781541815585164,0.38982200622558594,28.24234370255521,0.783102265101488,0.3111439347267151,0.35927591641792844,0.0015604495163239473,0.07867807149887085
sample_62,62,defocus blur,very high,xrestormer_deraining,XRestormer去雨,True,27.883067786137282,0.781541815585164,0.38982200622558594,17.752078694250912,0.6569612670894078,0.41540223360061646,-10.13098909188637,-0.12458054849575617,-0.025580227375030518
sample_62,62,defocus blur,very high,mprnet_denoising,MPRNet去噪,True,27.883067786137282,0.781541815585164,0.38982200622558594,27.84623088961603,0.7802190345710084,0.3996207118034363,-0.036836896521251106,-0.0013227810141556162,-0.009798705577850342
sample_62,62,defocus blur,very high,mprnet_motion_deblurring,MPRNet运动去模糊,True,27.883067786137282,0.781541815585164,0.38982200622558594,30.145504700045528,0.8403010692106344,0.3195745050907135,2.262436913908246,0.05875925362547041,0.07024750113487244
sample_62,62,defocus blur,very high,mprnet_deraining,MPRNet去雨,True,27.883067786137282,0.781541815585164,0.38982200622558594,27.89423285459184,0.7814562444549699,0.3959755301475525,0.011165068454559446,-8.557113019413976e-05,-0.006153523921966553
sample_62,62,defocus blur,very high,fbcnn_jpeg_artifact_removal,FBCNN JPEG伪影去除,True,27.883067786137282,0.781541815585164,0.38982200622558594,27.91621935966519,0.783025289779334,0.38775211572647095,0.03315157352790976,0.0014834741941700536,0.0020698904991149902
sample_62,62,defocus blur,very high,drbnet_defocus_deblurring,DRBNet散焦去模糊,True,27.883067786137282,0.781541815585164,0.38982200622558594,31.716042174576984,0.889987315587294,0.1411336362361908,3.832974388439702,0.10844550000213005,0.24868836998939514
sample_62,62,defocus blur,very high,dehazeformer_dehaze,DehazeFormer去雾,True,27.883067786137282,0.781541815585164,0.38982200622558594,26.962684708885245,0.7659433470471244,0.3862866759300232,-0.9203830772520369,-0.01559846853803959,0.003535330295562744
sample_51,51,dark,medium,swinir_denoising,SwinIR去噪,True,20.969815055875788,0.730388414055783,0.05907626822590828,20.375927738190263,0.6270716174352938,0.27909502387046814,-0.5938873176855246,-0.1033167966204892,-0.22001875564455986
sample_51,51,dark,medium,swinir_jpeg_artifact_removal,SwinIR JPEG伪影去除,True,20.969815055875788,0.730388414055783,0.05907626822590828,19.751542052827496,0.6002984467940512,0.1554526388645172,-1.2182730030482922,-0.13008996726173183,-0.09637637063860893
sample_51,51,dark,medium,swinir_super_resolution,SwinIR超分辨率,True,20.969815055875788,0.730388414055783,0.05907626822590828,17.775921864220493,0.43620263523130426,0.3469851315021515,-3.1938931916552953,-0.29418577882447877,-0.2879088632762432
sample_51,51,dark,medium,restormer_motion_deblurring,Restormer运动去模糊,True,20.969815055875788,0.730388414055783,0.05907626822590828,21.03687733345016,0.7302837569711321,0.058172449469566345,0.06706227757437233,-0.0001046570846509054,0.0009038187563419342
sample_51,51,dark,medium,restormer_defocus_deblurring,Restormer散焦去模糊,True,20.969815055875788,0.730388414055783,0.05907626822590828,20.641732677635947,0.6946156046004971,0.1306537389755249,-0.32808237823984143,-0.03577280945528594,-0.07157747074961662
sample_51,51,dark,medium,restormer_deraining,Restormer去雨,True,20.969815055875788,0.730388414055783,0.05907626822590828,22.61540270425261,0.7858595809480037,0.15087810158729553,1.6455876483768215,0.05547116689222065,-0.09180183336138725
sample_51,51,dark,medium,xrestormer_motion_deblurring,XRestormer运动去模糊,True,20.969815055875788,0.730388414055783,0.05907626822590828,15.109521712362199,0.2625266546934523,0.5336431264877319,-5.8602933435135895,-0.4678617593623307,-0.47456685826182365
sample_51,51,dark,medium,xrestormer_deraining,XRestormer去雨,True,20.969815055875788,0.730388414055783,0.05907626822590828,20.5399100208778,0.6986891048740679,0.10961029678583145,-0.4299050349979865,-0.03169930918171515,-0.05053402855992317
sample_51,51,dark,medium,mprnet_denoising,MPRNet去噪,True,20.969815055875788,0.730388414055783,0.05907626822590828,19.76353103371783,0.573545711725334,0.4367626905441284,-1.2062840221579592,-0.15684270233044906,-0.37768642231822014
sample_51,51,dark,medium,mprnet_motion_deblurring,MPRNet运动去模糊,True,20.969815055875788,0.730388414055783,0.05907626822590828,20.14217723151736,0.5994157833220485,0.3176703155040741,-0.8276378243584297,-0.13097263073373455,-0.2585940472781658
sample_51,51,dark,medium,mprnet_deraining,MPRNet去雨,True,20.969815055875788,0.730388414055783,0.05907626822590828,20.836907720828293,0.7281576910847528,0.09009907394647598,-0.13290733504749497,-0.002230722971030219,-0.031022805720567703
sample_51,51,dark,medium,fbcnn_jpeg_artifact_removal,FBCNN JPEG伪影去除,True,20.969815055875788,0.730388414055783,0.05907626822590828,20.822591729596628,0.7162482105911238,0.06107502430677414,-0.14722332627916046,-0.014140203464659273,-0.00199875608086586
sample_51,51,dark,medium,drbnet_defocus_deblurring,DRBNet散焦去模糊,True,20.969815055875788,0.730388414055783,0.05907626822590828,21.486898043385438,0.7771637179633853,0.09070677310228348,0.5170829875096494,0.04677530390760232,-0.0316305048763752
sample_51,51,dark,medium,dehazeformer_dehaze,DehazeFormer去雾,True,20.969815055875788,0.730388414055783,0.05907626822590828,20.084098861782806,0.681258004682492,0.06104552745819092,-0.8857161940929821,-0.04913040937329105,-0.0019692592322826385
sample_69,69,defocus blur,very high,swinir_denoising,SwinIR去噪,True,30.996855313507968,0.9118425804133183,0.18514996767044067,30.708000217596158,0.9059563616993246,0.1923084855079651,-0.2888550959118099,-0.005886218713993752,-0.007158517837524414
sample_69,69,defocus blur,very high,swinir_jpeg_artifact_removal,SwinIR JPEG伪影去除,True,30.996855313507968,0.9118425804133183,0.18514996767044067,30.788280452258956,0.9074218171522684,0.19677162170410156,-0.20857486124901214,-0.004420763261049898,-0.011621654033660889
sample_69,69,defocus blur,very high,swinir_super_resolution,SwinIR超分辨率,True,30.996855313507968,0.9118425804133183,0.18514996767044067,31.270453078775546,0.9072886894264504,0.1333448439836502,0.27359776526757784,-0.004553890986867981,0.051805123686790466
sample_69,69,defocus blur,very high,restormer_motion_deblurring,Restormer运动去模糊,True,30.996855313507968,0.9118425804133183,0.18514996767044067,34.04817713477186,0.9450704948898645,0.15298070013523102,3.051321821263894,0.03322791447654616,0.032169267535209656
sample_69,69,defocus blur,very high,restormer_defocus_deblurring,Restormer散焦去模糊,True,30.996855313507968,0.9118425804133183,0.18514996767044067,27.097793241182814,0.8862474978595447,0.1583191156387329,-3.8990620723251546,-0.02559508255377363,0.026830852031707764
sample_69,69,defocus blur,very high,restormer_deraining,Restormer去雨,True,30.996855313507968,0.9118425804133183,0.18514996767044067,30.872609658303585,0.908998147447838,0.18769511580467224,-0.12424565520438335,-0.0028444329654803147,-0.0025451481342315674
sample_69,69,defocus blur,very high,xrestormer_motion_deblurring,XRestormer运动去模糊,True,30.996855313507968,0.9118425804133183,0.18514996767044067,31.192382434655933,0.9119134378892508,0.1585685908794403,0.19552712114796478,7.085747593249536e-05,0.026581376791000366
sample_69,69,defocus blur,very high,xrestormer_deraining,XRestormer去雨,True,30.996855313507968,0.9118425804133183,0.18514996767044067,18.868866328292235,0.6137759237188041,0.2387157380580902,-12.127988985215733,-0.29806665669451426,-0.053565770387649536
sample_69,69,defocus blur,very high,mprnet_denoising,MPRNet去噪,True,30.996855313507968,0.9118425804133183,0.18514996767044067,30.84505552625195,0.9094367074683533,0.19202034175395966,-0.15179978725601728,-0.0024058729449650818,-0.006870374083518982
sample_69,69,defocus blur,very high,mprnet_motion_deblurring,MPRNet运动去模糊,True,30.996855313507968,0.9118425804133183,0.18514996767044067,32.27215431821517,0.9249215154555549,0.16612136363983154,1.275299004707204,0.013078935042236561,0.01902860403060913
sample_69,69,defocus blur,very high,mprnet_deraining,MPRNet去雨,True,30.996855313507968,0.9118425804133183,0.18514996767044067,30.78738487735007,0.906718308122313,0.18675599992275238,-0.20947043615789696,-0.005124272291005316,-0.0016060322523117065
sample_69,69,defocus blur,very high,fbcnn_jpeg_artifact_removal,FBCNN JPEG伪影去除,True,30.996855313507968,0.9118425804133183,0.18514996767044067,31.01720686078893,0.9119306903464471,0.18536566197872162,0.020351547280963445,8.810993312879933e-05,-0.00021569430828094482
sample_69,69,defocus blur,very high,drbnet_defocus_deblurring,DRBNet散焦去模糊,True,30.996855313507968,0.9118425804133183,0.18514996767044067,29.68433813460869,0.9187825353050422,0.13364295661449432,-1.3125171788992773,0.006939954891723832,0.05150701105594635
sample_69,69,defocus blur,very high,dehazeformer_dehaze,DehazeFormer去雾,True,30.996855313507968,0.9118425804133183,0.18514996767044067,26.06710848513852,0.6992713687346641,0.18642877042293549,-4.929746828369449,-0.21257121167865423,-0.001278802752494812
sample_57,57,motion blur,medium,swinir_denoising,SwinIR去噪,True,30.85650726985523,0.9320773951770365,0.09326708316802979,30.514275447778637,0.9197433515333254,0.12958714365959167,-0.34223182207659164,-0.012334043643711046,-0.03632006049156189
sample_57,57,motion blur,medium,swinir_jpeg_artifact_removal,SwinIR JPEG伪影去除,True,30.85650726985523,0.9320773951770365,0.09326708316802979,30.568524365501002,0.9232469911510813,0.1148420125246048,-0.2879829043542266,-0.00883040402595514,-0.021574929356575012
sample_57,57,motion blur,medium,swinir_super_resolution,SwinIR超分辨率,True,30.85650726985523,0.9320773951770365,0.09326708316802979,29.86638529848306,0.9219821175765621,0.07593245804309845,-0.9901219713721687,-0.01009527760047435,0.017334625124931335
sample_57,57,motion blur,medium,restormer_motion_deblurring,Restormer运动去模糊,True,30.85650726985523,0.9320773951770365,0.09326708316802979,30.650968403969006,0.9298854278086557,0.04305686056613922,-0.20553886588622206,-0.002191967368380787,0.050210222601890564
sample_57,57,motion blur,medium,restormer_defocus_deblurring,Restormer散焦去模糊,True,30.85650726985523,0.9320773951770365,0.09326708316802979,31.42851471682043,0.9447184679991748,0.05940837413072586,0.5720074469652019,0.012641072822138333,0.033858709037303925
sample_57,57,motion blur,medium,restormer_deraining,Restormer去雨,True,30.85650726985523,0.9320773951770365,0.09326708316802979,30.830334749732717,0.9308318929134939,0.0957808643579483,-0.026172520122511145,-0.001245502263542586,-0.002513781189918518
sample_57,57,motion blur,medium,xrestormer_motion_deblurring,XRestormer运动去模糊,True,30.85650726985523,0.9320773951770365,0.09326708316802979,25.910221428413976,0.8749574422382712,0.09302585572004318,-4.946285841441252,-0.05711995293876526,0.00024122744798660278
sample_57,57,motion blur,medium,xrestormer_deraining,XRestormer去雨,True,30.85650726985523,0.9320773951770365,0.09326708316802979,28.11949724912782,0.9263353813574611,0.10337543487548828,-2.737010020727407,-0.005742013819575398,-0.010108351707458496
sample_57,57,motion blur,medium,mprnet_denoising,MPRNet去噪,True,30.85650726985523,0.9320773951770365,0.09326708316802979,30.505874205120392,0.9188849629373129,0.13271506130695343,-0.35063306473483635,-0.01319243223972355,-0.039447978138923645
sample_57,57,motion blur,medium,mprnet_motion_deblurring,MPRNet运动去模糊,True,30.85650726985523,0.9320773951770365,0.09326708316802979,29.387228785167025,0.920731527201185,0.05158715695142746,-1.4692784846882034,-0.011345867975851465,0.041679926216602325
sample_57,57,motion blur,medium,mprnet_deraining,MPRNet去雨,True,30.85650726985523,0.9320773951770365,0.09326708316802979,30.749666141618466,0.9281605628712568,0.10293056815862656,-0.10684112823676273,-0.003916832305779661,-0.009663484990596771
sample_57,57,motion blur,medium,fbcnn_jpeg_artifact_removal,FBCNN JPEG伪影去除,True,30.85650726985523,0.9320773951770365,0.09326708316802979,30.799977164756214,0.9298326282509413,0.09797316789627075,-0.05653010509901435,-0.0022447669260952097,-0.004706084728240967
sample_57,57,motion blur,medium,drbnet_defocus_deblurring,DRBNet散焦去模糊,True,30.85650726985523,0.9320773951770365,0.09326708316802979,31.06868295412201,0.9352020680834836,0.05550244450569153,0.21217568426678213,0.0031246729064471346,0.03776463866233826
sample_57,57,motion blur,medium,dehazeformer_dehaze,DehazeFormer去雾,True,30.85650726985523,0.9320773951770365,0.09326708316802979,26.132227148989166,0.9261711126642865,0.09801983833312988,-4.724280120866062,-0.0059062825127499385,-0.004752755165100098
sample_70,70,rain,low,swinir_denoising,SwinIR去噪,True,29.26979990773971,0.9756875937504835,0.06430013477802277,27.040840038010465,0.8808735286028777,0.1917567253112793,-2.2289598697292448,-0.09481406514760582,-0.12745659053325653
sample_70,70,rain,low,swinir_jpeg_artifact_removal,SwinIR JPEG伪影去除,True,29.26979990773971,0.9756875937504835,0.06430013477802277,26.81667311473547,0.9079520229883586,0.14610464870929718,-2.453126793004241,-0.06773557076212489,-0.08180451393127441
sample_70,70,rain,low,swinir_super_resolution,SwinIR超分辨率,True,29.26979990773971,0.9756875937504835,0.06430013477802277,24.054513653981815,0.8358213626411638,0.283051073551178,-5.2152862537578955,-0.13986623110931973,-0.2187509387731552
sample_70,70,rain,low,restormer_motion_deblurring,Restormer运动去模糊,True,29.26979990773971,0.9756875937504835,0.06430013477802277,28.811717969015078,0.9705310277353564,0.07560774683952332,-0.4580819387246322,-0.005156566015127151,-0.01130761206150055
sample_70,70,rain,low,restormer_defocus_deblurring,Restormer散焦去模糊,True,29.26979990773971,0.9756875937504835,0.06430013477802277,24.564236915043903,0.9218620364702996,0.08158206939697266,-4.705562992695807,-0.0538255572801839,-0.01728193461894989
sample_70,70,rain,low,restormer_deraining,Restormer去雨,True,29.26979990773971,0.9756875937504835,0.06430013477802277,29.141298802451505,0.9736760480145601,0.06779567897319794,-0.1285011052882048,-0.0020115457359234368,-0.003495544195175171
sample_70,70,rain,low,xrestormer_motion_deblurring,XRestormer运动去模糊,True,29.26979990773971,0.9756875937504835,0.06430013477802277,15.379368803567772,0.47804471415133926,0.3801049590110779,-13.890431104171938,-0.49764287959914427,-0.3158048242330551
sample_70,70,rain,low,xrestormer_deraining,XRestormer去雨,True,29.26979990773971,0.9756875937504835,0.06430013477802277,28.297860772218954,0.9690322925302942,0.07201585173606873,-0.9719391355207563,-0.006655301220189314,-0.0077157169580459595
sample_70,70,rain,low,mprnet_denoising,MPRNet去噪,True,29.26979990773971,0.9756875937504835,0.06430013477802277,27.78533345001855,0.9322154025588616,0.1209748387336731,-1.4844664577211617,-0.043472191191621934,-0.05667470395565033
sample_70,70,rain,low,mprnet_motion_deblurring,MPRNet运动去模糊,True,29.26979990773971,0.9756875937504835,0.06430013477802277,27.972189768621824,0.9587686297263748,0.0909399539232254,-1.2976101391178858,-0.01691896402410875,-0.026639819145202637
sample_70,70,rain,low,mprnet_deraining,MPRNet去雨,True,29.26979990773971,0.9756875937504835,0.06430013477802277,28.029132443105627,0.9629219363703744,0.07616171985864639,-1.2406674646340825,-0.012765657380109152,-0.011861585080623627
sample_70,70,rain,low,fbcnn_jpeg_artifact_removal,FBCNN JPEG伪影去除,True,29.26979990773971,0.9756875937504835,0.06430013477802277,28.835962446682526,0.9650092447447353,0.06765909492969513,-0.433837461057184,-0.010678349005748267,-0.0033589601516723633
sample_70,70,rain,low,drbnet_defocus_deblurring,DRBNet散焦去模糊,True,29.26979990773971,0.9756875937504835,0.06430013477802277,29.020393429584477,0.9624373696728273,0.07350181043148041,-0.2494064781552332,-0.013250224077656192,-0.009201675653457642
sample_70,70,rain,low,dehazeformer_dehaze,DehazeFormer去雾,True,29.26979990773971,0.9756875937504835,0.06430013477802277,18.34540633414013,0.8532594280613434,0.12978877127170563,-10.92439357359958,-0.12242816568914017,-0.06548863649368286
sample_60,60,motion blur,high,swinir_denoising,SwinIR去噪,True,23.637641548669453,0.49283468554395277,0.42347732186317444,23.131093865532172,0.3711358240916988,0.5015551447868347,-0.5065476831372813,-0.12169886145225395,-0.07807782292366028
sample_60,60,motion blur,high,swinir_jpeg_artifact_removal,SwinIR JPEG伪影去除,True,23.637641548669453,0.49283468554395277,0.42347732186317444,23.287399819989766,0.421715708083042,0.47668248414993286,-0.3502417286796877,-0.07111897746091078,-0.05320516228675842
sample_60,60,motion blur,high,swinir_super_resolution,SwinIR超分辨率,True,23.637641548669453,0.49283468554395277,0.42347732186317444,22.780960715386666,0.47823991569845087,0.5753300189971924,-0.8566808332827875,-0.014594769845501898,-0.15185269713401794
sample_60,60,motion blur,high,restormer_motion_deblurring,Restormer运动去模糊,True,23.637641548669453,0.49283468554395277,0.42347732186317444,21.473179604139737,0.2792583260821639,0.22570422291755676,-2.164461944529716,-0.21357635946178888,0.19777309894561768
sample_60,60,motion blur,high,restormer_defocus_deblurring,Restormer散焦去模糊,True,23.637641548669453,0.49283468554395277,0.42347732186317444,21.192346497118937,0.499055280340378,0.43778735399246216,-2.4452950515505165,0.006220594796425227,-0.01431003212928772
sample_60,60,motion blur,high,restormer_deraining,Restormer去雨,True,23.637641548669453,0.49283468554395277,0.42347732186317444,22.44918339527285,0.3834173094011189,0.41890788078308105,-1.1884581533966028,-0.10941737614283387,0.004569441080093384
sample_60,60,motion blur,high,xrestormer_motion_deblurring,XRestormer运动去模糊,True,23.637641548669453,0.49283468554395277,0.42347732186317444,20.85333739454508,0.346824465269131,0.35122013092041016,-2.7843041541243743,-0.14601022027482174,0.07225719094276428
sample_60,60,motion blur,high,xrestormer_deraining,XRestormer去雨,True,23.637641548669453,0.49283468554395277,0.42347732186317444,21.7121427609961,0.34077690174329534,0.4197646975517273,-1.9254987876733516,-0.15205778380065743,0.0037126243114471436
sample_60,60,motion blur,high,mprnet_denoising,MPRNet去噪,True,23.637641548669453,0.49283468554395277,0.42347732186317444,23.38825922447743,0.4316731286361859,0.43941110372543335,-0.24938232419202322,-0.06116155690776687,-0.01593378186225891
sample_60,60,motion blur,high,mprnet_motion_deblurring,MPRNet运动去模糊,True,23.637641548669453,0.49283468554395277,0.42347732186317444,21.601808399360433,0.2668645472139342,0.20371492207050323,-2.0358331493090205,-0.22597013833001856,0.2197623997926712
sample_60,60,motion blur,high,mprnet_deraining,MPRNet去雨,True,23.637641548669453,0.49283468554395277,0.42347732186317444,22.492368102605994,0.38156073089630144,0.4225364625453949,-1.1452734460634595,-0.11127395464765133,0.000940859317779541
sample_60,60,motion blur,high,fbcnn_jpeg_artifact_removal,FBCNN JPEG伪影去除,True,23.637641548669453,0.49283468554395277,0.42347732186317444,23.59072918866799,0.4829773467856248,0.4242669939994812,-0.04691236000146404,-0.00985733875832795,-0.0007896721363067627
sample_60,60,motion blur,high,drbnet_defocus_deblurring,DRBNet散焦去模糊,True,23.637641548669453,0.49283468554395277,0.42347732186317444,23.490224327103768,0.4999077105230103,0.424095094203949,-0.1474172215656857,0.007073024979057541,-0.0006177723407745361
sample_60,60,motion blur,high,dehazeformer_dehaze,DehazeFormer去雾,True,23.637641548669453,0.49283468554395277,0.42347732186317444,22.992792460689078,0.4724924179858581,0.41053009033203125,-0.6448490879803757,-0.02034226755809465,0.012947231531143188
sample_67,67,haze,medium,swinir_denoising,SwinIR去噪,True,100.0,1.0,0.0,31.47044719512798,0.8694785491922868,0.18651409447193146,-68.52955280487203,-0.13052145080771316,-0.18651409447193146
sample_67,67,haze,medium,swinir_jpeg_artifact_removal,SwinIR JPEG伪影去除,True,100.0,1.0,0.0,31.017907258498557,0.914586091325864,0.09729978442192078,-68.98209274150145,-0.08541390867413601,-0.09729978442192078
sample_67,67,haze,medium,swinir_super_resolution,SwinIR超分辨率,True,100.0,1.0,0.0,28.916228336111963,0.9048208191077644,0.1959099918603897,-71.08377166388803,-0.09517918089223565,-0.1959099918603897
sample_67,67,haze,medium,restormer_motion_deblurring,Restormer运动去模糊,True,100.0,1.0,0.0,44.11082079704674,0.99787425219867,0.0033575603738427162,-55.88917920295326,-0.0021257478013300135,-0.0033575603738427162
sample_67,67,haze,medium,restormer_defocus_deblurring,Restormer散焦去模糊,True,100.0,1.0,0.0,27.037960920012246,0.9399064704907366,0.03474012017250061,-72.96203907998776,-0.06009352950926339,-0.03474012017250061
sample_67,67,haze,medium,restormer_deraining,Restormer去雨,True,100.0,1.0,0.0,49.01279869348859,0.9971746731705475,0.006929948925971985,-50.98720130651141,-0.002825326829452468,-0.006929948925971985
sample_67,67,haze,medium,xrestormer_motion_deblurring,XRestormer运动去模糊,True,100.0,1.0,0.0,17.48249373182542,0.65325305380724,0.3672432005405426,-82.51750626817457,-0.34674694619276003,-0.3672432005405426
sample_67,67,haze,medium,xrestormer_deraining,XRestormer去雨,True,100.0,1.0,0.0,37.117833871974526,0.9935003241488474,0.00773034431040287,-62.882166128025474,-0.006499675851152631,-0.00773034431040287
sample_67,67,haze,medium,mprnet_denoising,MPRNet去噪,True,100.0,1.0,0.0,29.06732245546948,0.9166357178656415,0.12493577599525452,-70.93267754453052,-0.08336428213435854,-0.12493577599525452
sample_67,67,haze,medium,mprnet_motion_deblurring,MPRNet运动去模糊,True,100.0,1.0,0.0,36.380033213857644,0.9867296946520357,0.021262453868985176,-63.619966786142356,-0.01327030534796425,-0.021262453868985176
sample_67,67,haze,medium,mprnet_deraining,MPRNet去雨,True,100.0,1.0,0.0,40.78901533351295,0.9865867908616724,0.03149903938174248,-59.21098466648705,-0.013413209138327553,-0.03149903938174248
sample_67,67,haze,medium,fbcnn_jpeg_artifact_removal,FBCNN JPEG伪影去除,True,100.0,1.0,0.0,41.42968399710823,0.9872428644547072,0.006452609319239855,-58.57031600289177,-0.012757135545292786,-0.006452609319239855
sample_67,67,haze,medium,drbnet_defocus_deblurring,DRBNet散焦去模糊,True,100.0,1.0,0.0,34.608989135398375,0.9831832563145383,0.017914483323693275,-65.39101086460163,-0.01681674368546171,-0.017914483323693275
sample_67,67,haze,medium,dehazeformer_dehaze,DehazeFormer去雾,True,100.0,1.0,0.0,17.34712487668359,0.6934080485306192,0.0948539674282074,-82.6528751233164,-0.3065919514693808,-0.0948539674282074
sample_76,76,noise,low,swinir_denoising,SwinIR去噪,True,30.69851618732669,0.7744181664287705,0.11276433616876602,32.340022642167234,0.9210385812605804,0.11099909245967865,1.6415064548405454,0.14662041483180988,0.0017652437090873718
sample_76,76,noise,low,swinir_jpeg_artifact_removal,SwinIR JPEG伪影去除,True,30.69851618732669,0.7744181664287705,0.11276433616876602,30.279046276172906,0.9103086943534056,0.061456065624952316,-0.41946991115378296,0.13589052792463507,0.051308270543813705
sample_76,76,noise,low,swinir_super_resolution,SwinIR超分辨率,True,30.69851618732669,0.7744181664287705,0.11276433616876602,26.269985202674242,0.8543509067993681,0.2883313000202179,-4.428530984652447,0.07993274037059761,-0.17556696385145187
sample_76,76,noise,low,restormer_motion_deblurring,Restormer运动去模糊,True,30.69851618732669,0.7744181664287705,0.11276433616876602,28.628255741071516,0.7262388574270698,0.23376263678073883,-2.0702604462551726,-0.04817930900170064,-0.12099830061197281
sample_76,76,noise,low,restormer_defocus_deblurring,Restormer散焦去模糊,True,30.69851618732669,0.7744181664287705,0.11276433616876602,27.706341231822723,0.788961106408932,0.17251178622245789,-2.992174955503966,0.01454293998016154,-0.059747450053691864
sample_76,76,noise,low,restormer_deraining,Restormer去雨,True,30.69851618732669,0.7744181664287705,0.11276433616876602,31.94198253427914,0.8709531755543192,0.06580841541290283,1.2434663469524523,0.09653500912554869,0.04695592075586319
sample_76,76,noise,low,xrestormer_motion_deblurring,XRestormer运动去模糊,True,30.69851618732669,0.7744181664287705,0.11276433616876602,17.104505943614406,0.4717654412975931,0.3474438190460205,-13.594010243712283,-0.30265272513117736,-0.23467948287725449
sample_76,76,noise,low,xrestormer_deraining,XRestormer去雨,True,30.69851618732669,0.7744181664287705,0.11276433616876602,31.810825262724038,0.8681304950936264,0.07211983948945999,1.1123090753973486,0.0937123286648559,0.04064449667930603
sample_76,76,noise,low,mprnet_denoising,MPRNet去噪,True,30.69851618732669,0.7744181664287705,0.11276433616876602,31.093023002553323,0.9393685860643738,0.06273549050092697,0.39450681522663444,0.1649504196356033,0.05002884566783905
sample_76,76,noise,low,mprnet_motion_deblurring,MPRNet运动去模糊,True,30.69851618732669,0.7744181664287705,0.11276433616876602,28.43622946132026,0.7845491769804473,0.13010649383068085,-2.2622867260064297,0.010131010551676867,-0.017342157661914825
sample_76,76,noise,low,mprnet_deraining,MPRNet去雨,True,30.69851618732669,0.7744181664287705,0.11276433616876602,30.90121402418323,0.8511637261996388,0.07724737375974655,0.2026978368565402,0.07674555977086828,0.03551696240901947
sample_76,76,noise,low,fbcnn_jpeg_artifact_removal,FBCNN JPEG伪影去除,True,30.69851618732669,0.7744181664287705,0.11276433616876602,33.044652816355196,0.866116161914915,0.12422706186771393,2.346136629028507,0.09169799548614455,-0.011462725698947906
sample_76,76,noise,low,drbnet_defocus_deblurring,DRBNet散焦去模糊,True,30.69851618732669,0.7744181664287705,0.11276433616876602,30.74015081028194,0.8211886762465378,0.1504225730895996,0.04163462295525022,0.046770509817767314,-0.03765823692083359
sample_76,76,noise,low,dehazeformer_dehaze,DehazeFormer去雾,True,30.69851618732669,0.7744181664287705,0.11276433616876602,22.33493600784094,0.7388316062016526,0.14570336043834686,-8.363580179485748,-0.035586560227117925,-0.03293902426958084
sample_63,63,motion blur,medium,swinir_denoising,SwinIR去噪,True,20.216114642029304,0.4954389887977107,0.3535814881324768,19.405879336079146,0.334264606454072,0.550594687461853,-0.8102353059501581,-0.16117438234363868,-0.19701319932937622
sample_63,63,motion blur,medium,swinir_jpeg_artifact_removal,SwinIR JPEG伪影去除,True,20.216114642029304,0.4954389887977107,0.3535814881324768,19.64120107928094,0.39597702952010955,0.46564409136772156,-0.5749135627483639,-0.09946195927760115,-0.11206260323524475
sample_63,63,motion blur,medium,swinir_super_resolution,SwinIR超分辨率,True,20.216114642029304,0.4954389887977107,0.3535814881324768,19.833119908525706,0.46699896435720784,0.5043578147888184,-0.3829947335035975,-0.028440024440502865,-0.15077632665634155
sample_63,63,motion blur,medium,restormer_motion_deblurring,Restormer运动去模糊,True,20.216114642029304,0.4954389887977107,0.3535814881324768,21.190709375542824,0.6271983195436377,0.24963781237602234,0.9745947335135199,0.131759330745927,0.10394367575645447
sample_63,63,motion blur,medium,restormer_defocus_deblurring,Restormer散焦去模糊,True,20.216114642029304,0.4954389887977107,0.3535814881324768,19.217874972611426,0.47185146598307365,0.3129780888557434,-0.9982396694178775,-0.023587522814637052,0.0406033992767334
sample_63,63,motion blur,medium,restormer_deraining,Restormer去雨,True,20.216114642029304,0.4954389887977107,0.3535814881324768,19.811118316902004,0.4689546138572378,0.35660094022750854,-0.4049963251272999,-0.0264843749404729,-0.0030194520950317383
sample_63,63,motion blur,medium,xrestormer_motion_deblurring,XRestormer运动去模糊,True,20.216114642029304,0.4954389887977107,0.3535814881324768,16.532110479487976,0.36363367412300435,0.4750857353210449,-3.684004162541328,-0.13180531467470635,-0.12150424718856812
sample_63,63,motion blur,medium,xrestormer_deraining,XRestormer去雨,True,20.216114642029304,0.4954389887977107,0.3535814881324768,19.7636053732471,0.4643723896695929,0.3651541769504547,-0.45250926878220454,-0.031066599128117822,-0.011572688817977905
sample_63,63,motion blur,medium,mprnet_denoising,MPRNet去噪,True,20.216114642029304,0.4954389887977107,0.3535814881324768,19.86252827069587,0.4181500851674344,0.4340206980705261,-0.35358637133343507,-0.0772889036302763,-0.08043920993804932
sample_63,63,motion blur,medium,mprnet_motion_deblurring,MPRNet运动去模糊,True,20.216114642029304,0.4954389887977107,0.3535814881324768,21.639647437891114,0.6668127378743051,0.2338135689496994,1.42353279586181,0.17137374907659436,0.1197679191827774
sample_63,63,motion blur,medium,mprnet_deraining,MPRNet去雨,True,20.216114642029304,0.4954389887977107,0.3535814881324768,19.81283577462613,0.4701750108885316,0.3620742857456207,-0.40327886740317354,-0.025263977909179114,-0.008492797613143921
sample_63,63,motion blur,medium,fbcnn_jpeg_artifact_removal,FBCNN JPEG伪影去除,True,20.216114642029304,0.4954389887977107,0.3535814881324768,20.174278879828535,0.48830752256891224,0.3601367771625519,-0.04183576220076901,-0.007131466228798455,-0.006555289030075073
sample_63,63,motion blur,medium,drbnet_defocus_deblurring,DRBNet散焦去模糊,True,20.216114642029304,0.4954389887977107,0.3535814881324768,20.60730440047847,0.5492870043844481,0.3297465145587921,0.3911897584491655,0.05384801558673741,0.023834973573684692
sample_63,63,motion blur,medium,dehazeformer_dehaze,DehazeFormer去雾,True,20.216114642029304,0.4954389887977107,0.3535814881324768,18.478039769122937,0.4971436514838667,0.35548800230026245,-1.7380748729063669,0.0017046626861559888,-0.0019065141677856445
sample_71,71,low resolution,low,swinir_denoising,SwinIR去噪,True,51.644020373061366,0.9976740966708922,0.0010249670594930649,41.82659879850991,0.9821863247449203,0.01356249675154686,-9.817421574551453,-0.01548777192597195,-0.012537529692053795
sample_71,71,low resolution,low,swinir_jpeg_artifact_removal,SwinIR JPEG伪影去除,True,51.644020373061366,0.9976740966708922,0.0010249670594930649,42.543776735754605,0.9851991472269642,0.012893185019493103,-9.100243637306761,-0.012474949443928018,-0.011868217960000038
sample_71,71,low resolution,low,swinir_super_resolution,SwinIR超分辨率,True,51.644020373061366,0.9976740966708922,0.0010249670594930649,38.271359367804834,0.9677361402803694,0.05738459900021553,-13.372661005256532,-0.02993795639052288,-0.056359631940722466
sample_71,71,low resolution,low,restormer_motion_deblurring,Restormer运动去模糊,True,51.644020373061366,0.9976740966708922,0.0010249670594930649,52.00263242806134,0.9977644381190385,0.0008903024718165398,0.3586120549999734,9.034144814623613e-05,0.00013466458767652512
sample_71,71,low resolution,low,restormer_defocus_deblurring,Restormer散焦去模糊,True,51.644020373061366,0.9976740966708922,0.0010249670594930649,35.245870906367585,0.9842235116879409,0.008946367539465427,-16.39814946669378,-0.013450584982951375,-0.007921400479972363
sample_71,71,low resolution,low,restormer_deraining,Restormer去雨,True,51.644020373061366,0.9976740966708922,0.0010249670594930649,49.44980612990291,0.9942381167002896,0.006511371582746506,-2.1942142431584557,-0.0034359799706026317,-0.005486404523253441
sample_71,71,low resolution,low,xrestormer_motion_deblurring,XRestormer运动去模糊,True,51.644020373061366,0.9976740966708922,0.0010249670594930649,21.485393269784105,0.8433618517484125,0.1745838075876236,-30.15862710327726,-0.15431224492247975,-0.17355884052813053
sample_71,71,low resolution,low,xrestormer_deraining,XRestormer去雨,True,51.644020373061366,0.9976740966708922,0.0010249670594930649,27.730985684438735,0.9810683084057795,0.017749780789017677,-23.91303468862263,-0.01660578826511272,-0.016724813729524612
sample_71,71,low resolution,low,mprnet_denoising,MPRNet去噪,True,51.644020373061366,0.9976740966708922,0.0010249670594930649,38.91814596114341,0.9830961477904387,0.017963355407118797,-12.725874411917957,-0.014577948880453495,-0.016938388347625732
sample_71,71,low resolution,low,mprnet_motion_deblurring,MPRNet运动去模糊,True,51.644020373061366,0.9976740966708922,0.0010249670594930649,48.90181712790509,0.9970587253244814,0.0009816177189350128,-2.7422032451562757,-0.0006153713464108757,4.334934055805206e-05
sample_71,71,low resolution,low,mprnet_deraining,MPRNet去雨,True,51.644020373061366,0.9976740966708922,0.0010249670594930649,44.872747858328864,0.9910835838749433,0.007711184211075306,-6.771272514732502,-0.006590512795948911,-0.006686217151582241
sample_71,71,low resolution,low,fbcnn_jpeg_artifact_removal,FBCNN JPEG伪影去除,True,51.644020373061366,0.9976740966708922,0.0010249670594930649,47.482363465283484,0.9927882727026834,0.0050245048478245735,-4.161656907777882,-0.004885823968208802,-0.003999537788331509
sample_71,71,low resolution,low,drbnet_defocus_deblurring,DRBNet散焦去模糊,True,51.644020373061366,0.9976740966708922,0.0010249670594930649,41.81814104687425,0.993729047098446,0.0035787811502814293,-9.825879326187113,-0.003945049572446235,-0.0025538140907883644
sample_71,71,low resolution,low,dehazeformer_dehaze,DehazeFormer去雾,True,51.644020373061366,0.9976740966708922,0.0010249670594930649,16.599764760376672,0.9231488358554191,0.09787359833717346,-35.044255612684694,-0.07452526081547317,-0.0968486312776804
sample_72,72,jpeg compression artifact,low,swinir_denoising,SwinIR去噪,True,32.409046239061894,0.9063861414957771,0.12488412857055664,32.729559433477824,0.8897337715350092,0.2479119598865509,0.3205131944159305,-0.01665236996076791,-0.12302783131599426
sample_72,72,jpeg compression artifact,low,swinir_jpeg_artifact_removal,SwinIR JPEG伪影去除,True,32.409046239061894,0.9063861414957771,0.12488412857055664,35.16115817858911,0.9378161618965279,0.1294889897108078,2.752111939527218,0.031430020400750824,-0.00460486114025116
sample_72,72,jpeg compression artifact,low,swinir_super_resolution,SwinIR超分辨率,True,32.409046239061894,0.9063861414957771,0.12488412857055664,28.963208936674366,0.882923302284914,0.1798558235168457,-3.4458373023875275,-0.023462839210863118,-0.05497169494628906
sample_72,72,jpeg compression artifact,low,restormer_motion_deblurring,Restormer运动去模糊,True,32.409046239061894,0.9063861414957771,0.12488412857055664,32.200759856905215,0.9046551219468792,0.1257278323173523,-0.20828638215667894,-0.001731019548897872,-0.0008437037467956543
sample_72,72,jpeg compression artifact,low,restormer_defocus_deblurring,Restormer散焦去模糊,True,32.409046239061894,0.9063861414957771,0.12488412857055664,29.29741099524349,0.8927141512408635,0.13051941990852356,-3.111635243818405,-0.013671990254913613,-0.005635291337966919
sample_72,72,jpeg compression artifact,low,restormer_deraining,Restormer去雨,True,32.409046239061894,0.9063861414957771,0.12488412857055664,32.56908308481278,0.9089174370859392,0.12930378317832947,0.16003684575088784,0.002531295590162075,-0.004419654607772827
sample_72,72,jpeg compression artifact,low,xrestormer_motion_deblurring,XRestormer运动去模糊,True,32.409046239061894,0.9063861414957771,0.12488412857055664,22.736586016777824,0.7567666867199291,0.3516191244125366,-9.67246022228407,-0.14961945477584804,-0.22673499584197998
sample_72,72,jpeg compression artifact,low,xrestormer_deraining,XRestormer去雨,True,32.409046239061894,0.9063861414957771,0.12488412857055664,32.42136509634629,0.9111816500401657,0.12446489930152893,0.012318857284398632,0.004795508544388594,0.00041922926902770996
sample_72,72,jpeg compression artifact,low,mprnet_denoising,MPRNet去噪,True,32.409046239061894,0.9063861414957771,0.12488412857055664,31.920808442603075,0.9120272415015643,0.16643090546131134,-0.4882377964588187,0.005641100005787214,-0.0415467768907547
sample_72,72,jpeg compression artifact,low,mprnet_motion_deblurring,MPRNet运动去模糊,True,32.409046239061894,0.9063861414957771,0.12488412857055664,32.00673020336373,0.9006664292867047,0.13049396872520447,-0.40231603569816343,-0.005719712209072414,-0.005609840154647827
sample_72,72,jpeg compression artifact,low,mprnet_deraining,MPRNet去雨,True,32.409046239061894,0.9063861414957771,0.12488412857055664,32.611043090946204,0.9157417932487021,0.14963355660438538,0.20199685188431005,0.009355651752924965,-0.024749428033828735
sample_72,72,jpeg compression artifact,low,fbcnn_jpeg_artifact_removal,FBCNN JPEG伪影去除,True,32.409046239061894,0.9063861414957771,0.12488412857055664,35.19621648657909,0.9415995420317058,0.11413408070802689,2.7871702475171958,0.035213400535928696,0.010750047862529755
sample_72,72,jpeg compression artifact,low,drbnet_defocus_deblurring,DRBNet散焦去模糊,True,32.409046239061894,0.9063861414957771,0.12488412857055664,31.593407184831083,0.8955095132944919,0.12250512838363647,-0.815639054230811,-0.01087662820128521,0.002379000186920166
sample_72,72,jpeg compression artifact,low,dehazeformer_dehaze,DehazeFormer去雾,True,32.409046239061894,0.9063861414957771,0.12488412857055664,27.291809683426568,0.8867929434167516,0.13295499980449677,-5.117236555635326,-0.019593198079025487,-0.008070871233940125
sample_64,64,motion blur,medium,swinir_denoising,SwinIR去噪,True,27.531542726613335,0.8901417752413933,0.09598229825496674,27.264006999745817,0.854022635418931,0.1620856523513794,-0.2675357268675178,-0.03611913982246229,-0.06610335409641266
sample_64,64,motion blur,medium,swinir_jpeg_artifact_removal,SwinIR JPEG伪影去除,True,27.531542726613335,0.8901417752413933,0.09598229825496674,27.32347091546144,0.8699001982810132,0.13272443413734436,-0.2080718111518962,-0.020241576960380092,-0.036742135882377625
sample_64,64,motion blur,medium,swinir_super_resolution,SwinIR超分辨率,True,27.531542726613335,0.8901417752413933,0.09598229825496674,25.819280727484802,0.827706918855696,0.2050732970237732,-1.7122619991285326,-0.062434856385697235,-0.10909099876880646
sample_64,64,motion blur,medium,restormer_motion_deblurring,Restormer运动去模糊,True,27.531542726613335,0.8901417752413933,0.09598229825496674,27.036756468490562,0.8740498181241124,0.047971807420253754,-0.49478625812277244,-0.016091957117280842,0.04801049083471298
sample_64,64,motion blur,medium,restormer_defocus_deblurring,Restormer散焦去模糊,True,27.531542726613335,0.8901417752413933,0.09598229825496674,26.290653087047566,0.8750277349065314,0.09795614331960678,-1.2408896395657685,-0.015114040334861856,-0.001973845064640045
sample_64,64,motion blur,medium,restormer_deraining,Restormer去雨,True,27.531542726613335,0.8901417752413933,0.09598229825496674,27.52246976044885,0.888041845238666,0.10083523392677307,-0.009072966164485052,-0.002099930002727235,-0.0048529356718063354
sample_64,64,motion blur,medium,xrestormer_motion_deblurring,XRestormer运动去模糊,True,27.531542726613335,0.8901417752413933,0.09598229825496674,23.242024087116782,0.772584660907151,0.22279143333435059,-4.289518639496553,-0.11755711433424221,-0.12680913507938385
sample_64,64,motion blur,medium,xrestormer_deraining,XRestormer去雨,True,27.531542726613335,0.8901417752413933,0.09598229825496674,27.478737764725658,0.8869635763091823,0.10000687837600708,-0.05280496188767714,-0.0031781989322109405,-0.004024580121040344
sample_64,64,motion blur,medium,mprnet_denoising,MPRNet去噪,True,27.531542726613335,0.8901417752413933,0.09598229825496674,27.36117958407045,0.8790130020519853,0.13167551159858704,-0.17036314254288598,-0.01112877318940797,-0.0356932133436203
sample_64,64,motion blur,medium,mprnet_motion_deblurring,MPRNet运动去模糊,True,27.531542726613335,0.8901417752413933,0.09598229825496674,26.885065354413822,0.8735962073354716,0.0572521947324276,-0.646477372199513,-0.016545567905921654,0.03873010352253914
sample_64,64,motion blur,medium,mprnet_deraining,MPRNet去雨,True,27.531542726613335,0.8901417752413933,0.09598229825496674,27.4505988525255,0.8843841683317564,0.10861247777938843,-0.08094387408783632,-0.005757606909636892,-0.012630179524421692
sample_64,64,motion blur,medium,fbcnn_jpeg_artifact_removal,FBCNN JPEG伪影去除,True,27.531542726613335,0.8901417752413933,0.09598229825496674,27.48687403302958,0.8854583655119369,0.09982333332300186,-0.04466869358375547,-0.004683409729456356,-0.0038410350680351257
sample_64,64,motion blur,medium,drbnet_defocus_deblurring,DRBNet散焦去模糊,True,27.531542726613335,0.8901417752413933,0.09598229825496674,27.01131815663645,0.8637678773735976,0.09435253590345383,-0.5202245699768859,-0.026373897867795648,0.001629762351512909
sample_64,64,motion blur,medium,dehazeformer_dehaze,DehazeFormer去雾,True,27.531542726613335,0.8901417752413933,0.09598229825496674,25.242885147402568,0.7995932498758901,0.1022246927022934,-2.288657579210767,-0.09054852536550317,-0.00624239444732666
sample_77,77,low resolution,high,swinir_denoising,SwinIR去噪,True,40.686447995838776,0.9963996270669492,0.005452316254377365,26.370136022749744,0.8357372377230093,0.22662676870822906,-14.316311973089032,-0.16066238934393984,-0.2211744524538517
sample_77,77,low resolution,high,swinir_jpeg_artifact_removal,SwinIR JPEG伪影去除,True,40.686447995838776,0.9963996270669492,0.005452316254377365,25.340024297392034,0.8378727966001321,0.11956892162561417,-15.346423698446742,-0.15852683046681704,-0.1141166053712368
sample_77,77,low resolution,high,swinir_super_resolution,SwinIR超分辨率,True,40.686447995838776,0.9963996270669492,0.005452316254377365,20.78004335384645,0.6266952809543568,0.1724531203508377,-19.906404641992324,-0.3697043461125924,-0.16700080409646034
sample_77,77,low resolution,high,restormer_motion_deblurring,Restormer运动去模糊,True,40.686447995838776,0.9963996270669492,0.005452316254377365,33.888390507735224,0.9860757869257887,0.011453657411038876,-6.798057488103552,-0.0103238401411605,-0.0060013411566615105
sample_77,77,low resolution,high,restormer_defocus_deblurring,Restormer散焦去模糊,True,40.686447995838776,0.9963996270669492,0.005452316254377365,31.16633945022909,0.9696499232043635,0.013121983967721462,-9.520108545609688,-0.026749703862585683,-0.007669667713344097
sample_77,77,low resolution,high,restormer_deraining,Restormer去雨,True,40.686447995838776,0.9963996270669492,0.005452316254377365,26.374719195183253,0.8870488366953234,0.07103931158781052,-14.311728800655523,-0.10935079037162576,-0.06558699533343315
sample_77,77,low resolution,high,xrestormer_motion_deblurring,XRestormer运动去模糊,True,40.686447995838776,0.9963996270669492,0.005452316254377365,14.974858957279604,0.43800432435067194,0.3878951370716095,-25.711589038559172,-0.5583953027162772,-0.38244282081723213
sample_77,77,low resolution,high,xrestormer_deraining,XRestormer去雨,True,40.686447995838776,0.9963996270669492,0.005452316254377365,27.58860478630099,0.9149752466323123,0.035632241517305374,-13.097843209537785,-0.08142438043463684,-0.03017992526292801
sample_77,77,low resolution,high,mprnet_denoising,MPRNet去噪,True,40.686447995838776,0.9963996270669492,0.005452316254377365,23.831867109605692,0.7786118985420297,0.3260689079761505,-16.854580886233084,-0.21778772852491945,-0.32061659172177315
sample_77,77,low resolution,high,mprnet_motion_deblurring,MPRNet运动去模糊,True,40.686447995838776,0.9963996270669492,0.005452316254377365,26.2280995519267,0.9229337190476478,0.05288686230778694,-14.458348443912076,-0.07346590801930142,-0.047434546053409576
sample_77,77,low resolution,high,mprnet_deraining,MPRNet去雨,True,40.686447995838776,0.9963996270669492,0.005452316254377365,29.04171206713087,0.9292366936992158,0.031352706253528595,-11.644735928707906,-0.06716293336773338,-0.02590038999915123
sample_77,77,low resolution,high,fbcnn_jpeg_artifact_removal,FBCNN JPEG伪影去除,True,40.686447995838776,0.9963996270669492,0.005452316254377365,30.39493071723241,0.951557809873565,0.017121056094765663,-10.291517278606367,-0.044841817193384204,-0.011668739840388298
sample_77,77,low resolution,high,drbnet_defocus_deblurring,DRBNet散焦去模糊,True,40.686447995838776,0.9963996270669492,0.005452316254377365,30.458717374630695,0.9617050091387781,0.030146416276693344,-10.227730621208082,-0.03469461792817108,-0.02469410002231598
sample_77,77,low resolution,high,dehazeformer_dehaze,DehazeFormer去雾,True,40.686447995838776,0.9963996270669492,0.005452316254377365,24.92573244383481,0.947437717351009,0.016975542530417442,-15.760715552003965,-0.048961909715940166,-0.011523226276040077
sample_65,65,dark,very high,swinir_denoising,SwinIR去噪,True,12.557286217494376,0.525023710683564,0.17049844563007355,12.531056124087508,0.4676051096205314,0.26962950825691223,-0.026230093406867994,-0.05741860106303259,-0.09913106262683868
sample_65,65,dark,very high,swinir_jpeg_artifact_removal,SwinIR JPEG伪影去除,True,12.557286217494376,0.525023710683564,0.17049844563007355,12.487504791471371,0.4807039113340908,0.20702412724494934,-0.0697814260230043,-0.04431979934947322,-0.03652568161487579
sample_65,65,dark,very high,swinir_super_resolution,SwinIR超分辨率,True,12.557286217494376,0.525023710683564,0.17049844563007355,12.183384582417514,0.4383037780681998,0.3972115218639374,-0.37390163507686225,-0.0867199326153642,-0.22671307623386383
sample_65,65,dark,very high,restormer_motion_deblurring,Restormer运动去模糊,True,12.557286217494376,0.525023710683564,0.17049844563007355,12.566834099588089,0.5262970502001402,0.17126113176345825,0.009547882093713156,0.0012733395165761552,-0.0007626861333847046
sample_65,65,dark,very high,restormer_defocus_deblurring,Restormer散焦去模糊,True,12.557286217494376,0.525023710683564,0.17049844563007355,12.165383526476099,0.48583881219812436,0.1949506253004074,-0.39190269101827724,-0.039184898485439656,-0.024452179670333862
sample_65,65,dark,very high,restormer_deraining,Restormer去雨,True,12.557286217494376,0.525023710683564,0.17049844563007355,12.603199245618072,0.529047921955176,0.17044338583946228,0.04591302812369591,0.00402421127161201,5.505979061126709e-05
sample_65,65,dark,very high,xrestormer_motion_deblurring,XRestormer运动去模糊,True,12.557286217494376,0.525023710683564,0.17049844563007355,11.50413594640882,0.3228366279962571,0.39112478494644165,-1.0531502710855563,-0.2021870826873069,-0.2206263393163681
sample_65,65,dark,very high,xrestormer_deraining,XRestormer去雨,True,12.557286217494376,0.525023710683564,0.17049844563007355,12.558151880083264,0.523345955485434,0.170528382062912,0.0008656625888878722,-0.001677755198130071,-2.993643283843994e-05
sample_65,65,dark,very high,mprnet_denoising,MPRNet去噪,True,12.557286217494376,0.525023710683564,0.17049844563007355,12.587020382494266,0.5089445531538456,0.19676917791366577,0.029734164999890567,-0.016079157529718446,-0.026270732283592224
sample_65,65,dark,very high,mprnet_motion_deblurring,MPRNet运动去模糊,True,12.557286217494376,0.525023710683564,0.17049844563007355,12.559932933998173,0.5258631714083627,0.17519721388816833,0.0026467165037971085,0.0008394607247986796,-0.004698768258094788
sample_65,65,dark,very high,mprnet_deraining,MPRNet去雨,True,12.557286217494376,0.525023710683564,0.17049844563007355,12.491324910219285,0.5084918732777703,0.18309953808784485,-0.06596130727509042,-0.01653183740579367,-0.012601092457771301
sample_65,65,dark,very high,fbcnn_jpeg_artifact_removal,FBCNN JPEG伪影去除,True,12.557286217494376,0.525023710683564,0.17049844563007355,12.556771385448792,0.5196470026278228,0.17028343677520752,-0.0005148320455834465,-0.005376708055741197,0.00021500885486602783
sample_65,65,dark,very high,drbnet_defocus_deblurring,DRBNet散焦去模糊,True,12.557286217494376,0.525023710683564,0.17049844563007355,12.795529421733656,0.5562002093220477,0.17023757100105286,0.23824320423928036,0.031176498638483707,0.0002608746290206909
sample_65,65,dark,very high,dehazeformer_dehaze,DehazeFormer去雾,True,12.557286217494376,0.525023710683564,0.17049844563007355,9.481674170310221,0.35376048906494445,0.2401363104581833,-3.075612047184155,-0.17126322161861957,-0.06963786482810974
sample_75,75,dark,high,swinir_denoising,SwinIR去噪,True,16.791626794683815,0.7848970799452805,0.0707160159945488,16.74943417024906,0.7497446196640025,0.10901721566915512,-0.04219262443475458,-0.03515246028127794,-0.03830119967460632
sample_75,75,dark,high,swinir_jpeg_artifact_removal,SwinIR JPEG伪影去除,True,16.791626794683815,0.7848970799452805,0.0707160159945488,16.727218309585336,0.7442405492948098,0.090312659740448,-0.06440848509847896,-0.0406565306504707,-0.0195966437458992
sample_75,75,dark,high,swinir_super_resolution,SwinIR超分辨率,True,16.791626794683815,0.7848970799452805,0.0707160159945488,16.333715925821323,0.7108640857434544,0.1729535162448883,-0.4579108688624913,-0.07403299420182607,-0.10223750025033951
sample_75,75,dark,high,restormer_motion_deblurring,Restormer运动去模糊,True,16.791626794683815,0.7848970799452805,0.0707160159945488,16.81456882329376,0.7855670440855134,0.07128441333770752,0.022942028609946874,0.0006699641402329037,-0.0005683973431587219
sample_75,75,dark,high,restormer_defocus_deblurring,Restormer散焦去模糊,True,16.791626794683815,0.7848970799452805,0.0707160159945488,17.171392074216804,0.7933299012621436,0.07737673074007034,0.37976527953298955,0.008432821316863182,-0.006660714745521545
sample_75,75,dark,high,restormer_deraining,Restormer去雨,True,16.791626794683815,0.7848970799452805,0.0707160159945488,16.73551174473991,0.7812747853442649,0.07153832912445068,-0.05611504994390515,-0.0036222946010155965,-0.000822313129901886
sample_75,75,dark,high,xrestormer_motion_deblurring,XRestormer运动去模糊,True,16.791626794683815,0.7848970799452805,0.0707160159945488,14.873719917230996,0.5081239388781362,0.33745211362838745,-1.9179068774528183,-0.27677314106714423,-0.26673609763383865
sample_75,75,dark,high,xrestormer_deraining,XRestormer去雨,True,16.791626794683815,0.7848970799452805,0.0707160159945488,16.739539822818173,0.784039649371846,0.07125099003314972,-0.052086971865641374,-0.0008574305734344589,-0.0005349740386009216
sample_75,75,dark,high,mprnet_denoising,MPRNet去噪,True,16.791626794683815,0.7848970799452805,0.0707160159945488,16.853139479096846,0.762218192281706,0.0971747487783432,0.06151268441303159,-0.02267888766357451,-0.026458732783794403
sample_75,75,dark,high,mprnet_motion_deblurring,MPRNet运动去模糊,True,16.791626794683815,0.7848970799452805,0.0707160159945488,16.780438549388148,0.7821687745613207,0.07295972853899002,-0.011188245295667087,-0.0027283053839597393,-0.002243712544441223
sample_75,75,dark,high,mprnet_deraining,MPRNet去雨,True,16.791626794683815,0.7848970799452805,0.0707160159945488,16.630706067062043,0.7683786792476139,0.08031944930553436,-0.16092072762177168,-0.016518400697666524,-0.009603433310985565
sample_75,75,dark,high,fbcnn_jpeg_artifact_removal,FBCNN JPEG伪影去除,True,16.791626794683815,0.7848970799452805,0.0707160159945488,16.79972681601217,0.7755985962986435,0.0703677162528038,0.008100021328356632,-0.00929848364663699,0.0003482997417449951
sample_75,75,dark,high,drbnet_defocus_deblurring,DRBNet散焦去模糊,True,16.791626794683815,0.7848970799452805,0.0707160159945488,17.113880229927116,0.8105295147473127,0.07568168640136719,0.32225343524330086,0.025632434802032256,-0.00496567040681839
sample_75,75,dark,high,dehazeformer_dehaze,DehazeFormer去雾,True,16.791626794683815,0.7848970799452805,0.0707160159945488,15.575902284351152,0.6691225851662215,0.08300655335187912,-1.215724510332663,-0.11577449477905899,-0.012290537357330322
sample_78,78,defocus blur,medium,swinir_denoising,SwinIR去噪,True,29.37611819032915,0.7984968583377485,0.31638291478157043,28.378604761157916,0.7235147695681466,0.41972893476486206,-0.9975134291712351,-0.07498208876960188,-0.10334601998329163
sample_78,78,defocus blur,medium,swinir_jpeg_artifact_removal,SwinIR JPEG伪影去除,True,29.37611819032915,0.7984968583377485,0.31638291478157043,28.91262677366171,0.7592414885781906,0.3820893466472626,-0.4634914166674413,-0.0392553697595579,-0.06570643186569214
sample_78,78,defocus blur,medium,swinir_super_resolution,SwinIR超分辨率,True,29.37611819032915,0.7984968583377485,0.31638291478157043,24.835597069573367,0.599258044506841,0.3334810137748718,-4.540521120755784,-0.19923881383090758,-0.01709809899330139
sample_78,78,defocus blur,medium,restormer_motion_deblurring,Restormer运动去模糊,True,29.37611819032915,0.7984968583377485,0.31638291478157043,29.697124161111223,0.81599205016547,0.29943332076072693,0.32100597078207116,0.017495191827721523,0.016949594020843506
sample_78,78,defocus blur,medium,restormer_defocus_deblurring,Restormer散焦去模糊,True,29.37611819032915,0.7984968583377485,0.31638291478157043,31.17215273227327,0.8906645409301385,0.16728360950946808,1.7960345419441168,0.09216768259238994,0.14909930527210236
sample_78,78,defocus blur,medium,restormer_deraining,Restormer去雨,True,29.37611819032915,0.7984968583377485,0.31638291478157043,29.383104671924947,0.7984502266638817,0.32242584228515625,0.006986481595795624,-4.6631673866870393e-05,-0.006042927503585815
sample_78,78,defocus blur,medium,xrestormer_motion_deblurring,XRestormer运动去模糊,True,29.37611819032915,0.7984968583377485,0.31638291478157043,30.77994929715272,0.8578819466347142,0.2597837448120117,1.4038311068235672,0.05938508829696565,0.056599169969558716
sample_78,78,defocus blur,medium,xrestormer_deraining,XRestormer去雨,True,29.37611819032915,0.7984968583377485,0.31638291478157043,18.81746526253871,0.6846921614856286,0.3837417662143707,-10.55865292779044,-0.11380469685211991,-0.06735885143280029
sample_78,78,defocus blur,medium,mprnet_denoising,MPRNet去噪,True,29.37611819032915,0.7984968583377485,0.31638291478157043,29.13981723427003,0.7810929159807051,0.36846524477005005,-0.2363009560591216,-0.017403942357043456,-0.052082329988479614
sample_78,78,defocus blur,medium,mprnet_motion_deblurring,MPRNet运动去模糊,True,29.37611819032915,0.7984968583377485,0.31638291478157043,29.729152610167958,0.8107341654048175,0.29577386379241943,0.35303441983880646,0.012237307067068937,0.020609050989151
sample_78,78,defocus blur,medium,mprnet_deraining,MPRNet去雨,True,29.37611819032915,0.7984968583377485,0.31638291478157043,29.153359182595104,0.7881073889109581,0.3501562774181366,-0.222759007734048,-0.01038946942679042,-0.03377336263656616
sample_78,78,defocus blur,medium,fbcnn_jpeg_artifact_removal,FBCNN JPEG伪影去除,True,29.37611819032915,0.7984968583377485,0.31638291478157043,29.525300495616627,0.8008169563234668,0.3284624218940735,0.149182305287475,0.0023200979857183057,-0.012079507112503052
sample_78,78,defocus blur,medium,drbnet_defocus_deblurring,DRBNet散焦去模糊,True,29.37611819032915,0.7984968583377485,0.31638291478157043,30.59710531970456,0.8713030606234682,0.11965383589267731,1.220987129375409,0.07280620228571966,0.19672907888889313
sample_78,78,defocus blur,medium,dehazeformer_dehaze,DehazeFormer去雾,True,29.37611819032915,0.7984968583377485,0.31638291478157043,24.504261082046025,0.767504362094344,0.31875067949295044,-4.871857108283127,-0.0309924962434045,-0.002367764711380005
sample_73,73,noise,very high,swinir_denoising,SwinIR去噪,True,15.120303155709314,0.2534607111762255,0.7010291814804077,18.636622007604423,0.33382164284490967,0.5115624666213989,3.516318851895109,0.08036093166868419,0.1894667148590088
sample_73,73,noise,very high,swinir_jpeg_artifact_removal,SwinIR JPEG伪影去除,True,15.120303155709314,0.2534607111762255,0.7010291814804077,17.093277382437154,0.3799601342837069,0.4688531756401062,1.9729742267278407,0.1264994231074814,0.2321760058403015
sample_73,73,noise,very high,swinir_super_resolution,SwinIR超分辨率,True,15.120303155709314,0.2534607111762255,0.7010291814804077,19.97592319040542,0.7242994918795235,0.261563777923584,4.855620034696107,0.470838780703298,0.43946540355682373
sample_73,73,noise,very high,restormer_motion_deblurring,Restormer运动去模糊,True,15.120303155709314,0.2534607111762255,0.7010291814804077,15.434959768624887,0.26773649091322593,0.6416904926300049,0.3146566129155737,0.014275779737000449,0.05933868885040283
sample_73,73,noise,very high,restormer_defocus_deblurring,Restormer散焦去模糊,True,15.120303155709314,0.2534607111762255,0.7010291814804077,17.41670790351848,0.2997385331756078,0.6299611926078796,2.2964047478091647,0.046277821999382296,0.07106798887252808
sample_73,73,noise,very high,restormer_deraining,Restormer去雨,True,15.120303155709314,0.2534607111762255,0.7010291814804077,14.00205041527505,0.25023657692502693,0.8297829031944275,-1.1182527404342633,-0.0032241342511985516,-0.12875372171401978
sample_73,73,noise,very high,xrestormer_motion_deblurring,XRestormer运动去模糊,True,15.120303155709314,0.2534607111762255,0.7010291814804077,11.977095261685308,0.1967801289447936,0.6311243772506714,-3.1432078940240054,-0.05668058223143188,0.06990480422973633
sample_73,73,noise,very high,xrestormer_deraining,XRestormer去雨,True,15.120303155709314,0.2534607111762255,0.7010291814804077,17.81958106132486,0.3184067481301928,0.6842483878135681,2.6992779056155474,0.06494603695396733,0.0167807936668396
sample_73,73,noise,very high,mprnet_denoising,MPRNet去噪,True,15.120303155709314,0.2534607111762255,0.7010291814804077,21.198530739306438,0.7945979684607692,0.29868048429489136,6.0782275835971245,0.5411372572845438,0.40234869718551636
sample_73,73,noise,very high,mprnet_motion_deblurring,MPRNet运动去模糊,True,15.120303155709314,0.2534607111762255,0.7010291814804077,4.989416158794055,0.012415458573962182,0.8365479707717896,-10.130886996915258,-0.2410452526022633,-0.13551878929138184
sample_73,73,noise,very high,mprnet_deraining,MPRNet去雨,True,15.120303155709314,0.2534607111762255,0.7010291814804077,17.04355929843987,0.2950688107867521,0.6857379078865051,1.9232561427305566,0.04160809961052664,0.015291273593902588
sample_73,73,noise,very high,fbcnn_jpeg_artifact_removal,FBCNN JPEG伪影去除,True,15.120303155709314,0.2534607111762255,0.7010291814804077,18.0228847637799,0.323384067875418,0.727415919303894,2.9025816080705855,0.06992335669919253,-0.026386737823486328
sample_73,73,noise,very high,drbnet_defocus_deblurring,DRBNet散焦去模糊,True,15.120303155709314,0.2534607111762255,0.7010291814804077,19.336003313684877,0.3412009035446841,0.6071574687957764,4.215700157975563,0.08774019236845859,0.09387171268463135
sample_73,73,noise,very high,dehazeformer_dehaze,DehazeFormer去雾,True,15.120303155709314,0.2534607111762255,0.7010291814804077,14.401146704704981,0.2576825302300861,0.7659868597984314,-0.7191564510043325,0.004221819053860598,-0.06495767831802368
sample_79,79,noise,medium,swinir_denoising,SwinIR去噪,True,29.3870617455515,0.6398333297333186,0.22975106537342072,37.45541047120686,0.9267148472372814,0.20598340034484863,8.068348725655362,0.28688151750396274,0.023767665028572083
sample_79,79,noise,medium,swinir_jpeg_artifact_removal,SwinIR JPEG伪影去除,True,29.3870617455515,0.6398333297333186,0.22975106537342072,33.26129747041164,0.8320623070459892,0.13131551444530487,3.8742357248601422,0.19222897731267052,0.09843555092811584
sample_79,79,noise,medium,swinir_super_resolution,SwinIR超分辨率,True,29.3870617455515,0.6398333297333186,0.22975106537342072,35.92595239774262,0.9222859521271385,0.1879381537437439,6.538890652191121,0.28245262239381985,0.04181291162967682
sample_79,79,noise,medium,restormer_motion_deblurring,Restormer运动去模糊,True,29.3870617455515,0.6398333297333186,0.22975106537342072,28.566849272060338,0.631996237595544,0.2735632359981537,-0.8202124734911607,-0.007837092137774615,-0.04381217062473297
sample_79,79,noise,medium,restormer_defocus_deblurring,Restormer散焦去模糊,True,29.3870617455515,0.6398333297333186,0.22975106537342072,29.010821081371574,0.7291407349802576,0.23888519406318665,-0.3762406641799245,0.08930740524693892,-0.00913412868976593
sample_79,79,noise,medium,restormer_deraining,Restormer去雨,True,29.3870617455515,0.6398333297333186,0.22975106537342072,30.861547513606062,0.7147259411473833,0.17790469527244568,1.4744857680545636,0.07489261141406467,0.05184637010097504
sample_79,79,noise,medium,xrestormer_motion_deblurring,XRestormer运动去模糊,True,29.3870617455515,0.6398333297333186,0.22975106537342072,24.309420786047884,0.5236901184255052,0.34110507369041443,-5.077640959503615,-0.11614321130781347,-0.11135400831699371
sample_79,79,noise,medium,xrestormer_deraining,XRestormer去雨,True,29.3870617455515,0.6398333297333186,0.22975106537342072,32.01384874211547,0.7763873684283821,0.16443797945976257,2.626786996563972,0.13655403869506344,0.06531308591365814
sample_79,79,noise,medium,mprnet_denoising,MPRNet去噪,True,29.3870617455515,0.6398333297333186,0.22975106537342072,36.1162740832573,0.9361113541535849,0.18740466237068176,6.729212337705803,0.2962780244202663,0.04234640300273895
sample_79,79,noise,medium,mprnet_motion_deblurring,MPRNet运动去模糊,True,29.3870617455515,0.6398333297333186,0.22975106537342072,26.108836512548276,0.565010552999627,0.37140092253685,-3.278225233003223,-0.07482277673369164,-0.14164985716342926
sample_79,79,noise,medium,mprnet_deraining,MPRNet去雨,True,29.3870617455515,0.6398333297333186,0.22975106537342072,30.406114242874665,0.7297465678942125,0.16177915036678314,1.019052497323166,0.08991323816089392,0.06797191500663757
sample_79,79,noise,medium,fbcnn_jpeg_artifact_removal,FBCNN JPEG伪影去除,True,29.3870617455515,0.6398333297333186,0.22975106537342072,31.897694183177258,0.7457138088906531,0.26580333709716797,2.510632437625759,0.10588047915733445,-0.03605227172374725
sample_79,79,noise,medium,drbnet_defocus_deblurring,DRBNet散焦去模糊,True,29.3870617455515,0.6398333297333186,0.22975106537342072,30.34643368971359,0.719030243108015,0.25813212990760803,0.9593719441620898,0.07919691337469636,-0.028381064534187317
sample_79,79,noise,medium,dehazeformer_dehaze,DehazeFormer去雾,True,29.3870617455515,0.6398333297333186,0.22975106537342072,15.809532141865626,0.45528390286728704,0.364751935005188,-13.577529603685873,-0.1845494268660316,-0.13500086963176727
sample_82,82,noise,low,swinir_denoising,SwinIR去噪,True,34.33844814324702,0.8710357213655575,0.11961202323436737,36.860364092037166,0.9288388023620979,0.15978601574897766,2.521915948790145,0.05780308099654041,-0.04017399251461029
sample_82,82,noise,low,swinir_jpeg_artifact_removal,SwinIR JPEG伪影去除,True,34.33844814324702,0.8710357213655575,0.11961202323436737,38.861745371523135,0.9608834891666037,0.06649421155452728,4.523297228276114,0.0898477678010462,0.05311781167984009
sample_82,82,noise,low,swinir_super_resolution,SwinIR超分辨率,True,34.33844814324702,0.8710357213655575,0.11961202323436737,29.88565082565142,0.8520903510947017,0.2813563048839569,-4.4527973175956,-0.018945370270855855,-0.16174428164958954
sample_82,82,noise,low,restormer_motion_deblurring,Restormer运动去模糊,True,34.33844814324702,0.8710357213655575,0.11961202323436737,19.042569077321282,0.5547267369941071,0.3425380289554596,-15.295879065925739,-0.3163089843714504,-0.22292600572109222
sample_82,82,noise,low,restormer_defocus_deblurring,Restormer散焦去模糊,True,34.33844814324702,0.8710357213655575,0.11961202323436737,27.369197449782693,0.8398308850174742,0.25044968724250793,-6.969250693464328,-0.031204836348083353,-0.13083766400814056
sample_82,82,noise,low,restormer_deraining,Restormer去雨,True,34.33844814324702,0.8710357213655575,0.11961202323436737,36.453709917361955,0.9187913630807499,0.050971850752830505,2.115261774114934,0.04775564171519242,0.06864017248153687
sample_82,82,noise,low,xrestormer_motion_deblurring,XRestormer运动去模糊,True,34.33844814324702,0.8710357213655575,0.11961202323436737,24.272931353002193,0.7128704035621704,0.2582062780857086,-10.065516790244828,-0.15816531780338716,-0.13859425485134125
sample_82,82,noise,low,xrestormer_deraining,XRestormer去雨,True,34.33844814324702,0.8710357213655575,0.11961202323436737,34.400237181996694,0.9157488180478727,0.09054394066333771,0.0617890387496729,0.04471309668231516,0.029068082571029663
sample_82,82,noise,low,mprnet_denoising,MPRNet去噪,True,34.33844814324702,0.8710357213655575,0.11961202323436737,38.479356622018685,0.9618744992034842,0.08509358018636703,4.140908478771664,0.09083877783792671,0.034518443048000336
sample_82,82,noise,low,mprnet_motion_deblurring,MPRNet运动去模糊,True,34.33844814324702,0.8710357213655575,0.11961202323436737,23.24317953267554,0.6272212700180632,0.3385857939720154,-11.09526861057148,-0.24381445134749435,-0.218973770737648
sample_82,82,noise,low,mprnet_deraining,MPRNet去雨,True,34.33844814324702,0.8710357213655575,0.11961202323436737,35.460479865479854,0.9242489977019064,0.043743543326854706,1.1220317222328333,0.05321327633634887,0.07586847990751266
sample_82,82,noise,low,fbcnn_jpeg_artifact_removal,FBCNN JPEG伪影去除,True,34.33844814324702,0.8710357213655575,0.11961202323436737,38.303162941518764,0.9457386630386786,0.12121027708053589,3.964714798271743,0.07470294167312108,-0.001598253846168518
sample_82,82,noise,low,drbnet_defocus_deblurring,DRBNet散焦去模糊,True,34.33844814324702,0.8710357213655575,0.11961202323436737,29.763965155575885,0.7761358364172888,0.40230169892311096,-4.574482987671136,-0.09489988494826873,-0.2826896756887436
sample_82,82,noise,low,dehazeformer_dehaze,DehazeFormer去雾,True,34.33844814324702,0.8710357213655575,0.11961202323436737,14.206892022057641,0.48213783920935144,0.4377519190311432,-20.13155612118938,-0.3888978821562061,-0.3181398957967758
sample_84,84,jpeg compression artifact,low,swinir_denoising,SwinIR去噪,True,28.988131508360375,0.838342593252667,0.13014230132102966,27.90492755011836,0.7038318258511173,0.5114505887031555,-1.0832039582420165,-0.13451076740154977,-0.38130828738212585
sample_84,84,jpeg compression artifact,low,swinir_jpeg_artifact_removal,SwinIR JPEG伪影去除,True,28.988131508360375,0.838342593252667,0.13014230132102966,29.616385315841143,0.8369791404821597,0.25414153933525085,0.6282538074807675,-0.0013634527705073118,-0.12399923801422119
sample_84,84,jpeg compression artifact,low,swinir_super_resolution,SwinIR超分辨率,True,28.988131508360375,0.838342593252667,0.13014230132102966,25.61723040472439,0.6503293530222654,0.38631078600883484,-3.370901103635987,-0.18801324023040167,-0.2561684846878052
sample_84,84,jpeg compression artifact,low,restormer_motion_deblurring,Restormer运动去模糊,True,28.988131508360375,0.838342593252667,0.13014230132102966,28.73612741765942,0.8344084876394205,0.1267678141593933,-0.25200409070095375,-0.003934105613246475,0.0033744871616363525
sample_84,84,jpeg compression artifact,low,restormer_defocus_deblurring,Restormer散焦去模糊,True,28.988131508360375,0.838342593252667,0.13014230132102966,25.88526131962861,0.7890692830501854,0.14145603775978088,-3.102870188731764,-0.0492733102024816,-0.01131373643875122
sample_84,84,jpeg compression artifact,low,restormer_deraining,Restormer去雨,True,28.988131508360375,0.838342593252667,0.13014230132102966,28.996266463449814,0.8375781565361518,0.1321709007024765,0.008134955089438733,-0.000764436716515271,-0.0020285993814468384
sample_84,84,jpeg compression artifact,low,xrestormer_motion_deblurring,XRestormer运动去模糊,True,28.988131508360375,0.838342593252667,0.13014230132102966,20.919617025061417,0.5063234177483634,0.6055567860603333,-8.068514483298959,-0.3320191755043036,-0.4754144847393036
sample_84,84,jpeg compression artifact,low,xrestormer_deraining,XRestormer去雨,True,28.988131508360375,0.838342593252667,0.13014230132102966,27.98854788490088,0.8266821659322678,0.14584890007972717,-0.9995836234594968,-0.01166042732039918,-0.01570659875869751
sample_84,84,jpeg compression artifact,low,mprnet_denoising,MPRNet去噪,True,28.988131508360375,0.838342593252667,0.13014230132102966,28.62304918517722,0.7986691329689651,0.2918802499771118,-0.3650823231831559,-0.03967346028370189,-0.16173794865608215
sample_84,84,jpeg compression artifact,low,mprnet_motion_deblurring,MPRNet运动去模糊,True,28.988131508360375,0.838342593252667,0.13014230132102966,28.69296603019623,0.8328427839502816,0.1220274269580841,-0.29516547816414374,-0.005499809302385472,0.008114874362945557
sample_84,84,jpeg compression artifact,low,mprnet_deraining,MPRNet去雨,True,28.988131508360375,0.838342593252667,0.13014230132102966,26.741393578717094,0.8089763633879924,0.19223590195178986,-2.246737929643281,-0.02936622986467463,-0.06209360063076019
sample_84,84,jpeg compression artifact,low,fbcnn_jpeg_artifact_removal,FBCNN JPEG伪影去除,True,28.988131508360375,0.838342593252667,0.13014230132102966,29.802297178458033,0.8509865427826684,0.19549307227134705,0.8141656700976583,0.012643949530001364,-0.06535077095031738
sample_84,84,jpeg compression artifact,low,drbnet_defocus_deblurring,DRBNet散焦去模糊,True,28.988131508360375,0.838342593252667,0.13014230132102966,28.5598887132727,0.8166740612924933,0.131743386387825,-0.4282427950876766,-0.02166853196017371,-0.0016010850667953491
sample_84,84,jpeg compression artifact,low,dehazeformer_dehaze,DehazeFormer去雾,True,28.988131508360375,0.838342593252667,0.13014230132102966,28.61124525187819,0.8376946903748527,0.13220620155334473,-0.37688625648218377,-0.0006479028778143547,-0.0020639002323150635
sample_80,80,motion blur,medium,swinir_denoising,SwinIR去噪,True,25.29999211964884,0.6227874591024692,0.3528323173522949,24.52890495150484,0.4726320455143302,0.6078325510025024,-0.7710871681440032,-0.15015541358813905,-0.2550002336502075
sample_80,80,motion blur,medium,swinir_jpeg_artifact_removal,SwinIR JPEG伪影去除,True,25.29999211964884,0.6227874591024692,0.3528323173522949,24.654024124154507,0.5187779663535612,0.458634614944458,-0.6459679954943347,-0.10400949274890803,-0.10580229759216309
sample_80,80,motion blur,medium,swinir_super_resolution,SwinIR超分辨率,True,25.29999211964884,0.6227874591024692,0.3528323173522949,24.68578910343915,0.547641340603354,0.47581982612609863,-0.614203016209693,-0.07514611849911523,-0.12298750877380371
sample_80,80,motion blur,medium,restormer_motion_deblurring,Restormer运动去模糊,True,25.29999211964884,0.6227874591024692,0.3528323173522949,22.629540935914704,0.5227258387474345,0.5505115985870361,-2.670451183734137,-0.10006162035503474,-0.1976792812347412
sample_80,80,motion blur,medium,restormer_defocus_deblurring,Restormer散焦去模糊,True,25.29999211964884,0.6227874591024692,0.3528323173522949,24.010635867434182,0.5394222553004049,0.3684830069541931,-1.2893562522146595,-0.08336520380206436,-0.015650689601898193
sample_80,80,motion blur,medium,restormer_deraining,Restormer去雨,True,25.29999211964884,0.6227874591024692,0.3528323173522949,25.14588079790146,0.5970047937811741,0.39169320464134216,-0.15411132174738285,-0.02578266532129514,-0.03886088728904724
sample_80,80,motion blur,medium,xrestormer_motion_deblurring,XRestormer运动去模糊,True,25.29999211964884,0.6227874591024692,0.3528323173522949,23.02026725415026,0.557186246696151,0.5022813081741333,-2.279724865498583,-0.06560121240631822,-0.14944899082183838
sample_80,80,motion blur,medium,xrestormer_deraining,XRestormer去雨,True,25.29999211964884,0.6227874591024692,0.3528323173522949,25.237878343508005,0.6119469232425581,0.35805314779281616,-0.06211377614083702,-0.010840535859911182,-0.00522083044052124
sample_80,80,motion blur,medium,mprnet_denoising,MPRNet去噪,True,25.29999211964884,0.6227874591024692,0.3528323173522949,24.811978261740897,0.5276037042174131,0.5443083047866821,-0.48801385790794427,-0.09518375488505615,-0.1914759874343872
sample_80,80,motion blur,medium,mprnet_motion_deblurring,MPRNet运动去模糊,True,25.29999211964884,0.6227874591024692,0.3528323173522949,24.956411920578653,0.5990067073938793,0.3517090380191803,-0.343580199070189,-0.023780751708589953,0.001123279333114624
sample_80,80,motion blur,medium,mprnet_deraining,MPRNet去雨,True,25.29999211964884,0.6227874591024692,0.3528323173522949,24.704286135856893,0.5642177406696408,0.4299761950969696,-0.5957059837919481,-0.05856971843282843,-0.07714387774467468
sample_80,80,motion blur,medium,fbcnn_jpeg_artifact_removal,FBCNN JPEG伪影去除,True,25.29999211964884,0.6227874591024692,0.3528323173522949,25.174752273487336,0.599213588091274,0.37978801131248474,-0.12523984616150585,-0.023573871011195235,-0.02695569396018982
sample_80,80,motion blur,medium,drbnet_defocus_deblurring,DRBNet散焦去模糊,True,25.29999211964884,0.6227874591024692,0.3528323173522949,25.002865594728018,0.6157550857568869,0.3343375027179718,-0.2971265249208237,-0.007032373345582377,0.01849481463432312
sample_80,80,motion blur,medium,dehazeformer_dehaze,DehazeFormer去雾,True,25.29999211964884,0.6227874591024692,0.3528323173522949,17.641203005640293,0.6072611388466337,0.38021671772003174,-7.658789114008549,-0.015526320255835557,-0.027384400367736816
sample_92,92,rain,low,swinir_denoising,SwinIR去噪,True,28.481382735424692,0.9786455295208821,0.10164161026477814,25.75728712476462,0.787376172390815,0.37210267782211304,-2.724095610660072,-0.1912693571300671,-0.2704610675573349
sample_92,92,rain,low,swinir_jpeg_artifact_removal,SwinIR JPEG伪影去除,True,28.481382735424692,0.9786455295208821,0.10164161026477814,25.870949348573326,0.8829886312349048,0.23771192133426666,-2.6104333868513656,-0.09565689828597734,-0.13607031106948853
sample_92,92,rain,low,swinir_super_resolution,SwinIR超分辨率,True,28.481382735424692,0.9786455295208821,0.10164161026477814,25.829501840104676,0.8715800191056792,0.2065039575099945,-2.6518808953200157,-0.10706551041520296,-0.10486234724521637
sample_92,92,rain,low,restormer_motion_deblurring,Restormer运动去模糊,True,28.481382735424692,0.9786455295208821,0.10164161026477814,26.69268268597633,0.9312191566236508,0.13037502765655518,-1.7887000494483623,-0.047426372897231284,-0.02873341739177704
sample_92,92,rain,low,restormer_defocus_deblurring,Restormer散焦去模糊,True,28.481382735424692,0.9786455295208821,0.10164161026477814,27.225506832458098,0.9317085932510913,0.13418316841125488,-1.2558759029665936,-0.046936936269790785,-0.032541558146476746
sample_92,92,rain,low,restormer_deraining,Restormer去雨,True,28.481382735424692,0.9786455295208821,0.10164161026477814,28.366092722124083,0.9744842161597216,0.10796434432268143,-0.11529001330060851,-0.004161313361160546,-0.00632273405790329
sample_92,92,rain,low,xrestormer_motion_deblurring,XRestormer运动去模糊,True,28.481382735424692,0.9786455295208821,0.10164161026477814,18.723770001700185,0.5486294485410911,0.5200612545013428,-9.757612733724507,-0.43001608097979105,-0.41841964423656464
sample_92,92,rain,low,xrestormer_deraining,XRestormer去雨,True,28.481382735424692,0.9786455295208821,0.10164161026477814,26.665911863841277,0.9625754380187482,0.115450918674469,-1.8154708715834147,-0.0160700915021339,-0.013809308409690857
sample_92,92,rain,low,mprnet_denoising,MPRNet去噪,True,28.481382735424692,0.9786455295208821,0.10164161026477814,25.262386816181728,0.776655636586813,0.3651464581489563,-3.218995919242964,-0.2019898929340691,-0.26350484788417816
sample_92,92,rain,low,mprnet_motion_deblurring,MPRNet运动去模糊,True,28.481382735424692,0.9786455295208821,0.10164161026477814,22.22712829039324,0.6949640253933231,0.2634119391441345,-6.254254445031453,-0.283681504127559,-0.16177032887935638
sample_92,92,rain,low,mprnet_deraining,MPRNet去雨,True,28.481382735424692,0.9786455295208821,0.10164161026477814,26.764435650726845,0.9616138584120139,0.11902588605880737,-1.7169470846978463,-0.017031671108868274,-0.017384275794029236
sample_92,92,rain,low,fbcnn_jpeg_artifact_removal,FBCNN JPEG伪影去除,True,28.481382735424692,0.9786455295208821,0.10164161026477814,28.018322077867293,0.9669267395916038,0.10771854221820831,-0.4630606575573992,-0.011718789929278328,-0.006076931953430176
sample_92,92,rain,low,drbnet_defocus_deblurring,DRBNet散焦去模糊,True,28.481382735424692,0.9786455295208821,0.10164161026477814,28.39541399689875,0.9462366396293747,0.13208985328674316,-0.085968738525942,-0.032408889891507475,-0.030448243021965027
sample_92,92,rain,low,dehazeformer_dehaze,DehazeFormer去雾,True,28.481382735424692,0.9786455295208821,0.10164161026477814,19.949649759211628,0.8738691504121455,0.1514095664024353,-8.531732976213064,-0.1047763791087366,-0.049767956137657166
sample_74,74,haze,medium,swinir_denoising,SwinIR去噪,True,100.0,1.0,0.0,34.058292904608905,0.9176627734233197,0.1670682430267334,-65.9417070953911,-0.0823372265766803,-0.1670682430267334
sample_74,74,haze,medium,swinir_jpeg_artifact_removal,SwinIR JPEG伪影去除,True,100.0,1.0,0.0,34.2376427508672,0.9483944968910079,0.0794566348195076,-65.7623572491328,-0.051605503108992146,-0.0794566348195076
sample_74,74,haze,medium,swinir_super_resolution,SwinIR超分辨率,True,100.0,1.0,0.0,28.208493151116755,0.8889242437693712,0.22216273844242096,-71.79150684888324,-0.11107575623062882,-0.22216273844242096
sample_74,74,haze,medium,restormer_motion_deblurring,Restormer运动去模糊,True,100.0,1.0,0.0,51.3590724446297,0.9995170933625465,0.0007274904637597501,-48.6409275553703,-0.00048290663745353957,-0.0007274904637597501
sample_74,74,haze,medium,restormer_defocus_deblurring,Restormer散焦去模糊,True,100.0,1.0,0.0,32.038190501250305,0.9822079068401791,0.022567307576537132,-67.96180949874969,-0.017792093159820888,-0.022567307576537132
sample_74,74,haze,medium,restormer_deraining,Restormer去雨,True,100.0,1.0,0.0,50.557594732919085,0.997139591454817,0.008000532165169716,-49.442405267080915,-0.002860408545182991,-0.008000532165169716
sample_74,74,haze,medium,xrestormer_motion_deblurring,XRestormer运动去模糊,True,100.0,1.0,0.0,21.443653143726088,0.7744683666937638,0.23201556503772736,-78.5563468562739,-0.22553163330623616,-0.23201556503772736
sample_74,74,haze,medium,xrestormer_deraining,XRestormer去雨,True,100.0,1.0,0.0,25.676640583341555,0.973496595841621,0.03468339890241623,-74.32335941665845,-0.02650340415837904,-0.03468339890241623
sample_74,74,haze,medium,mprnet_denoising,MPRNet去噪,True,100.0,1.0,0.0,35.89449845919167,0.9744395627397232,0.056255146861076355,-64.10550154080833,-0.02556043726027679,-0.056255146861076355
sample_74,74,haze,medium,mprnet_motion_deblurring,MPRNet运动去模糊,True,100.0,1.0,0.0,45.767150101427845,0.9976841328021004,0.003294454189017415,-54.232849898572155,-0.002315867197899557,-0.003294454189017415
sample_74,74,haze,medium,mprnet_deraining,MPRNet去雨,True,100.0,1.0,0.0,43.33087087197163,0.9901491236312131,0.02728869952261448,-56.66912912802837,-0.009850876368786898,-0.02728869952261448
sample_74,74,haze,medium,fbcnn_jpeg_artifact_removal,FBCNN JPEG伪影去除,True,100.0,1.0,0.0,41.38520838531093,0.9898728890321826,0.007854143157601357,-58.61479161468907,-0.010127110967817377,-0.007854143157601357
sample_74,74,haze,medium,drbnet_defocus_deblurring,DRBNet散焦去模糊,True,100.0,1.0,0.0,37.27960159320982,0.9901936771327438,0.016210760921239853,-62.72039840679018,-0.009806322867256245,-0.016210760921239853
sample_74,74,haze,medium,dehazeformer_dehaze,DehazeFormer去雾,True,100.0,1.0,0.0,12.118159916507125,0.4659429821214088,0.20378988981246948,-87.88184008349288,-0.5340570178785913,-0.20378988981246948
sample_87,87,noise,very high,swinir_denoising,SwinIR去噪,True,18.251892199753005,0.3765487558646945,0.5003782510757446,24.89527236084244,0.6360439482842241,0.24867357313632965,6.643380161089436,0.25949519241952956,0.251704677939415
sample_87,87,noise,very high,swinir_jpeg_artifact_removal,SwinIR JPEG伪影去除,True,18.251892199753005,0.3765487558646945,0.5003782510757446,18.604288835939297,0.45890341404770857,0.3058982193470001,0.3523966361862918,0.08235465818301407,0.1944800317287445
sample_87,87,noise,very high,swinir_super_resolution,SwinIR超分辨率,True,18.251892199753005,0.3765487558646945,0.5003782510757446,22.392540848698786,0.6760170269653183,0.3364318609237671,4.140648648945781,0.2994682711006238,0.16394639015197754
sample_87,87,noise,very high,restormer_motion_deblurring,Restormer运动去模糊,True,18.251892199753005,0.3765487558646945,0.5003782510757446,17.867956759384228,0.3725132858785664,0.4798751175403595,-0.38393544036877714,-0.004035469986128082,0.020503133535385132
sample_87,87,noise,very high,restormer_defocus_deblurring,Restormer散焦去模糊,True,18.251892199753005,0.3765487558646945,0.5003782510757446,20.494451935571007,0.44469985865759626,0.4516759216785431,2.242559735818002,0.06815110279290176,0.04870232939720154
sample_87,87,noise,very high,restormer_deraining,Restormer去雨,True,18.251892199753005,0.3765487558646945,0.5003782510757446,17.619452942697514,0.3712474655552361,0.6181902885437012,-0.6324392570554913,-0.005301290309458417,-0.11781203746795654
sample_87,87,noise,very high,xrestormer_motion_deblurring,XRestormer运动去模糊,True,18.251892199753005,0.3765487558646945,0.5003782510757446,14.304133484738152,0.2621596967835888,0.5377317070960999,-3.947758715014853,-0.11438905908110569,-0.037353456020355225
sample_87,87,noise,very high,xrestormer_deraining,XRestormer去雨,True,18.251892199753005,0.3765487558646945,0.5003782510757446,20.805748195139895,0.4616106220975797,0.5108410716056824,2.55385599538689,0.0850618662328852,-0.010462820529937744
sample_87,87,noise,very high,mprnet_denoising,MPRNet去噪,True,18.251892199753005,0.3765487558646945,0.5003782510757446,26.983445502324773,0.8177897725786214,0.20261962711811066,8.731553302571768,0.4412410167139269,0.29775862395763397
sample_87,87,noise,very high,mprnet_motion_deblurring,MPRNet运动去模糊,True,18.251892199753005,0.3765487558646945,0.5003782510757446,5.250573168075851,0.004349167389783506,0.8968231678009033,-13.001319031677154,-0.37219958847491097,-0.3964449167251587
sample_87,87,noise,very high,mprnet_deraining,MPRNet去雨,True,18.251892199753005,0.3765487558646945,0.5003782510757446,19.60700379196572,0.4276395328643767,0.49369725584983826,1.3551115922127153,0.05109077699968223,0.006680995225906372
sample_87,87,noise,very high,fbcnn_jpeg_artifact_removal,FBCNN JPEG伪影去除,True,18.251892199753005,0.3765487558646945,0.5003782510757446,20.47866684421619,0.45893895982857263,0.5778477787971497,2.226774644463184,0.08239020396387814,-0.07746952772140503
sample_87,87,noise,very high,drbnet_defocus_deblurring,DRBNet散焦去模糊,True,18.251892199753005,0.3765487558646945,0.5003782510757446,22.473971530608928,0.5131537909426176,0.4070456027984619,4.222079330855923,0.1366050350779231,0.09333264827728271
sample_87,87,noise,very high,dehazeformer_dehaze,DehazeFormer去雾,True,18.251892199753005,0.3765487558646945,0.5003782510757446,14.44385803709395,0.3355608747513763,0.6469279527664185,-3.8080341626590553,-0.04098788111331819,-0.14654970169067383
sample_91,91,haze,high,swinir_denoising,SwinIR去噪,True,100.0,1.0,0.0,38.75845366984662,0.9339786110681247,0.3327256441116333,-61.24154633015338,-0.06602138893187526,-0.3327256441116333
sample_91,91,haze,high,swinir_jpeg_artifact_removal,SwinIR JPEG伪影去除,True,100.0,1.0,0.0,39.92110061740949,0.945217872212786,0.32152706384658813,-60.07889938259051,-0.05478212778721403,-0.32152706384658813
sample_91,91,haze,high,swinir_super_resolution,SwinIR超分辨率,True,100.0,1.0,0.0,38.844773681129496,0.9517221971579911,0.21758152544498444,-61.155226318870504,-0.04827780284200889,-0.21758152544498444
sample_91,91,haze,high,restormer_motion_deblurring,Restormer运动去模糊,True,100.0,1.0,0.0,36.452146920701594,0.9650664035092412,0.07666865736246109,-63.547853079298406,-0.03493359649075878,-0.07666865736246109
sample_91,91,haze,high,restormer_defocus_deblurring,Restormer散焦去模糊,True,100.0,1.0,0.0,26.99670258986806,0.921319433296672,0.2682936191558838,-73.00329741013194,-0.07868056670332801,-0.2682936191558838
sample_91,91,haze,high,restormer_deraining,Restormer去雨,True,100.0,1.0,0.0,49.04540834881856,0.9943363344328883,0.05729597434401512,-50.95459165118144,-0.005663665567111731,-0.05729597434401512
sample_91,91,haze,high,xrestormer_motion_deblurring,XRestormer运动去模糊,True,100.0,1.0,0.0,43.01160900557444,0.9749678308752913,0.16469691693782806,-56.98839099442556,-0.025032169124708736,-0.16469691693782806
sample_91,91,haze,high,xrestormer_deraining,XRestormer去雨,True,100.0,1.0,0.0,24.2374702348233,0.9746850867882556,0.10341800004243851,-75.76252976517671,-0.025314913211744394,-0.10341800004243851
sample_91,91,haze,high,mprnet_denoising,MPRNet去噪,True,100.0,1.0,0.0,42.42490041063612,0.9595483731881975,0.29923999309539795,-57.57509958936388,-0.04045162681180248,-0.29923999309539795
sample_91,91,haze,high,mprnet_motion_deblurring,MPRNet运动去模糊,True,100.0,1.0,0.0,32.53855453337982,0.9372410745505625,0.08395550400018692,-67.46144546662018,-0.06275892544943751,-0.08395550400018692
sample_91,91,haze,high,mprnet_deraining,MPRNet去雨,True,100.0,1.0,0.0,46.15117529969289,0.9841202339838008,0.1704724133014679,-53.84882470030711,-0.015879766016199226,-0.1704724133014679
sample_91,91,haze,high,fbcnn_jpeg_artifact_removal,FBCNN JPEG伪影去除,True,100.0,1.0,0.0,48.81222023446682,0.9902334735128727,0.02423587441444397,-51.18777976553318,-0.00976652648712728,-0.02423587441444397
sample_91,91,haze,high,drbnet_defocus_deblurring,DRBNet散焦去模糊,True,100.0,1.0,0.0,35.73281753658651,0.9079242129055837,0.21266411244869232,-64.26718246341349,-0.09207578709441633,-0.21266411244869232
sample_91,91,haze,high,dehazeformer_dehaze,DehazeFormer去雾,True,100.0,1.0,0.0,13.968169180844344,0.8971143709914499,0.1032172292470932,-86.03183081915566,-0.10288562900855014,-0.1032172292470932
sample_83,83,motion blur,high,swinir_denoising,SwinIR去噪,True,22.983391927301646,0.6708449725589913,0.32943734526634216,22.664619373956263,0.5852682147590503,0.516723096370697,-0.3187725533453829,-0.085576757799941,-0.18728575110435486
sample_83,83,motion blur,high,swinir_jpeg_artifact_removal,SwinIR JPEG伪影去除,True,22.983391927301646,0.6708449725589913,0.32943734526634216,22.8029312892956,0.6267028309799557,0.42580169439315796,-0.18046063800604628,-0.04414214157903562,-0.0963643491268158
sample_83,83,motion blur,high,swinir_super_resolution,SwinIR超分辨率,True,22.983391927301646,0.6708449725589913,0.32943734526634216,21.167540389866613,0.613317160494992,0.4144539535045624,-1.8158515374350337,-0.05752781206399937,-0.08501660823822021
sample_83,83,motion blur,high,restormer_motion_deblurring,Restormer运动去模糊,True,22.983391927301646,0.6708449725589913,0.32943734526634216,21.144799247783872,0.5306315692166211,0.18665415048599243,-1.8385926795177738,-0.1402134033423702,0.14278319478034973
sample_83,83,motion blur,high,restormer_defocus_deblurring,Restormer散焦去模糊,True,22.983391927301646,0.6708449725589913,0.32943734526634216,22.718582168729313,0.6981518482156998,0.33623337745666504,-0.26480975857233346,0.027306875656708418,-0.006796032190322876
sample_83,83,motion blur,high,restormer_deraining,Restormer去雨,True,22.983391927301646,0.6708449725589913,0.32943734526634216,22.84731245996325,0.647083230864451,0.39677342772483826,-0.13607946733839782,-0.023761741694540373,-0.0673360824584961
sample_83,83,motion blur,high,xrestormer_motion_deblurring,XRestormer运动去模糊,True,22.983391927301646,0.6708449725589913,0.32943734526634216,19.068005732868365,0.570037888679254,0.4079160690307617,-3.9153861944332817,-0.10080708387973736,-0.07847872376441956
sample_83,83,motion blur,high,xrestormer_deraining,XRestormer去雨,True,22.983391927301646,0.6708449725589913,0.32943734526634216,22.636205704368034,0.6450047516274945,0.3856487274169922,-0.3471862229336118,-0.02584022093149685,-0.056211382150650024
sample_83,83,motion blur,high,mprnet_denoising,MPRNet去噪,True,22.983391927301646,0.6708449725589913,0.32943734526634216,22.843348883907897,0.6317279038244923,0.4160809814929962,-0.1400430433937494,-0.03911706873449905,-0.08664363622665405
sample_83,83,motion blur,high,mprnet_motion_deblurring,MPRNet运动去模糊,True,22.983391927301646,0.6708449725589913,0.32943734526634216,21.81351334001695,0.5936653342426429,0.1703721433877945,-1.1698785872846962,-0.07717963831634844,0.15906520187854767
sample_83,83,motion blur,high,mprnet_deraining,MPRNet去雨,True,22.983391927301646,0.6708449725589913,0.32943734526634216,22.484091065438946,0.5971526686450279,0.47298097610473633,-0.4993008618627002,-0.07369230391396342,-0.14354363083839417
sample_83,83,motion blur,high,fbcnn_jpeg_artifact_removal,FBCNN JPEG伪影去除,True,22.983391927301646,0.6708449725589913,0.32943734526634216,22.96830281047022,0.6653676579681348,0.3416343927383423,-0.015089116831425997,-0.005477314590856541,-0.012197047472000122
sample_83,83,motion blur,high,drbnet_defocus_deblurring,DRBNet散焦去模糊,True,22.983391927301646,0.6708449725589913,0.32943734526634216,22.679935723498584,0.6582576158681072,0.304760217666626,-0.30345620380306215,-0.012587356690884177,0.024677127599716187
sample_83,83,motion blur,high,dehazeformer_dehaze,DehazeFormer去雾,True,22.983391927301646,0.6708449725589913,0.32943734526634216,17.477715907720558,0.6337531486427074,0.3403640687465668,-5.505676019581088,-0.03709182391628396,-0.01092672348022461
sample_81,81,dark,very high,swinir_denoising,SwinIR去噪,True,14.478511271134538,0.8497823453890606,0.09512127935886383,14.197772383494174,0.6793637392445557,0.2890681326389313,-0.28073888764036425,-0.17041860614450488,-0.19394685328006744
sample_81,81,dark,very high,swinir_jpeg_artifact_removal,SwinIR JPEG伪影去除,True,14.478511271134538,0.8497823453890606,0.09512127935886383,13.942003373578679,0.6398591134008412,0.20402880012989044,-0.5365078975558593,-0.20992323198821938,-0.10890752077102661
sample_81,81,dark,very high,swinir_super_resolution,SwinIR超分辨率,True,14.478511271134538,0.8497823453890606,0.09512127935886383,12.686266215045976,0.5313842740048579,0.4735144078731537,-1.7922450560885625,-0.31839807138420273,-0.37839312851428986
sample_81,81,dark,very high,restormer_motion_deblurring,Restormer运动去模糊,True,14.478511271134538,0.8497823453890606,0.09512127935886383,14.800632546132096,0.8618333915293821,0.10437783598899841,0.32212127499755816,0.012051046140321486,-0.009256556630134583
sample_81,81,dark,very high,restormer_defocus_deblurring,Restormer散焦去模糊,True,14.478511271134538,0.8497823453890606,0.09512127935886383,15.6971394943081,0.8508113699756757,0.09891758114099503,1.2186282231735621,0.0010290245866151349,-0.003796301782131195
sample_81,81,dark,very high,restormer_deraining,Restormer去雨,True,14.478511271134538,0.8497823453890606,0.09512127935886383,14.731079782927365,0.7913697540842403,0.11286439001560211,0.2525685117928269,-0.05841259130482035,-0.01774311065673828
sample_81,81,dark,very high,xrestormer_motion_deblurring,XRestormer运动去模糊,True,14.478511271134538,0.8497823453890606,0.09512127935886383,11.901134573981523,0.39688116307223326,0.7061082124710083,-2.5773766971530154,-0.45290118231682736,-0.6109869331121445
sample_81,81,dark,very high,xrestormer_deraining,XRestormer去雨,True,14.478511271134538,0.8497823453890606,0.09512127935886383,13.51268625695674,0.7265408115133041,0.1215059757232666,-0.9658250141777973,-0.12324153387575654,-0.02638469636440277
sample_81,81,dark,very high,mprnet_denoising,MPRNet去噪,True,14.478511271134538,0.8497823453890606,0.09512127935886383,13.72638810501163,0.28865954359021506,0.9443530440330505,-0.7521231661229084,-0.5611228017988455,-0.8492317646741867
sample_81,81,dark,very high,mprnet_motion_deblurring,MPRNet运动去模糊,True,14.478511271134538,0.8497823453890606,0.09512127935886383,5.326623695683645,0.05022722708744883,0.8213680982589722,-9.151887575450893,-0.7995551183016117,-0.7262468189001083
sample_81,81,dark,very high,mprnet_deraining,MPRNet去雨,True,14.478511271134538,0.8497823453890606,0.09512127935886383,16.24763870692709,0.8089209596298446,0.13227885961532593,1.7691274357925533,-0.04086138575921605,-0.0371575802564621
sample_81,81,dark,very high,fbcnn_jpeg_artifact_removal,FBCNN JPEG伪影去除,True,14.478511271134538,0.8497823453890606,0.09512127935886383,14.346511383404836,0.7565057936068111,0.09590335935354233,-0.13199988772970173,-0.09327655178224947,-0.0007820799946784973
sample_81,81,dark,very high,drbnet_defocus_deblurring,DRBNet散焦去模糊,True,14.478511271134538,0.8497823453890606,0.09512127935886383,14.593239688990462,0.8150088320814001,0.11812780797481537,0.11472841785592358,-0.03477351330766054,-0.023006528615951538
sample_81,81,dark,very high,dehazeformer_dehaze,DehazeFormer去雾,True,14.478511271134538,0.8497823453890606,0.09512127935886383,12.901116480558152,0.7229434801153541,0.11079154908657074,-1.5773947905763865,-0.12683886527370647,-0.01567026972770691
sample_88,88,rain,very high,swinir_denoising,SwinIR去噪,True,20.577470044345787,0.6960190080493812,0.30772513151168823,20.503416009717874,0.6106289131179495,0.41340285539627075,-0.07405403462791327,-0.08539009493143168,-0.10567772388458252
sample_88,88,rain,very high,swinir_jpeg_artifact_removal,SwinIR JPEG伪影去除,True,20.577470044345787,0.6960190080493812,0.30772513151168823,20.23181207792728,0.6465896930265232,0.3627227544784546,-0.3456579664185071,-0.04942931502285797,-0.05499762296676636
sample_88,88,rain,very high,swinir_super_resolution,SwinIR超分辨率,True,20.577470044345787,0.6960190080493812,0.30772513151168823,20.001851210183084,0.7120921613381251,0.40106871724128723,-0.5756188341627038,0.016073153288743924,-0.093343585729599
sample_88,88,rain,very high,restormer_motion_deblurring,Restormer运动去模糊,True,20.577470044345787,0.6960190080493812,0.30772513151168823,20.546664126048245,0.6939004277133186,0.30747663974761963,-0.03080591829754198,-0.002118580336062603,0.0002484917640686035
sample_88,88,rain,very high,restormer_defocus_deblurring,Restormer散焦去模糊,True,20.577470044345787,0.6960190080493812,0.30772513151168823,18.88434409247903,0.6855262875814949,0.3172142803668976,-1.693125951866758,-0.010492720467886296,-0.00948914885520935
sample_88,88,rain,very high,restormer_deraining,Restormer去雨,True,20.577470044345787,0.6960190080493812,0.30772513151168823,33.03317942446836,0.9437305193100753,0.057140953838825226,12.45570938012257,0.24771151126069413,0.250584177672863
sample_88,88,rain,very high,xrestormer_motion_deblurring,XRestormer运动去模糊,True,20.577470044345787,0.6960190080493812,0.30772513151168823,14.153581021549561,0.34447584807387926,0.49650096893310547,-6.423889022796226,-0.35154315997550195,-0.18877583742141724
sample_88,88,rain,very high,xrestormer_deraining,XRestormer去雨,True,20.577470044345787,0.6960190080493812,0.30772513151168823,32.64896108323531,0.9433206644091271,0.060034699738025665,12.07149103888952,0.24730165635974588,0.24769043177366257
sample_88,88,rain,very high,mprnet_denoising,MPRNet去噪,True,20.577470044345787,0.6960190080493812,0.30772513151168823,20.89204349787011,0.6878729500801706,0.3343420624732971,0.3145734535243214,-0.00814605796921064,-0.026616930961608887
sample_88,88,rain,very high,mprnet_motion_deblurring,MPRNet运动去模糊,True,20.577470044345787,0.6960190080493812,0.30772513151168823,20.41682934171202,0.6906952740066261,0.31006261706352234,-0.16064070263376706,-0.005323734042755102,-0.0023374855518341064
sample_88,88,rain,very high,mprnet_deraining,MPRNet去雨,True,20.577470044345787,0.6960190080493812,0.30772513151168823,31.226483814054177,0.9244082912954333,0.08738070726394653,10.64901376970839,0.22838928324605212,0.2203444242477417
sample_88,88,rain,very high,fbcnn_jpeg_artifact_removal,FBCNN JPEG伪影去除,True,20.577470044345787,0.6960190080493812,0.30772513151168823,20.545424599761724,0.6929466750808598,0.3072373867034912,-0.03204544458406389,-0.003072332968521385,0.0004877448081970215
sample_88,88,rain,very high,drbnet_defocus_deblurring,DRBNet散焦去模糊,True,20.577470044345787,0.6960190080493812,0.30772513151168823,21.420834715110267,0.7052164751187998,0.33418792486190796,0.8433646707644797,0.009197467069418597,-0.026462793350219727
sample_88,88,rain,very high,dehazeformer_dehaze,DehazeFormer去雾,True,20.577470044345787,0.6960190080493812,0.30772513151168823,18.4203168179196,0.6345369521166435,0.3372393250465393,-2.157153226426189,-0.0614820559327377,-0.029514193534851074
sample_86,86,jpeg compression artifact,medium,swinir_denoising,SwinIR去噪,True,23.21707301739549,0.8194277041341388,0.1073005422949791,23.438886791187556,0.799832013614985,0.2538659870624542,0.2218137737920678,-0.019595690519153774,-0.14656544476747513
sample_86,86,jpeg compression artifact,medium,swinir_jpeg_artifact_removal,SwinIR JPEG伪影去除,True,23.21707301739549,0.8194277041341388,0.1073005422949791,24.17042481984255,0.848381424926262,0.12014822661876678,0.9533518024470631,0.028953720792123216,-0.01284768432378769
sample_86,86,jpeg compression artifact,medium,swinir_super_resolution,SwinIR超分辨率,True,23.21707301739549,0.8194277041341388,0.1073005422949791,21.071028958358866,0.6494576433625653,0.3389368951320648,-2.1460440590366225,-0.1699700607715735,-0.23163635283708572
sample_86,86,jpeg compression artifact,medium,restormer_motion_deblurring,Restormer运动去模糊,True,23.21707301739549,0.8194277041341388,0.1073005422949791,23.09315351306561,0.8161677531839815,0.10371805727481842,-0.12391950432987997,-0.0032599509501572976,0.003582485020160675
sample_86,86,jpeg compression artifact,medium,restormer_defocus_deblurring,Restormer散焦去模糊,True,23.21707301739549,0.8194277041341388,0.1073005422949791,22.27383006067058,0.8023792016088253,0.10832910239696503,-0.9432429567249088,-0.017048502525313536,-0.0010285601019859314
sample_86,86,jpeg compression artifact,medium,restormer_deraining,Restormer去雨,True,23.21707301739549,0.8194277041341388,0.1073005422949791,22.90477694650649,0.8192508273924445,0.10573573410511017,-0.3122960708889977,-0.00017687674169430956,0.001564808189868927
sample_86,86,jpeg compression artifact,medium,xrestormer_motion_deblurring,XRestormer运动去模糊,True,23.21707301739549,0.8194277041341388,0.1073005422949791,14.18144010470912,0.38738127938234607,0.5353235006332397,-9.035632912686369,-0.4320464247517927,-0.42802295833826065
sample_86,86,jpeg compression artifact,medium,xrestormer_deraining,XRestormer去雨,True,23.21707301739549,0.8194277041341388,0.1073005422949791,23.30881703508959,0.8228710782213448,0.11031398922204971,0.09174401769410068,0.0034433740872059637,-0.0030134469270706177
sample_86,86,jpeg compression artifact,medium,mprnet_denoising,MPRNet去噪,True,23.21707301739549,0.8194277041341388,0.1073005422949791,22.435412575456514,0.761841810921437,0.25427237153053284,-0.7816604419389748,-0.0575858932127018,-0.14697182923555374
sample_86,86,jpeg compression artifact,medium,mprnet_motion_deblurring,MPRNet运动去模糊,True,23.21707301739549,0.8194277041341388,0.1073005422949791,22.932659831386424,0.8153993983829637,0.12523947656154633,-0.28441318600906484,-0.004028305751175076,-0.01793893426656723
sample_86,86,jpeg compression artifact,medium,mprnet_deraining,MPRNet去雨,True,23.21707301739549,0.8194277041341388,0.1073005422949791,23.093854013266334,0.8135470644102103,0.11958494037389755,-0.12321900412915454,-0.0058806397239284935,-0.012284398078918457
sample_86,86,jpeg compression artifact,medium,fbcnn_jpeg_artifact_removal,FBCNN JPEG伪影去除,True,23.21707301739549,0.8194277041341388,0.1073005422949791,24.00687186871683,0.842045764796905,0.1288943737745285,0.7897988513213399,0.02261806066276617,-0.021593831479549408
sample_86,86,jpeg compression artifact,medium,drbnet_defocus_deblurring,DRBNet散焦去模糊,True,23.21707301739549,0.8194277041341388,0.1073005422949791,22.99892465732713,0.8012631321977276,0.10719107836484909,-0.21814836006835847,-0.01816457193641119,0.00010946393013000488
sample_86,86,jpeg compression artifact,medium,dehazeformer_dehaze,DehazeFormer去雾,True,23.21707301739549,0.8194277041341388,0.1073005422949791,23.063639480159903,0.8195195415615979,0.10671821981668472,-0.1534335372355855,9.183742745910717e-05,0.0005823224782943726
sample_94,94,dark,high,swinir_denoising,SwinIR去噪,True,15.669358064373991,0.9375185684065547,0.06352390348911285,15.655957390433828,0.9061612875586246,0.146910160779953,-0.013400673940163088,-0.0313572808479301,-0.08338625729084015
sample_94,94,dark,high,swinir_jpeg_artifact_removal,SwinIR JPEG伪影去除,True,15.669358064373991,0.9375185684065547,0.06352390348911285,15.660693060264121,0.9141258068537543,0.12197692692279816,-0.008665004109870367,-0.023392761552800345,-0.0584530234336853
sample_94,94,dark,high,swinir_super_resolution,SwinIR超分辨率,True,15.669358064373991,0.9375185684065547,0.06352390348911285,15.413951767920151,0.8910710284499922,0.20370998978614807,-0.25540629645383994,-0.04644753995656248,-0.14018608629703522
sample_94,94,dark,high,restormer_motion_deblurring,Restormer运动去模糊,True,15.669358064373991,0.9375185684065547,0.06352390348911285,15.643732278973534,0.9350909440188704,0.06880249828100204,-0.025625785400457346,-0.0024276243876842907,-0.005278594791889191
sample_94,94,dark,high,restormer_defocus_deblurring,Restormer散焦去模糊,True,15.669358064373991,0.9375185684065547,0.06352390348911285,16.538972657676943,0.9340559418804936,0.072892926633358,0.869614593302952,-0.0034626265260611078,-0.009369023144245148
sample_94,94,dark,high,restormer_deraining,Restormer去雨,True,15.669358064373991,0.9375185684065547,0.06352390348911285,15.658495417873317,0.9327009114803811,0.09456027299165726,-0.0108626465006747,-0.00481765692617353,-0.031036369502544403
sample_94,94,dark,high,xrestormer_motion_deblurring,XRestormer运动去模糊,True,15.669358064373991,0.9375185684065547,0.06352390348911285,14.594826272258581,0.775468073132978,0.28695133328437805,-1.07453179211541,-0.16205049527357662,-0.2234274297952652
sample_94,94,dark,high,xrestormer_deraining,XRestormer去雨,True,15.669358064373991,0.9375185684065547,0.06352390348911285,14.029707587794144,0.8852457734418198,0.12745365500450134,-1.6396504765798472,-0.052272794964734914,-0.06392975151538849
sample_94,94,dark,high,mprnet_denoising,MPRNet去噪,True,15.669358064373991,0.9375185684065547,0.06352390348911285,15.681503114706425,0.9085191064826305,0.1289249062538147,0.012145050332433627,-0.02899946192392422,-0.06540100276470184
sample_94,94,dark,high,mprnet_motion_deblurring,MPRNet运动去模糊,True,15.669358064373991,0.9375185684065547,0.06352390348911285,15.647851272302775,0.9298631077426626,0.07497566193342209,-0.021506792071216196,-0.007655460663892111,-0.011451758444309235
sample_94,94,dark,high,mprnet_deraining,MPRNet去雨,True,15.669358064373991,0.9375185684065547,0.06352390348911285,15.614867828635981,0.9279352503551422,0.11106663197278976,-0.05449023573800993,-0.009583318051412437,-0.04754272848367691
sample_94,94,dark,high,fbcnn_jpeg_artifact_removal,FBCNN JPEG伪影去除,True,15.669358064373991,0.9375185684065547,0.06352390348911285,15.676386356852541,0.9327798802854482,0.0719890296459198,0.007028292478549858,-0.004738688121106449,-0.008465126156806946
sample_94,94,dark,high,drbnet_defocus_deblurring,DRBNet散焦去模糊,True,15.669358064373991,0.9375185684065547,0.06352390348911285,15.917718700121222,0.9343230345190278,0.07889954745769501,0.24836063574723077,-0.0031955338875269135,-0.015375643968582153
sample_94,94,dark,high,dehazeformer_dehaze,DehazeFormer去雾,True,15.669358064373991,0.9375185684065547,0.06352390348911285,12.71523253306982,0.8512915051159528,0.09230705350637436,-2.9541255313041717,-0.08622706329060192,-0.028783150017261505
sample_93,93,defocus blur,low,swinir_denoising,SwinIR去噪,True,26.647670783577126,0.9074974561290139,0.19041742384433746,26.097015216907785,0.863528741784236,0.2191729098558426,-0.5506555666693416,-0.04396871434477789,-0.028755486011505127
sample_93,93,defocus blur,low,swinir_jpeg_artifact_removal,SwinIR JPEG伪影去除,True,26.647670783577126,0.9074974561290139,0.19041742384433746,26.320704040091435,0.8797425180580071,0.21023526787757874,-0.3269667434856913,-0.02775493807100682,-0.019817844033241272
sample_93,93,defocus blur,low,swinir_super_resolution,SwinIR超分辨率,True,26.647670783577126,0.9074974561290139,0.19041742384433746,26.596167051656465,0.8608327003204002,0.12431474030017853,-0.051503731920661266,-0.046664755808613734,0.06610268354415894
sample_93,93,defocus blur,low,restormer_motion_deblurring,Restormer运动去模糊,True,26.647670783577126,0.9074974561290139,0.19041742384433746,25.10369033059395,0.8921803857302809,0.12261709570884705,-1.5439804529831775,-0.01531707039873298,0.06780032813549042
sample_93,93,defocus blur,low,restormer_defocus_deblurring,Restormer散焦去模糊,True,26.647670783577126,0.9074974561290139,0.19041742384433746,27.826870152536152,0.9442094317627218,0.05174084007740021,1.1791993689590257,0.03671197563370787,0.13867658376693726
sample_93,93,defocus blur,low,restormer_deraining,Restormer去雨,True,26.647670783577126,0.9074974561290139,0.19041742384433746,26.638349978884865,0.9062750499682535,0.19153828918933868,-0.00932080469226193,-0.0012224061607604142,-0.0011208653450012207
sample_93,93,defocus blur,low,xrestormer_motion_deblurring,XRestormer运动去模糊,True,26.647670783577126,0.9074974561290139,0.19041742384433746,20.655389457631554,0.7779543080862398,0.17087674140930176,-5.992281325945573,-0.12954314804277411,0.019540682435035706
sample_93,93,defocus blur,low,xrestormer_deraining,XRestormer去雨,True,26.647670783577126,0.9074974561290139,0.19041742384433746,26.609490504103817,0.9050045588256032,0.1918836534023285,-0.03818027947330904,-0.002492897303410735,-0.0014662295579910278
sample_93,93,defocus blur,low,mprnet_denoising,MPRNet去噪,True,26.647670783577126,0.9074974561290139,0.19041742384433746,25.625832277951798,0.8811684302968739,0.23371943831443787,-1.021838505625329,-0.02632902583214003,-0.0433020144701004
sample_93,93,defocus blur,low,mprnet_motion_deblurring,MPRNet运动去模糊,True,26.647670783577126,0.9074974561290139,0.19041742384433746,25.162526430467555,0.8863943561791084,0.14031058549880981,-1.4851443531095718,-0.021103099949905446,0.05010683834552765
sample_93,93,defocus blur,low,mprnet_deraining,MPRNet去雨,True,26.647670783577126,0.9074974561290139,0.19041742384433746,26.549159928599483,0.8998114756300382,0.19130533933639526,-0.09851085497764345,-0.007685980498975731,-0.0008879154920578003
sample_93,93,defocus blur,low,fbcnn_jpeg_artifact_removal,FBCNN JPEG伪影去除,True,26.647670783577126,0.9074974561290139,0.19041742384433746,26.816095135881703,0.9075905805973683,0.18863697350025177,0.16842435230457653,9.31244683544108e-05,0.0017804503440856934
sample_93,93,defocus blur,low,drbnet_defocus_deblurring,DRBNet散焦去模糊,True,26.647670783577126,0.9074974561290139,0.19041742384433746,27.666537001247473,0.9374847116288104,0.05745904892683029,1.0188662176703467,0.029987255499796528,0.13295837491750717
sample_93,93,defocus blur,low,dehazeformer_dehaze,DehazeFormer去雾,True,26.647670783577126,0.9074974561290139,0.19041742384433746,22.946521085298922,0.8080484514864764,0.19676148891448975,-3.701149698278204,-0.09944900464253748,-0.006344065070152283
sample_97,97,dark,high,swinir_denoising,SwinIR去噪,True,21.334310343140746,0.7774868335587594,0.056952930986881256,21.3069070247358,0.7856092064151724,0.16581784188747406,-0.027403318404946475,0.00812237285641304,-0.1088649109005928
sample_97,97,dark,high,swinir_jpeg_artifact_removal,SwinIR JPEG伪影去除,True,21.334310343140746,0.7774868335587594,0.056952930986881256,21.242170747098633,0.7160395852403193,0.13027742505073547,-0.09213959604211297,-0.06144724831844006,-0.07332449406385422
sample_97,97,dark,high,swinir_super_resolution,SwinIR超分辨率,True,21.334310343140746,0.7774868335587594,0.056952930986881256,21.153753272458378,0.6548495845831754,0.11925308406352997,-0.1805570706823687,-0.12263724897558392,-0.06230015307664871
sample_97,97,dark,high,restormer_motion_deblurring,Restormer运动去模糊,True,21.334310343140746,0.7774868335587594,0.056952930986881256,21.347886813317615,0.7775770757132833,0.055843476206064224,0.013576470176868582,9.024215452391182e-05,0.0011094547808170319
sample_97,97,dark,high,restormer_defocus_deblurring,Restormer散焦去模糊,True,21.334310343140746,0.7774868335587594,0.056952930986881256,22.49272144955782,0.8728531221644883,0.05247111618518829,1.1584111064170735,0.09536628860572893,0.004481814801692963
sample_97,97,dark,high,restormer_deraining,Restormer去雨,True,21.334310343140746,0.7774868335587594,0.056952930986881256,21.350204383569036,0.7763449068353537,0.0731019452214241,0.015894040428289458,-0.0011419267234056285,-0.016149014234542847
sample_97,97,dark,high,xrestormer_motion_deblurring,XRestormer运动去模糊,True,21.334310343140746,0.7774868335587594,0.056952930986881256,21.265509580687194,0.7469713572160077,0.12404847145080566,-0.06880076245355227,-0.030515476342751646,-0.06709554046392441
sample_97,97,dark,high,xrestormer_deraining,XRestormer去雨,True,21.334310343140746,0.7774868335587594,0.056952930986881256,21.35959830312192,0.7786307595596677,0.06537335366010666,0.02528795998117417,0.0011439260009082908,-0.008420422673225403
sample_97,97,dark,high,mprnet_denoising,MPRNet去噪,True,21.334310343140746,0.7774868335587594,0.056952930986881256,21.337187798666104,0.7663735919068096,0.11353529244661331,0.002877455525357675,-0.011113241651949712,-0.056582361459732056
sample_97,97,dark,high,mprnet_motion_deblurring,MPRNet运动去模糊,True,21.334310343140746,0.7774868335587594,0.056952930986881256,21.253257428027624,0.7307752429454548,0.10650602728128433,-0.08105291511312274,-0.04671159061330454,-0.049553096294403076
sample_97,97,dark,high,mprnet_deraining,MPRNet去雨,True,21.334310343140746,0.7774868335587594,0.056952930986881256,21.228837607766376,0.7487128932538968,0.12267449498176575,-0.10547273537437007,-0.028773940304862577,-0.06572156399488449
sample_97,97,dark,high,fbcnn_jpeg_artifact_removal,FBCNN JPEG伪影去除,True,21.334310343140746,0.7774868335587594,0.056952930986881256,21.325542586148764,0.770949713972469,0.0784609392285347,-0.008767756991982623,-0.00653711958629033,-0.021508008241653442
sample_97,97,dark,high,drbnet_defocus_deblurring,DRBNet散焦去模糊,True,21.334310343140746,0.7774868335587594,0.056952930986881256,21.776437048377296,0.8713738527974594,0.10566278547048569,0.44212670523655007,0.09388701923870002,-0.04870985448360443
sample_97,97,dark,high,dehazeformer_dehaze,DehazeFormer去雾,True,21.334310343140746,0.7774868335587594,0.056952930986881256,19.174613843625593,0.4218438971858629,0.08762367069721222,-2.159696499515153,-0.35564293637289646,-0.030670739710330963
sample_95,95,dark,very high,swinir_denoising,SwinIR去噪,True,11.99913294975751,0.6286812005593935,0.1145959421992302,11.894409094814034,0.5187317383249751,0.266355961561203,-0.10472385494347591,-0.10994946223441837,-0.1517600193619728
sample_95,95,dark,very high,swinir_jpeg_artifact_removal,SwinIR JPEG伪影去除,True,11.99913294975751,0.6286812005593935,0.1145959421992302,11.928016926237547,0.5348855340335211,0.2042797952890396,-0.07111602351996282,-0.09379566652587235,-0.08968385308980942
sample_95,95,dark,very high,swinir_super_resolution,SwinIR超分辨率,True,11.99913294975751,0.6286812005593935,0.1145959421992302,11.633563448510856,0.5535517235229158,0.25549444556236267,-0.36556950124665377,-0.07512947703647765,-0.14089850336313248
sample_95,95,dark,very high,restormer_motion_deblurring,Restormer运动去模糊,True,11.99913294975751,0.6286812005593935,0.1145959421992302,12.025200269227081,0.6350387845827483,0.11059388518333435,0.02606731946957197,0.006357584023354845,0.0040020570158958435
sample_95,95,dark,very high,restormer_defocus_deblurring,Restormer散焦去模糊,True,11.99913294975751,0.6286812005593935,0.1145959421992302,13.203665434312619,0.6949581483799396,0.11311552673578262,1.2045324845551093,0.06627694782054616,0.0014804154634475708
sample_95,95,dark,very high,restormer_deraining,Restormer去雨,True,11.99913294975751,0.6286812005593935,0.1145959421992302,12.002821746458958,0.6159695644961962,0.12834195792675018,0.0036887967014482825,-0.012711636063197251,-0.013746015727519989
sample_95,95,dark,very high,xrestormer_motion_deblurring,XRestormer运动去模糊,True,11.99913294975751,0.6286812005593935,0.1145959421992302,11.131292777216126,0.4038689508104996,0.36885249614715576,-0.8678401725413831,-0.22481224974889386,-0.25425655394792557
sample_95,95,dark,very high,xrestormer_deraining,XRestormer去雨,True,11.99913294975751,0.6286812005593935,0.1145959421992302,12.006165670564812,0.6252495749850725,0.11909884214401245,0.007032720807302439,-0.0034316255743209734,-0.004502899944782257
sample_95,95,dark,very high,mprnet_denoising,MPRNet去噪,True,11.99913294975751,0.6286812005593935,0.1145959421992302,11.97235968678077,0.5713854315503476,0.19458948075771332,-0.02677326297673943,-0.05729576900904587,-0.07999353855848312
sample_95,95,dark,very high,mprnet_motion_deblurring,MPRNet运动去模糊,True,11.99913294975751,0.6286812005593935,0.1145959421992302,11.990161633524894,0.628986846545252,0.11161741614341736,-0.008971316232615933,0.0003056459858585825,0.0029785260558128357
sample_95,95,dark,very high,mprnet_deraining,MPRNet去雨,True,11.99913294975751,0.6286812005593935,0.1145959421992302,11.937237047839389,0.6035786592535926,0.14574623107910156,-0.061895901918120444,-0.02510254130580092,-0.03115028887987137
sample_95,95,dark,very high,fbcnn_jpeg_artifact_removal,FBCNN JPEG伪影去除,True,11.99913294975751,0.6286812005593935,0.1145959421992302,12.004163930179839,0.6069331989330325,0.11901623010635376,0.005030980422329634,-0.021748001626360924,-0.004420287907123566
sample_95,95,dark,very high,drbnet_defocus_deblurring,DRBNet散焦去模糊,True,11.99913294975751,0.6286812005593935,0.1145959421992302,12.204379242253605,0.6652796468326229,0.12656858563423157,0.2052462924960956,0.03659844627322939,-0.011972643435001373
sample_95,95,dark,very high,dehazeformer_dehaze,DehazeFormer去雾,True,11.99913294975751,0.6286812005593935,0.1145959421992302,9.809712651696454,0.45009745716229815,0.17052671313285828,-2.189420298061055,-0.17858374339709532,-0.05593077093362808
sample_90,90,dark,very high,swinir_denoising,SwinIR去噪,True,12.497718021793593,0.7557291203742684,0.1095760315656662,12.417408147667036,0.6716445553102909,0.254040390253067,-0.08030987412655755,-0.08408456506397755,-0.14446435868740082
sample_90,90,dark,very high,swinir_jpeg_artifact_removal,SwinIR JPEG伪影去除,True,12.497718021793593,0.7557291203742684,0.1095760315656662,12.370953054777916,0.6950886055601728,0.193585604429245,-0.12676496701567785,-0.0606405148140956,-0.0840095728635788
sample_90,90,dark,very high,swinir_super_resolution,SwinIR超分辨率,True,12.497718021793593,0.7557291203742684,0.1095760315656662,11.756343593759421,0.605096682543436,0.3355647027492523,-0.7413744280341721,-0.15063243783083247,-0.22598867118358612
sample_90,90,dark,very high,restormer_motion_deblurring,Restormer运动去模糊,True,12.497718021793593,0.7557291203742684,0.1095760315656662,12.547215809566055,0.7594424111149808,0.1114683747291565,0.049497787772461166,0.0037132907407123605,-0.0018923431634902954
sample_90,90,dark,very high,restormer_defocus_deblurring,Restormer散焦去模糊,True,12.497718021793593,0.7557291203742684,0.1095760315656662,13.559175127892223,0.7622222734069225,0.13592863082885742,1.0614571060986293,0.006493153032654075,-0.026352599263191223
sample_90,90,dark,very high,restormer_deraining,Restormer去雨,True,12.497718021793593,0.7557291203742684,0.1095760315656662,12.538601687159725,0.7538526144135297,0.11462338268756866,0.04088366536613108,-0.001876505960738739,-0.005047351121902466
sample_90,90,dark,very high,xrestormer_motion_deblurring,XRestormer运动去模糊,True,12.497718021793593,0.7557291203742684,0.1095760315656662,10.688889841341563,0.34338187641869067,0.47693735361099243,-1.8088281804520303,-0.41234724395557776,-0.36736132204532623
sample_90,90,dark,very high,xrestormer_deraining,XRestormer去雨,True,12.497718021793593,0.7557291203742684,0.1095760315656662,11.787900344442537,0.7075786074732094,0.12729093432426453,-0.7098176773510563,-0.048150512901058984,-0.017714902758598328
sample_90,90,dark,very high,mprnet_denoising,MPRNet去噪,True,12.497718021793593,0.7557291203742684,0.1095760315656662,12.66990660929885,0.717509430516329,0.18905626237392426,0.17218858750525712,-0.03821968985793944,-0.07948023080825806
sample_90,90,dark,very high,mprnet_motion_deblurring,MPRNet运动去模糊,True,12.497718021793593,0.7557291203742684,0.1095760315656662,12.45604834329501,0.7514667984447664,0.11603840440511703,-0.04166967849858416,-0.004262321929502044,-0.006462372839450836
sample_90,90,dark,very high,mprnet_deraining,MPRNet去雨,True,12.497718021793593,0.7557291203742684,0.1095760315656662,12.471301627106705,0.7342600325526982,0.141654372215271,-0.026416394686888722,-0.0214690878215702,-0.0320783406496048
sample_90,90,dark,very high,fbcnn_jpeg_artifact_removal,FBCNN JPEG伪影去除,True,12.497718021793593,0.7557291203742684,0.1095760315656662,12.492082213838804,0.7513389158327132,0.11503589153289795,-0.005635807954789129,-0.004390204541555254,-0.0054598599672317505
sample_90,90,dark,very high,drbnet_defocus_deblurring,DRBNet散焦去模糊,True,12.497718021793593,0.7557291203742684,0.1095760315656662,12.759100821644733,0.761491592595286,0.11948291957378387,0.2613827998511393,0.005762472221017556,-0.009906888008117676
sample_90,90,dark,very high,dehazeformer_dehaze,DehazeFormer去雾,True,12.497718021793593,0.7557291203742684,0.1095760315656662,11.338550097023148,0.6904113925323366,0.12315423786640167,-1.1591679247704452,-0.0653177278419318,-0.013578206300735474
sample_89,89,defocus blur,medium,swinir_denoising,SwinIR去噪,True,35.80077619276955,0.9296237517583675,0.2216958999633789,33.79622811814416,0.8776683585264536,0.3040204644203186,-2.00454807462539,-0.05195539323191389,-0.0823245644569397
sample_89,89,defocus blur,medium,swinir_jpeg_artifact_removal,SwinIR JPEG伪影去除,True,35.80077619276955,0.9296237517583675,0.2216958999633789,34.74885631723726,0.9020331336407894,0.27176082134246826,-1.0519198755322847,-0.027590618117578125,-0.050064921379089355
sample_89,89,defocus blur,medium,swinir_super_resolution,SwinIR超分辨率,True,35.80077619276955,0.9296237517583675,0.2216958999633789,34.076043297400226,0.8767669364444624,0.17382293939590454,-1.7247328953693213,-0.05285681531390518,0.047872960567474365
sample_89,89,defocus blur,medium,restormer_motion_deblurring,Restormer运动去模糊,True,35.80077619276955,0.9296237517583675,0.2216958999633789,33.65470958597057,0.919860349000722,0.17885737121105194,-2.146066606798975,-0.009763402757645534,0.042838528752326965
sample_89,89,defocus blur,medium,restormer_defocus_deblurring,Restormer散焦去模糊,True,35.80077619276955,0.9296237517583675,0.2216958999633789,36.7945864967776,0.9380259268106138,0.1298816204071045,0.9938103040080506,0.008402175052246275,0.09181427955627441
sample_89,89,defocus blur,medium,restormer_deraining,Restormer去雨,True,35.80077619276955,0.9296237517583675,0.2216958999633789,35.68401375953266,0.928103080467892,0.22893837094306946,-0.11676243323688595,-0.001520671290475506,-0.007242470979690552
sample_89,89,defocus blur,medium,xrestormer_motion_deblurring,XRestormer运动去模糊,True,35.80077619276955,0.9296237517583675,0.2216958999633789,38.30111301674699,0.9483477897450151,0.15900301933288574,2.5003368239774417,0.018724037986647568,0.06269288063049316
sample_89,89,defocus blur,medium,xrestormer_deraining,XRestormer去雨,True,35.80077619276955,0.9296237517583675,0.2216958999633789,17.7166279334866,0.7363916650957854,0.3182658553123474,-18.084148259282948,-0.19323208666258218,-0.0965699553489685
sample_89,89,defocus blur,medium,mprnet_denoising,MPRNet去噪,True,35.80077619276955,0.9296237517583675,0.2216958999633789,35.12943179436424,0.9101388140246637,0.25463560223579407,-0.67134439840531,-0.019484937733703855,-0.03293970227241516
sample_89,89,defocus blur,medium,mprnet_motion_deblurring,MPRNet运动去模糊,True,35.80077619276955,0.9296237517583675,0.2216958999633789,34.011183838403056,0.9152782309137327,0.18949975073337555,-1.7895923543664907,-0.014345520844634807,0.03219614923000336
sample_89,89,defocus blur,medium,mprnet_deraining,MPRNet去雨,True,35.80077619276955,0.9296237517583675,0.2216958999633789,35.061781533198705,0.9066829823096879,0.2537403702735901,-0.7389946595708423,-0.02294076944867962,-0.03204447031021118
sample_89,89,defocus blur,medium,fbcnn_jpeg_artifact_removal,FBCNN JPEG伪影去除,True,35.80077619276955,0.9296237517583675,0.2216958999633789,35.86425001363779,0.9281004375754461,0.22429899871349335,0.06347382086824638,-0.001523314182921398,-0.002603098750114441
sample_89,89,defocus blur,medium,drbnet_defocus_deblurring,DRBNet散焦去模糊,True,35.80077619276955,0.9296237517583675,0.2216958999633789,35.827977038890154,0.9297078476178617,0.09807923436164856,0.027200846120607025,8.409585949420428e-05,0.12361666560173035
sample_89,89,defocus blur,medium,dehazeformer_dehaze,DehazeFormer去雾,True,35.80077619276955,0.9296237517583675,0.2216958999633789,32.41087256813181,0.8934390352296572,0.21779859066009521,-3.389903624637739,-0.03618471652871036,0.0038973093032836914
sample_85,85,jpeg compression artifact,low,swinir_denoising,SwinIR去噪,True,34.48894364104973,0.9336302422639996,0.09935703873634338,33.332653544298736,0.890104401394043,0.2993898391723633,-1.1562900967509933,-0.04352584086995659,-0.2000328004360199
sample_85,85,jpeg compression artifact,low,swinir_jpeg_artifact_removal,SwinIR JPEG伪影去除,True,34.48894364104973,0.9336302422639996,0.09935703873634338,36.23275888891453,0.9509597378720311,0.11055947840213776,1.7438152478648021,0.017329495608031542,-0.011202439665794373
sample_85,85,jpeg compression artifact,low,swinir_super_resolution,SwinIR超分辨率,True,34.48894364104973,0.9336302422639996,0.09935703873634338,28.738526561421946,0.8506068741635578,0.36466896533966064,-5.750417079627784,-0.08302336810044175,-0.26531192660331726
sample_85,85,jpeg compression artifact,low,restormer_motion_deblurring,Restormer运动去模糊,True,34.48894364104973,0.9336302422639996,0.09935703873634338,34.299148683629504,0.9322606232334478,0.09628121554851532,-0.18979495742022578,-0.001369619030551772,0.003075823187828064
sample_85,85,jpeg compression artifact,low,restormer_defocus_deblurring,Restormer散焦去模糊,True,34.48894364104973,0.9336302422639996,0.09935703873634338,29.565077561212743,0.8923634673608545,0.11054430902004242,-4.923866079836987,-0.04126677490314512,-0.011187270283699036
sample_85,85,jpeg compression artifact,low,restormer_deraining,Restormer去雨,True,34.48894364104973,0.9336302422639996,0.09935703873634338,34.635202072027155,0.936317723083619,0.10370005667209625,0.14625843097742575,0.0026874808196194477,-0.004343017935752869
sample_85,85,jpeg compression artifact,low,xrestormer_motion_deblurring,XRestormer运动去模糊,True,34.48894364104973,0.9336302422639996,0.09935703873634338,20.95709966519404,0.6993449163246673,0.39879825711250305,-13.53184397585569,-0.23428532593933227,-0.29944121837615967
sample_85,85,jpeg compression artifact,low,xrestormer_deraining,XRestormer去雨,True,34.48894364104973,0.9336302422639996,0.09935703873634338,34.74083823155796,0.938819743260229,0.10386361181735992,0.25189459050822904,0.00518950099622939,-0.0045065730810165405
sample_85,85,jpeg compression artifact,low,mprnet_denoising,MPRNet去噪,True,34.48894364104973,0.9336302422639996,0.09935703873634338,33.94859789559057,0.9376396953663827,0.17966815829277039,-0.5403457454591631,0.004009453102383098,-0.080311119556427
sample_85,85,jpeg compression artifact,low,mprnet_motion_deblurring,MPRNet运动去模糊,True,34.48894364104973,0.9336302422639996,0.09935703873634338,34.11655819907808,0.9301897481739686,0.09397907555103302,-0.3723854419716517,-0.003440494090030999,0.005377963185310364
sample_85,85,jpeg compression artifact,low,mprnet_deraining,MPRNet去雨,True,34.48894364104973,0.9336302422639996,0.09935703873634338,34.56904439152459,0.9402083643165952,0.12600021064281464,0.08010075047486254,0.006578122052595559,-0.026643171906471252
sample_85,85,jpeg compression artifact,low,fbcnn_jpeg_artifact_removal,FBCNN JPEG伪影去除,True,34.48894364104973,0.9336302422639996,0.09935703873634338,36.775601271928664,0.9565365571873928,0.08857442438602448,2.286657630878935,0.022906314923393234,0.010782614350318909
sample_85,85,jpeg compression artifact,low,drbnet_defocus_deblurring,DRBNet散焦去模糊,True,34.48894364104973,0.9336302422639996,0.09935703873634338,33.01816671116312,0.9185029219857883,0.08670954406261444,-1.4707769298866111,-0.015127320278211287,0.012647494673728943
sample_85,85,jpeg compression artifact,low,dehazeformer_dehaze,DehazeFormer去雾,True,34.48894364104973,0.9336302422639996,0.09935703873634338,31.55975240269327,0.920836152033082,0.10322141647338867,-2.9291912383564593,-0.012794090230917599,-0.003864377737045288
sample_105,105,rain,low,swinir_denoising,SwinIR去噪,True,28.254508710615085,0.9612313898988231,0.14267735183238983,25.96326261065657,0.8043301516884499,0.33073097467422485,-2.2912460999585136,-0.15690123821037316,-0.18805362284183502
sample_105,105,rain,low,swinir_jpeg_artifact_removal,SwinIR JPEG伪影去除,True,28.254508710615085,0.9612313898988231,0.14267735183238983,26.33493964232533,0.8640951306936228,0.2310188263654709,-1.9195690682897535,-0.0971362592052003,-0.08834147453308105
sample_105,105,rain,low,swinir_super_resolution,SwinIR超分辨率,True,28.254508710615085,0.9612313898988231,0.14267735183238983,24.709429264023207,0.8025608166747724,0.4160836338996887,-3.5450794465918776,-0.15867057322405065,-0.2734062820672989
sample_105,105,rain,low,restormer_motion_deblurring,Restormer运动去模糊,True,28.254508710615085,0.9612313898988231,0.14267735183238983,28.14242645401224,0.95985397489813,0.14245396852493286,-0.11208225660284299,-0.0013774150006931052,0.00022338330745697021
sample_105,105,rain,low,restormer_defocus_deblurring,Restormer散焦去模糊,True,28.254508710615085,0.9612313898988231,0.14267735183238983,24.320278678092006,0.8924332898308006,0.15953367948532104,-3.934230032523079,-0.06879810006802245,-0.016856327652931213
sample_105,105,rain,low,restormer_deraining,Restormer去雨,True,28.254508710615085,0.9612313898988231,0.14267735183238983,28.166404603681823,0.9559427459122943,0.1521482765674591,-0.08810410693326176,-0.005288643986528729,-0.009470924735069275
sample_105,105,rain,low,xrestormer_motion_deblurring,XRestormer运动去模糊,True,28.254508710615085,0.9612313898988231,0.14267735183238983,17.70807207835454,0.5664936720816471,0.45947587490081787,-10.546436632260544,-0.3947377178171759,-0.31679852306842804
sample_105,105,rain,low,xrestormer_deraining,XRestormer去雨,True,28.254508710615085,0.9612313898988231,0.14267735183238983,27.384576020844854,0.9542022869289001,0.15071022510528564,-0.8699326897702306,-0.0070291029699229846,-0.008032873272895813
sample_105,105,rain,low,mprnet_denoising,MPRNet去噪,True,28.254508710615085,0.9612313898988231,0.14267735183238983,26.980595353780732,0.89398215840603,0.23519036173820496,-1.2739133568343526,-0.06724923149279305,-0.09251300990581512
sample_105,105,rain,low,mprnet_motion_deblurring,MPRNet运动去模糊,True,28.254508710615085,0.9612313898988231,0.14267735183238983,27.478356089194676,0.9488759319106449,0.1594587117433548,-0.7761526214204082,-0.012355457988178165,-0.016781359910964966
sample_105,105,rain,low,mprnet_deraining,MPRNet去雨,True,28.254508710615085,0.9612313898988231,0.14267735183238983,27.886384823325713,0.9393552540966045,0.17072954773902893,-0.3681238872893715,-0.021876135802218588,-0.0280521959066391
sample_105,105,rain,low,fbcnn_jpeg_artifact_removal,FBCNN JPEG伪影去除,True,28.254508710615085,0.9612313898988231,0.14267735183238983,28.08562574257045,0.9531416143390059,0.14355675876140594,-0.16888296804463465,-0.008089775559817158,-0.0008794069290161133
sample_105,105,rain,low,drbnet_defocus_deblurring,DRBNet散焦去模糊,True,28.254508710615085,0.9612313898988231,0.14267735183238983,28.025915184645314,0.9436232834857498,0.1516556292772293,-0.2285935259697709,-0.01760810641307331,-0.008978277444839478
sample_105,105,rain,low,dehazeformer_dehaze,DehazeFormer去雾,True,28.254508710615085,0.9612313898988231,0.14267735183238983,14.72659478351742,0.7483073023264034,0.23602153360843658,-13.527913927097664,-0.21292408757241965,-0.09334418177604675
sample_96,96,rain,medium,swinir_denoising,SwinIR去噪,True,22.415155445861302,0.7005350792877194,0.4557890295982361,22.55660031277529,0.6672497393280762,0.4822973608970642,0.1414448669139894,-0.03328533995964322,-0.026508331298828125
sample_96,96,rain,medium,swinir_jpeg_artifact_removal,SwinIR JPEG伪影去除,True,22.415155445861302,0.7005350792877194,0.4557890295982361,22.26638835411221,0.6742336909607581,0.4733428359031677,-0.14876709174909308,-0.026301388326961272,-0.01755380630493164
sample_96,96,rain,medium,swinir_super_resolution,SwinIR超分辨率,True,22.415155445861302,0.7005350792877194,0.4557890295982361,20.231395086182577,0.7729025686994131,0.5823590159416199,-2.1837603596787254,0.07236748941169369,-0.1265699863433838
sample_96,96,rain,medium,restormer_motion_deblurring,Restormer运动去模糊,True,22.415155445861302,0.7005350792877194,0.4557890295982361,22.46039756089099,0.7003174168247958,0.45542922616004944,0.04524211502968711,-0.0002176624629236512,0.0003598034381866455
sample_96,96,rain,medium,restormer_defocus_deblurring,Restormer散焦去模糊,True,22.415155445861302,0.7005350792877194,0.4557890295982361,21.368114596092838,0.6909711622784894,0.4662784934043884,-1.0470408497684645,-0.009563917009229983,-0.010489463806152344
sample_96,96,rain,medium,restormer_deraining,Restormer去雨,True,22.415155445861302,0.7005350792877194,0.4557890295982361,37.35144572489626,0.9778037691246583,0.06198633834719658,14.936290279034957,0.27726868983693886,0.3938026912510395
sample_96,96,rain,medium,xrestormer_motion_deblurring,XRestormer运动去模糊,True,22.415155445861302,0.7005350792877194,0.4557890295982361,16.624919880700716,0.4845316459753313,0.5720901489257812,-5.790235565160586,-0.21600343331238808,-0.11630111932754517
sample_96,96,rain,medium,xrestormer_deraining,XRestormer去雨,True,22.415155445861302,0.7005350792877194,0.4557890295982361,36.42702128438248,0.9734915229995278,0.072862908244133,14.011865838521175,0.2729564437118084,0.3829261213541031
sample_96,96,rain,medium,mprnet_denoising,MPRNet去噪,True,22.415155445861302,0.7005350792877194,0.4557890295982361,22.90005596080821,0.6961868714249819,0.46378636360168457,0.4849005149469079,-0.004348207862737485,-0.007997334003448486
sample_96,96,rain,medium,mprnet_motion_deblurring,MPRNet运动去模糊,True,22.415155445861302,0.7005350792877194,0.4557890295982361,22.337869333834803,0.6989284284556749,0.4573473036289215,-0.07728611202649915,-0.0016066508320444761,-0.0015582740306854248
sample_96,96,rain,medium,mprnet_deraining,MPRNet去雨,True,22.415155445861302,0.7005350792877194,0.4557890295982361,22.81736641432248,0.6993323163530812,0.45646917819976807,0.4022109684611763,-0.0012027629346381685,-0.0006801486015319824
sample_96,96,rain,medium,fbcnn_jpeg_artifact_removal,FBCNN JPEG伪影去除,True,22.415155445861302,0.7005350792877194,0.4557890295982361,22.40252119854795,0.6943759758945411,0.4583081603050232,-0.0126342473133505,-0.006159103393178267,-0.0025191307067871094
sample_96,96,rain,medium,drbnet_defocus_deblurring,DRBNet散焦去模糊,True,22.415155445861302,0.7005350792877194,0.4557890295982361,22.865987515155123,0.704947555845666,0.4532034397125244,0.4508320692938206,0.004412476557946632,0.00258558988571167
sample_96,96,rain,medium,dehazeformer_dehaze,DehazeFormer去雾,True,22.415155445861302,0.7005350792877194,0.4557890295982361,16.04460068831135,0.46337700172482355,0.4974873661994934,-6.370554757549954,-0.23715807756289586,-0.041698336601257324
sample_102,102,jpeg compression artifact,high,swinir_denoising,SwinIR去噪,True,24.36362093543581,0.7621546775497778,0.2000989466905594,25.28036022466236,0.7448778974868091,0.3412330746650696,0.9167392892265482,-0.017276780062968733,-0.1411341279745102
sample_102,102,jpeg compression artifact,high,swinir_jpeg_artifact_removal,SwinIR JPEG伪影去除,True,24.36362093543581,0.7621546775497778,0.2000989466905594,26.706153379318366,0.8139822100784181,0.1872137039899826,2.342532443882554,0.05182753252864025,0.012885242700576782
sample_102,102,jpeg compression artifact,high,swinir_super_resolution,SwinIR超分辨率,True,24.36362093543581,0.7621546775497778,0.2000989466905594,22.888419958303793,0.6234793575100359,0.40212610363960266,-1.475200977132019,-0.13867532003974192,-0.20202715694904327
sample_102,102,jpeg compression artifact,high,restormer_motion_deblurring,Restormer运动去模糊,True,24.36362093543581,0.7621546775497778,0.2000989466905594,24.272733543170943,0.7593573839608205,0.1964103728532791,-0.09088739226486808,-0.002797293588957306,0.0036885738372802734
sample_102,102,jpeg compression artifact,high,restormer_defocus_deblurring,Restormer散焦去模糊,True,24.36362093543581,0.7621546775497778,0.2000989466905594,23.569530417819372,0.7469580927630615,0.21238486468791962,-0.7940905176164392,-0.015196584786716372,-0.01228591799736023
sample_102,102,jpeg compression artifact,high,restormer_deraining,Restormer去雨,True,24.36362093543581,0.7621546775497778,0.2000989466905594,24.607794451020496,0.7685153964872337,0.20401617884635925,0.24417351558468425,0.006360718937455823,-0.003917232155799866
sample_102,102,jpeg compression artifact,high,xrestormer_motion_deblurring,XRestormer运动去模糊,True,24.36362093543581,0.7621546775497778,0.2000989466905594,16.20503996797016,0.428366311412606,0.4277995228767395,-8.158580967465653,-0.33378836613717183,-0.22770057618618011
sample_102,102,jpeg compression artifact,high,xrestormer_deraining,XRestormer去雨,True,24.36362093543581,0.7621546775497778,0.2000989466905594,24.488573808846162,0.7649285127042583,0.20082107186317444,0.12495287341035066,0.0027738351544804862,-0.0007221251726150513
sample_102,102,jpeg compression artifact,high,mprnet_denoising,MPRNet去噪,True,24.36362093543581,0.7621546775497778,0.2000989466905594,24.51477095983641,0.765393869411163,0.25092825293540955,0.1511500244006001,0.0032391918613852155,-0.05082930624485016
sample_102,102,jpeg compression artifact,high,mprnet_motion_deblurring,MPRNet运动去模糊,True,24.36362093543581,0.7621546775497778,0.2000989466905594,24.0692598421303,0.7551627573124252,0.19216972589492798,-0.2943610933055112,-0.006991920237352622,0.007929220795631409
sample_102,102,jpeg compression artifact,high,mprnet_deraining,MPRNet去雨,True,24.36362093543581,0.7621546775497778,0.2000989466905594,24.384221728208733,0.754226131896738,0.22086814045906067,0.02060079277292104,-0.007928545653039798,-0.020769193768501282
sample_102,102,jpeg compression artifact,high,fbcnn_jpeg_artifact_removal,FBCNN JPEG伪影去除,True,24.36362093543581,0.7621546775497778,0.2000989466905594,26.829461396166295,0.8094989326885491,0.20169556140899658,2.465840460730483,0.047344255138771274,-0.0015966147184371948
sample_102,102,jpeg compression artifact,high,drbnet_defocus_deblurring,DRBNet散焦去模糊,True,24.36362093543581,0.7621546775497778,0.2000989466905594,24.007372216547882,0.7533262228629661,0.20706738531589508,-0.3562487188879295,-0.008828454686811704,-0.006968438625335693
sample_102,102,jpeg compression artifact,high,dehazeformer_dehaze,DehazeFormer去雾,True,24.36362093543581,0.7621546775497778,0.2000989466905594,24.309354666003834,0.7605994525566507,0.1975506991147995,-0.05426626943197732,-0.0015552249931271023,0.0025482475757598877
sample_101,101,motion blur,very high,swinir_denoising,SwinIR去噪,True,18.85897790108162,0.4373148023185425,0.3160046637058258,18.8200855996849,0.41399755105819863,0.3988249599933624,-0.038892301396717954,-0.02331725126034384,-0.08282029628753662
sample_101,101,motion blur,very high,swinir_jpeg_artifact_removal,SwinIR JPEG伪影去除,True,18.85897790108162,0.4373148023185425,0.3160046637058258,18.857304132887243,0.4269276522344278,0.36552131175994873,-0.0016737681943759242,-0.010387150084114671,-0.049516648054122925
sample_101,101,motion blur,very high,swinir_super_resolution,SwinIR超分辨率,True,18.85897790108162,0.4373148023185425,0.3160046637058258,18.61119887223931,0.4832900008047731,0.3655689060688019,-0.2477790288423094,0.045975198486230606,-0.049564242362976074
sample_101,101,motion blur,very high,restormer_motion_deblurring,Restormer运动去模糊,True,18.85897790108162,0.4373148023185425,0.3160046637058258,19.001534812526472,0.4113465667815566,0.1787528693675995,0.14255691144485283,-0.02596823553698585,0.13725179433822632
sample_101,101,motion blur,very high,restormer_defocus_deblurring,Restormer散焦去模糊,True,18.85897790108162,0.4373148023185425,0.3160046637058258,18.609124208528215,0.4542202886772327,0.23085741698741913,-0.24985369255340473,0.016905486358690214,0.08514724671840668
sample_101,101,motion blur,very high,restormer_deraining,Restormer去雨,True,18.85897790108162,0.4373148023185425,0.3160046637058258,18.826764625804937,0.43156416495576794,0.3279350697994232,-0.03221327527668194,-0.0057506373627745355,-0.011930406093597412
sample_101,101,motion blur,very high,xrestormer_motion_deblurring,XRestormer运动去模糊,True,18.85897790108162,0.4373148023185425,0.3160046637058258,17.576357493549718,0.3481066134089865,0.34011977910995483,-1.2826204075319012,-0.08920818890955595,-0.02411511540412903
sample_101,101,motion blur,very high,xrestormer_deraining,XRestormer去雨,True,18.85897790108162,0.4373148023185425,0.3160046637058258,18.683114112948918,0.42783395669036334,0.3343419134616852,-0.17586378813270187,-0.009480845628179135,-0.018337249755859375
sample_101,101,motion blur,very high,mprnet_denoising,MPRNet去噪,True,18.85897790108162,0.4373148023185425,0.3160046637058258,18.840659461370805,0.42927135395681854,0.35742437839508057,-0.01831843971081426,-0.008043448361723937,-0.04141971468925476
sample_101,101,motion blur,very high,mprnet_motion_deblurring,MPRNet运动去模糊,True,18.85897790108162,0.4373148023185425,0.3160046637058258,18.55405193718014,0.359543359978975,0.18005265295505524,-0.3049259639014785,-0.07777144233956745,0.13595201075077057
sample_101,101,motion blur,very high,mprnet_deraining,MPRNet去雨,True,18.85897790108162,0.4373148023185425,0.3160046637058258,18.834413336792487,0.43448891322871813,0.3356268107891083,-0.024564564289132562,-0.0028258890898243405,-0.01962214708328247
sample_101,101,motion blur,very high,fbcnn_jpeg_artifact_removal,FBCNN JPEG伪影去除,True,18.85897790108162,0.4373148023185425,0.3160046637058258,18.849889462505146,0.4356170219134816,0.31559115648269653,-0.009088438576473123,-0.0016977804050608558,0.00041350722312927246
sample_101,101,motion blur,very high,drbnet_defocus_deblurring,DRBNet散焦去模糊,True,18.85897790108162,0.4373148023185425,0.3160046637058258,18.277078381543994,0.39453361788506797,0.2460399568080902,-0.5818995195376253,-0.042781184433474506,0.0699647068977356
sample_101,101,motion blur,very high,dehazeformer_dehaze,DehazeFormer去雾,True,18.85897790108162,0.4373148023185425,0.3160046637058258,16.331651273973346,0.41637988176606283,0.31110042333602905,-2.5273266271082733,-0.02093492055247964,0.004904240369796753
sample_99,99,dark,medium,swinir_denoising,SwinIR去噪,True,18.32337825405165,0.9276060635857307,0.01958838477730751,18.100825249251965,0.8471147557081915,0.12664447724819183,-0.22255300479968554,-0.08049130787753922,-0.10705609247088432
sample_99,99,dark,medium,swinir_jpeg_artifact_removal,SwinIR JPEG伪影去除,True,18.32337825405165,0.9276060635857307,0.01958838477730751,18.181020215381523,0.8330416729494864,0.07414714992046356,-0.1423580386701282,-0.09456439063624433,-0.05455876514315605
sample_99,99,dark,medium,swinir_super_resolution,SwinIR超分辨率,True,18.32337825405165,0.9276060635857307,0.01958838477730751,17.7241478785878,0.7728944642175893,0.16451141238212585,-0.5992303754638506,-0.15471159936814138,-0.14492302760481834
sample_99,99,dark,medium,restormer_motion_deblurring,Restormer运动去模糊,True,18.32337825405165,0.9276060635857307,0.01958838477730751,18.4422213308994,0.9296699601484771,0.019623344764113426,0.11884307684774953,0.0020638965627464145,-3.495998680591583e-05
sample_99,99,dark,medium,restormer_defocus_deblurring,Restormer散焦去模糊,True,18.32337825405165,0.9276060635857307,0.01958838477730751,18.601228304987888,0.8979354278507007,0.03420522063970566,0.2778500509362374,-0.029670635735030038,-0.014616835862398148
sample_99,99,dark,medium,restormer_deraining,Restormer去雨,True,18.32337825405165,0.9276060635857307,0.01958838477730751,18.310617354965867,0.9242977354305926,0.023905666545033455,-0.012760899085783706,-0.0033083281551381516,-0.0043172817677259445
sample_99,99,dark,medium,xrestormer_motion_deblurring,XRestormer运动去模糊,True,18.32337825405165,0.9276060635857307,0.01958838477730751,15.30566789310611,0.6061481189993099,0.2836492359638214,-3.017710360945541,-0.32145794458642085,-0.2640608511865139
sample_99,99,dark,medium,xrestormer_deraining,XRestormer去雨,True,18.32337825405165,0.9276060635857307,0.01958838477730751,18.343534448173596,0.9267405093294029,0.021276183426380157,0.020156194121945248,-0.0008655542563278384,-0.001687798649072647
sample_99,99,dark,medium,mprnet_denoising,MPRNet去噪,True,18.32337825405165,0.9276060635857307,0.01958838477730751,18.159875097565696,0.8622968708970925,0.08119935542345047,-0.16350315648595526,-0.06530919268863822,-0.06161097064614296
sample_99,99,dark,medium,mprnet_motion_deblurring,MPRNet运动去模糊,True,18.32337825405165,0.9276060635857307,0.01958838477730751,18.369874104051892,0.9232471973304608,0.023233558982610703,0.046495850000241035,-0.004358866255269933,-0.003645174205303192
sample_99,99,dark,medium,mprnet_deraining,MPRNet去雨,True,18.32337825405165,0.9276060635857307,0.01958838477730751,18.005455903663933,0.8985953251834431,0.0344240665435791,-0.3179223503877182,-0.029010738402287628,-0.014835681766271591
sample_99,99,dark,medium,fbcnn_jpeg_artifact_removal,FBCNN JPEG伪影去除,True,18.32337825405165,0.9276060635857307,0.01958838477730751,18.33476728221983,0.9003605387958805,0.023913666605949402,0.011389028168178328,-0.027245524789850206,-0.0043252818286418915
sample_99,99,dark,medium,drbnet_defocus_deblurring,DRBNet散焦去模糊,True,18.32337825405165,0.9276060635857307,0.01958838477730751,18.27702774674271,0.9289392770154233,0.0307257529348135,-0.04635050730894008,0.0013332134296926146,-0.011137368157505989
sample_99,99,dark,medium,dehazeformer_dehaze,DehazeFormer去雾,True,18.32337825405165,0.9276060635857307,0.01958838477730751,13.71200847061252,0.643561389677428,0.07897656410932541,-4.61136978343913,-0.2840446739083027,-0.0593881793320179
sample_116,116,low resolution,very high,swinir_denoising,SwinIR去噪,True,58.132944044808696,0.9984008898694601,0.0002033844793913886,45.65483857646552,0.9905325566163462,0.01609227806329727,-12.478105468343173,-0.007868333253113868,-0.015888893583905883
sample_116,116,low resolution,very high,swinir_jpeg_artifact_removal,SwinIR JPEG伪影去除,True,58.132944044808696,0.9984008898694601,0.0002033844793913886,47.46197773245235,0.9917250663964229,0.014859156683087349,-10.670966312356349,-0.00667582347303719,-0.01465577220369596
sample_116,116,low resolution,very high,swinir_super_resolution,SwinIR超分辨率,True,58.132944044808696,0.9984008898694601,0.0002033844793913886,44.42702826055162,0.9858392641462155,0.014825188554823399,-13.705915784257073,-0.012561625723244596,-0.01462180407543201
sample_116,116,low resolution,very high,restormer_motion_deblurring,Restormer运动去模糊,True,58.132944044808696,0.9984008898694601,0.0002033844793913886,41.42197574910579,0.9795594481071527,0.03234681487083435,-16.710968295702905,-0.018841441762307398,-0.03214343039144296
sample_116,116,low resolution,very high,restormer_defocus_deblurring,Restormer散焦去模糊,True,58.132944044808696,0.9984008898694601,0.0002033844793913886,32.06922313445609,0.994901981634877,0.009431973099708557,-26.063720910352608,-0.003498908234583098,-0.009228588620317169
sample_116,116,low resolution,very high,restormer_deraining,Restormer去雨,True,58.132944044808696,0.9984008898694601,0.0002033844793913886,52.53503100098315,0.9963916648771495,0.002626422792673111,-5.5979130438255424,-0.0020092249923105987,-0.0024230383132817224
sample_116,116,low resolution,very high,xrestormer_motion_deblurring,XRestormer运动去模糊,True,58.132944044808696,0.9984008898694601,0.0002033844793913886,54.250315219234786,0.9969969126871264,0.002360408427193761,-3.88262882557391,-0.0014039771823336489,-0.0021570239478023723
sample_116,116,low resolution,very high,xrestormer_deraining,XRestormer去雨,True,58.132944044808696,0.9984008898694601,0.0002033844793913886,24.723411073266522,0.9858769969574132,0.04019217938184738,-33.40953297154218,-0.012523892912046919,-0.03998879490245599
sample_116,116,low resolution,very high,mprnet_denoising,MPRNet去噪,True,58.132944044808696,0.9984008898694601,0.0002033844793913886,51.538115323194575,0.9945699093222693,0.010107556357979774,-6.594828721614121,-0.0038309805471907765,-0.009904171878588386
sample_116,116,low resolution,very high,mprnet_motion_deblurring,MPRNet运动去模糊,True,58.132944044808696,0.9984008898694601,0.0002033844793913886,54.68029668931794,0.9976926150060996,0.0006499445880763233,-3.452647355490754,-0.0007082748633604474,-0.0004465601086849347
sample_116,116,low resolution,very high,mprnet_deraining,MPRNet去雨,True,58.132944044808696,0.9984008898694601,0.0002033844793913886,46.95636763233084,0.9955158431827206,0.003653761465102434,-11.176576412477857,-0.002885046686739501,-0.0034503769857110456
sample_116,116,low resolution,very high,fbcnn_jpeg_artifact_removal,FBCNN JPEG伪影去除,True,58.132944044808696,0.9984008898694601,0.0002033844793913886,52.97288728748978,0.9952706158906498,0.008919650688767433,-5.1600567573189124,-0.003130273978810272,-0.008716266209376045
sample_116,116,low resolution,very high,drbnet_defocus_deblurring,DRBNet散焦去模糊,True,58.132944044808696,0.9984008898694601,0.0002033844793913886,43.80774474359248,0.9815460061413285,0.023492984473705292,-14.325199301216216,-0.016854883728131598,-0.023289599994313903
sample_116,116,low resolution,very high,dehazeformer_dehaze,DehazeFormer去雾,True,58.132944044808696,0.9984008898694601,0.0002033844793913886,5.656388559875803,0.5829226596306898,0.537090539932251,-52.476555484932895,-0.4154782302387703,-0.5368871554528596
sample_110,110,dark,medium,swinir_denoising,SwinIR去噪,True,20.072803384314764,0.8877444689853423,0.05101680010557175,19.376582663982656,0.7078205471567637,0.28219911456108093,-0.6962207203321071,-0.17992392182857864,-0.23118231445550919
sample_110,110,dark,medium,swinir_jpeg_artifact_removal,SwinIR JPEG伪影去除,True,20.072803384314764,0.8877444689853423,0.05101680010557175,19.24718591469401,0.7312460500314213,0.16600006818771362,-0.8256174696207523,-0.15649841895392103,-0.11498326808214188
sample_110,110,dark,medium,swinir_super_resolution,SwinIR超分辨率,True,20.072803384314764,0.8877444689853423,0.05101680010557175,17.993712141039566,0.687303776623057,0.4444519579410553,-2.0790912432751973,-0.20044069236228534,-0.39343515783548355
sample_110,110,dark,medium,restormer_motion_deblurring,Restormer运动去模糊,True,20.072803384314764,0.8877444689853423,0.05101680010557175,20.174777471796578,0.8914010897490715,0.04852470010519028,0.10197408748181402,0.0036566207637291903,0.0024921000003814697
sample_110,110,dark,medium,restormer_defocus_deblurring,Restormer散焦去模糊,True,20.072803384314764,0.8877444689853423,0.05101680010557175,19.91722471872691,0.6735655992388333,0.35775884985923767,-0.1555786655878535,-0.21417886974650902,-0.3067420497536659
sample_110,110,dark,medium,restormer_deraining,Restormer去雨,True,20.072803384314764,0.8877444689853423,0.05101680010557175,19.80278784785839,0.8789437294786752,0.05538797378540039,-0.27001553645637344,-0.008800739506667155,-0.004371173679828644
sample_110,110,dark,medium,xrestormer_motion_deblurring,XRestormer运动去模糊,True,20.072803384314764,0.8877444689853423,0.05101680010557175,14.320576343920344,0.4553187403192081,0.3970149755477905,-5.75222704039442,-0.4324257286661342,-0.3459981754422188
sample_110,110,dark,medium,xrestormer_deraining,XRestormer去雨,True,20.072803384314764,0.8877444689853423,0.05101680010557175,18.926894721900506,0.8453502678327327,0.06876979768276215,-1.1459086624142572,-0.04239420115260961,-0.0177529975771904
sample_110,110,dark,medium,mprnet_denoising,MPRNet去噪,True,20.072803384314764,0.8877444689853423,0.05101680010557175,20.183174993212933,0.7979531067890221,0.19354479014873505,0.11037160889816988,-0.08979136219632022,-0.1425279900431633
sample_110,110,dark,medium,mprnet_motion_deblurring,MPRNet运动去模糊,True,20.072803384314764,0.8877444689853423,0.05101680010557175,20.105337937712022,0.8872273676662105,0.05471055954694748,0.03253455339725875,-0.0005171013191318519,-0.0036937594413757324
sample_110,110,dark,medium,mprnet_deraining,MPRNet去雨,True,20.072803384314764,0.8877444689853423,0.05101680010557175,18.343009415732205,0.8174047125440146,0.0815574899315834,-1.729793968582559,-0.07033975644132773,-0.030540689826011658
sample_110,110,dark,medium,fbcnn_jpeg_artifact_removal,FBCNN JPEG伪影去除,True,20.072803384314764,0.8877444689853423,0.05101680010557175,19.981782389065334,0.8593636286696085,0.05224558338522911,-0.09102099524942986,-0.028380840315733846,-0.001228783279657364
sample_110,110,dark,medium,drbnet_defocus_deblurring,DRBNet散焦去模糊,True,20.072803384314764,0.8877444689853423,0.05101680010557175,20.620676105673095,0.8865436413133354,0.06376327574253082,0.5478727213583312,-0.00120082767200691,-0.012746475636959076
sample_110,110,dark,medium,dehazeformer_dehaze,DehazeFormer去雾,True,20.072803384314764,0.8877444689853423,0.05101680010557175,18.04988612584827,0.8113472460569726,0.06197817251086235,-2.0229172584664923,-0.0763972229283697,-0.010961372405290604
sample_98,98,noise,high,swinir_denoising,SwinIR去噪,True,19.945137748095988,0.5758151932302878,0.3325362503528595,27.554639284173557,0.8628731624055752,0.10396188497543335,7.60950153607757,0.28705796917528736,0.22857436537742615
sample_98,98,noise,high,swinir_jpeg_artifact_removal,SwinIR JPEG伪影去除,True,19.945137748095988,0.5758151932302878,0.3325362503528595,21.134219932211916,0.6855170449741476,0.19860070943832397,1.1890821841159287,0.10970185174385971,0.13393554091453552
sample_98,98,noise,high,swinir_super_resolution,SwinIR超分辨率,True,19.945137748095988,0.5758151932302878,0.3325362503528595,21.891812269419407,0.6970245364286196,0.30191272497177124,1.9466745213234198,0.12120934319833176,0.030623525381088257
sample_98,98,noise,high,restormer_motion_deblurring,Restormer运动去模糊,True,19.945137748095988,0.5758151932302878,0.3325362503528595,19.403500608297048,0.5764263015890448,0.3646948039531708,-0.5416371397989401,0.0006111083587569954,-0.03215855360031128
sample_98,98,noise,high,restormer_defocus_deblurring,Restormer散焦去模糊,True,19.945137748095988,0.5758151932302878,0.3325362503528595,21.400731249130104,0.6389522683646086,0.31788256764411926,1.4555935010341159,0.06313707513432076,0.014653682708740234
sample_98,98,noise,high,restormer_deraining,Restormer去雨,True,19.945137748095988,0.5758151932302878,0.3325362503528595,19.1820876302778,0.5752847564114457,0.5058165192604065,-0.7630501178181888,-0.0005304368188421282,-0.173280268907547
sample_98,98,noise,high,xrestormer_motion_deblurring,XRestormer运动去模糊,True,19.945137748095988,0.5758151932302878,0.3325362503528595,13.73801949218332,0.35031117105971304,0.5062332153320312,-6.207118255912668,-0.2255040221705748,-0.17369696497917175
sample_98,98,noise,high,xrestormer_deraining,XRestormer去雨,True,19.945137748095988,0.5758151932302878,0.3325362503528595,20.24305120353182,0.6383857861940956,0.380001962184906,0.2979134554358325,0.06257059296380774,-0.04746571183204651
sample_98,98,noise,high,mprnet_denoising,MPRNet去噪,True,19.945137748095988,0.5758151932302878,0.3325362503528595,21.39456637986735,0.6477669294845779,0.4077824354171753,1.4494286317713616,0.07195173625429008,-0.0752461850643158
sample_98,98,noise,high,mprnet_motion_deblurring,MPRNet运动去模糊,True,19.945137748095988,0.5758151932302878,0.3325362503528595,4.114109515949678,0.017890302979468448,0.7336835861206055,-15.83102823214631,-0.5579248902508194,-0.40114733576774597
sample_98,98,noise,high,mprnet_deraining,MPRNet去雨,True,19.945137748095988,0.5758151932302878,0.3325362503528595,22.510190913167225,0.6763061531810014,0.30099496245384216,2.5650531650712374,0.10049095995071355,0.031541287899017334
sample_98,98,noise,high,fbcnn_jpeg_artifact_removal,FBCNN JPEG伪影去除,True,19.945137748095988,0.5758151932302878,0.3325362503528595,22.403387231844093,0.6865908309416411,0.38423222303390503,2.458249483748105,0.11077563771135324,-0.05169597268104553
sample_98,98,noise,high,drbnet_defocus_deblurring,DRBNet散焦去模糊,True,19.945137748095988,0.5758151932302878,0.3325362503528595,22.799217732176665,0.6817504275338887,0.31569164991378784,2.854079984080677,0.10593523430360086,0.016844600439071655
sample_98,98,noise,high,dehazeformer_dehaze,DehazeFormer去雾,True,19.945137748095988,0.5758151932302878,0.3325362503528595,17.924981018253128,0.5778989280282937,0.3585231304168701,-2.02015672984286,0.002083734798005832,-0.02598688006401062
sample_100,100,motion blur,high,swinir_denoising,SwinIR去噪,True,30.183024094864717,0.8500584656767711,0.2644738554954529,29.900739917285605,0.8196121110635451,0.3921661972999573,-0.2822841775791112,-0.03044635461322598,-0.1276923418045044
sample_100,100,motion blur,high,swinir_jpeg_artifact_removal,SwinIR JPEG伪影去除,True,30.183024094864717,0.8500584656767711,0.2644738554954529,29.79633496015982,0.8223594708228176,0.35365238785743713,-0.38668913470489485,-0.02769899485395355,-0.08917853236198425
sample_100,100,motion blur,high,swinir_super_resolution,SwinIR超分辨率,True,30.183024094864717,0.8500584656767711,0.2644738554954529,29.15405251023618,0.8454516793273162,0.29030922055244446,-1.028971584628536,-0.004606786349454883,-0.025835365056991577
sample_100,100,motion blur,high,restormer_motion_deblurring,Restormer运动去模糊,True,30.183024094864717,0.8500584656767711,0.2644738554954529,29.718507894319007,0.8169330429907068,0.2544857859611511,-0.4645162005457095,-0.03312542268606433,0.009988069534301758
sample_100,100,motion blur,high,restormer_defocus_deblurring,Restormer散焦去模糊,True,30.183024094864717,0.8500584656767711,0.2644738554954529,27.993612309866162,0.8285247234359575,0.2673392593860626,-2.189411784998555,-0.021533742240813614,-0.002865403890609741
sample_100,100,motion blur,high,restormer_deraining,Restormer去雨,True,30.183024094864717,0.8500584656767711,0.2644738554954529,30.104546627154246,0.8395709119757848,0.3085511326789856,-0.0784774677104707,-0.010487553700986307,-0.044077277183532715
sample_100,100,motion blur,high,xrestormer_motion_deblurring,XRestormer运动去模糊,True,30.183024094864717,0.8500584656767711,0.2644738554954529,28.688295754699908,0.7770443028119899,0.39959850907325745,-1.4947283401648086,-0.07301416286478124,-0.13512465357780457
sample_100,100,motion blur,high,xrestormer_deraining,XRestormer去雨,True,30.183024094864717,0.8500584656767711,0.2644738554954529,21.433470575218653,0.8076428651267683,0.3350110948085785,-8.749553519646064,-0.04241560055000282,-0.07053723931312561
sample_100,100,motion blur,high,mprnet_denoising,MPRNet去噪,True,30.183024094864717,0.8500584656767711,0.2644738554954529,30.07247441404934,0.8350790296900982,0.33092522621154785,-0.11054968081537808,-0.014979435986672951,-0.06645137071609497
sample_100,100,motion blur,high,mprnet_motion_deblurring,MPRNet运动去模糊,True,30.183024094864717,0.8500584656767711,0.2644738554954529,29.201364956469483,0.8053734469271552,0.265451580286026,-0.9816591383952336,-0.044685018749615946,-0.0009777247905731201
sample_100,100,motion blur,high,mprnet_deraining,MPRNet去雨,True,30.183024094864717,0.8500584656767711,0.2644738554954529,29.936718635374557,0.8346007997772517,0.3212910294532776,-0.24630545949015925,-0.015457665899519468,-0.05681717395782471
sample_100,100,motion blur,high,fbcnn_jpeg_artifact_removal,FBCNN JPEG伪影去除,True,30.183024094864717,0.8500584656767711,0.2644738554954529,30.038077356137162,0.8392104348963297,0.2827318012714386,-0.1449467387275547,-0.010848030780441387,-0.018257945775985718
sample_100,100,motion blur,high,drbnet_defocus_deblurring,DRBNet散焦去模糊,True,30.183024094864717,0.8500584656767711,0.2644738554954529,28.345703859178858,0.8118270401979157,0.30175304412841797,-1.8373202356858584,-0.038231425478855385,-0.03727918863296509
sample_100,100,motion blur,high,dehazeformer_dehaze,DehazeFormer去雾,True,30.183024094864717,0.8500584656767711,0.2644738554954529,17.653034094613254,0.7666896089065887,0.3088136315345764,-12.529990000251463,-0.08336885677018246,-0.044339776039123535
sample_103,103,haze,very high,swinir_denoising,SwinIR去噪,True,100.0,1.0,0.0,37.520434521351284,0.890876619461515,0.2143588662147522,-62.479565478648716,-0.10912338053848503,-0.2143588662147522
sample_103,103,haze,very high,swinir_jpeg_artifact_removal,SwinIR JPEG伪影去除,True,100.0,1.0,0.0,40.832625724837435,0.9545708458947216,0.04142388701438904,-59.167374275162565,-0.04542915410527837,-0.04142388701438904
sample_103,103,haze,very high,swinir_super_resolution,SwinIR超分辨率,True,100.0,1.0,0.0,32.41190440986667,0.8497107469578057,0.1972372680902481,-67.58809559013332,-0.15028925304219432,-0.1972372680902481
sample_103,103,haze,very high,restormer_motion_deblurring,Restormer运动去模糊,True,100.0,1.0,0.0,47.983854346436914,0.9962618979378067,0.008593330159783363,-52.016145653563086,-0.0037381020621932715,-0.008593330159783363
sample_103,103,haze,very high,restormer_defocus_deblurring,Restormer散焦去模糊,True,100.0,1.0,0.0,40.39719503036587,0.9775756600274225,0.027842335402965546,-59.60280496963413,-0.022424339972577534,-0.027842335402965546
sample_103,103,haze,very high,restormer_deraining,Restormer去雨,True,100.0,1.0,0.0,36.85892384709909,0.9531475262369885,0.10606080293655396,-63.14107615290091,-0.04685247376301149,-0.10606080293655396
sample_103,103,haze,very high,xrestormer_motion_deblurring,XRestormer运动去模糊,True,100.0,1.0,0.0,27.7192826032223,0.7558580867616985,0.19026736915111542,-72.2807173967777,-0.24414191323830148,-0.19026736915111542
sample_103,103,haze,very high,xrestormer_deraining,XRestormer去雨,True,100.0,1.0,0.0,30.22144643425964,0.8972922224343495,0.21325534582138062,-69.77855356574037,-0.10270777756565053,-0.21325534582138062
sample_103,103,haze,very high,mprnet_denoising,MPRNet去噪,True,100.0,1.0,0.0,44.156606106952935,0.9780354321531458,0.03247559070587158,-55.843393893047065,-0.02196456784685419,-0.03247559070587158
sample_103,103,haze,very high,mprnet_motion_deblurring,MPRNet运动去模糊,True,100.0,1.0,0.0,44.64990047271675,0.9904518411281109,0.009667854756116867,-55.35009952728325,-0.00954815887188909,-0.009667854756116867
sample_103,103,haze,very high,mprnet_deraining,MPRNet去雨,True,100.0,1.0,0.0,36.76686914558306,0.9423432936935874,0.14578573405742645,-63.23313085441694,-0.05765670630641262,-0.14578573405742645
sample_103,103,haze,very high,fbcnn_jpeg_artifact_removal,FBCNN JPEG伪影去除,True,100.0,1.0,0.0,51.6722570455049,0.9957134200877659,0.0028895612340420485,-48.3277429544951,-0.004286579912234134,-0.0028895612340420485
sample_103,103,haze,very high,drbnet_defocus_deblurring,DRBNet散焦去模糊,True,100.0,1.0,0.0,42.6205720863171,0.9845447339832156,0.028375746682286263,-57.3794279136829,-0.015455266016784375,-0.028375746682286263
sample_103,103,haze,very high,dehazeformer_dehaze,DehazeFormer去雾,True,100.0,1.0,0.0,10.087372341128235,0.5862927720074264,0.3137037754058838,-89.91262765887177,-0.41370722799257365,-0.3137037754058838
sample_114,114,jpeg compression artifact,medium,swinir_denoising,SwinIR去噪,True,32.25555846919654,0.9467063482216685,0.05996314063668251,34.23881526536906,0.9590845026367111,0.04178663343191147,1.983256796172526,0.01237815441504253,0.018176507204771042
sample_114,114,jpeg compression artifact,medium,swinir_jpeg_artifact_removal,SwinIR JPEG伪影去除,True,32.25555846919654,0.9467063482216685,0.05996314063668251,36.517361059584786,0.9754321936140435,0.02598637342453003,4.26180259038825,0.028725845392374993,0.03397676721215248
sample_114,114,jpeg compression artifact,medium,swinir_super_resolution,SwinIR超分辨率,True,32.25555846919654,0.9467063482216685,0.05996314063668251,33.11848260459336,0.952200804813395,0.046988412737846375,0.862924135396824,0.0054944565917264265,0.012974727898836136
sample_114,114,jpeg compression artifact,medium,restormer_motion_deblurring,Restormer运动去模糊,True,32.25555846919654,0.9467063482216685,0.05996314063668251,32.129571583559915,0.9458400926683574,0.06016436964273453,-0.12598688563662108,-0.0008662555533111016,-0.0002012290060520172
sample_114,114,jpeg compression artifact,medium,restormer_defocus_deblurring,Restormer散焦去模糊,True,32.25555846919654,0.9467063482216685,0.05996314063668251,30.3484248660179,0.9451591533535258,0.048353418707847595,-1.907133603178636,-0.0015471948681426984,0.011609721928834915
sample_114,114,jpeg compression artifact,medium,restormer_deraining,Restormer去雨,True,32.25555846919654,0.9467063482216685,0.05996314063668251,32.585723692922336,0.950671101355737,0.0488298125565052,0.3301652237257997,0.003964753134068411,0.011133328080177307
sample_114,114,jpeg compression artifact,medium,xrestormer_motion_deblurring,XRestormer运动去模糊,True,32.25555846919654,0.9467063482216685,0.05996314063668251,21.782573750653658,0.8236320836072512,0.2584546208381653,-10.472984718542879,-0.1230742646144174,-0.19849148020148277
sample_114,114,jpeg compression artifact,medium,xrestormer_deraining,XRestormer去雨,True,32.25555846919654,0.9467063482216685,0.05996314063668251,26.69684122148333,0.9430290344838784,0.057039789855480194,-5.558717247713208,-0.003677313737790122,0.0029233507812023163
sample_114,114,jpeg compression artifact,medium,mprnet_denoising,MPRNet去噪,True,32.25555846919654,0.9467063482216685,0.05996314063668251,31.979080928661507,0.9496677108027135,0.05716875195503235,-0.27647754053502993,0.0029613625810449573,0.0027943886816501617
sample_114,114,jpeg compression artifact,medium,mprnet_motion_deblurring,MPRNet运动去模糊,True,32.25555846919654,0.9467063482216685,0.05996314063668251,31.73916949723749,0.9432186730106716,0.06056394800543785,-0.5163889719590458,-0.00348767521099691,-0.0006008073687553406
sample_114,114,jpeg compression artifact,medium,mprnet_deraining,MPRNet去雨,True,32.25555846919654,0.9467063482216685,0.05996314063668251,32.83085744596698,0.9558377717516064,0.040327537804841995,0.5752989767704406,0.009131423529937899,0.019635602831840515
sample_114,114,jpeg compression artifact,medium,fbcnn_jpeg_artifact_removal,FBCNN JPEG伪影去除,True,32.25555846919654,0.9467063482216685,0.05996314063668251,35.72038630721632,0.97190659128958,0.027362246066331863,3.4648278380197866,0.025200243067911465,0.03260089457035065
sample_114,114,jpeg compression artifact,medium,drbnet_defocus_deblurring,DRBNet散焦去模糊,True,32.25555846919654,0.9467063482216685,0.05996314063668251,31.750659258685797,0.9404786021084145,0.07249957323074341,-0.5048992105107395,-0.006227746113254051,-0.012536432594060898
sample_114,114,jpeg compression artifact,medium,dehazeformer_dehaze,DehazeFormer去雾,True,32.25555846919654,0.9467063482216685,0.05996314063668251,28.52441383830717,0.9423354385657253,0.07705341279506683,-3.731144630889368,-0.0043709096559432226,-0.017090272158384323
sample_106,106,noise,very high,swinir_denoising,SwinIR去噪,True,17.127142727743184,0.11356320490371676,0.9507641196250916,23.408107159291216,0.2962307159189046,0.6008419394493103,6.280964431548032,0.18266751101518786,0.34992218017578125
sample_106,106,noise,very high,swinir_jpeg_artifact_removal,SwinIR JPEG伪影去除,True,17.127142727743184,0.11356320490371676,0.9507641196250916,16.480426453820865,0.18683440955627506,0.7892223000526428,-0.6467162739223191,0.0732712046525583,0.16154181957244873
sample_106,106,noise,very high,swinir_super_resolution,SwinIR超分辨率,True,17.127142727743184,0.11356320490371676,0.9507641196250916,20.718666455719628,0.5593119062512875,0.6812284588813782,3.591523727976444,0.4457487013475707,0.2695356607437134
sample_106,106,noise,very high,restormer_motion_deblurring,Restormer运动去模糊,True,17.127142727743184,0.11356320490371676,0.9507641196250916,17.029822417407797,0.11968147704817604,0.9813017845153809,-0.09732031033538746,0.006118272144459286,-0.030537664890289307
sample_106,106,noise,very high,restormer_defocus_deblurring,Restormer散焦去模糊,True,17.127142727743184,0.11356320490371676,0.9507641196250916,19.50688514480114,0.17378561968856135,0.8720924258232117,2.3797424170579546,0.060222414784844594,0.07867169380187988
sample_106,106,noise,very high,restormer_deraining,Restormer去雨,True,17.127142727743184,0.11356320490371676,0.9507641196250916,16.288768193454224,0.12134440799744656,1.064091682434082,-0.8383745342889597,0.007781203093729802,-0.11332756280899048
sample_106,106,noise,very high,xrestormer_motion_deblurring,XRestormer运动去模糊,True,17.127142727743184,0.11356320490371676,0.9507641196250916,12.762082004539309,0.06482735623049234,0.8149309158325195,-4.365060723203875,-0.04873584867322442,0.13583320379257202
sample_106,106,noise,very high,xrestormer_deraining,XRestormer去雨,True,17.127142727743184,0.11356320490371676,0.9507641196250916,19.48797948815407,0.17063409774800242,0.9643058776855469,2.360836760410887,0.05707089284428567,-0.013541758060455322
sample_106,106,noise,very high,mprnet_denoising,MPRNet去噪,True,17.127142727743184,0.11356320490371676,0.9507641196250916,29.906623156972994,0.8658229366495088,0.35648468136787415,12.77948042922981,0.7522597317457921,0.5942794382572174
sample_106,106,noise,very high,mprnet_motion_deblurring,MPRNet运动去模糊,True,17.127142727743184,0.11356320490371676,0.9507641196250916,6.643849802558146,0.004885043845174342,1.0390032529830933,-10.483292925185038,-0.10867816105854242,-0.08823913335800171
sample_106,106,noise,very high,mprnet_deraining,MPRNet去雨,True,17.127142727743184,0.11356320490371676,0.9507641196250916,18.41565045201278,0.14245141759523897,0.9513547420501709,1.2885077242695964,0.02888821269152221,-0.0005906224250793457
sample_106,106,noise,very high,fbcnn_jpeg_artifact_removal,FBCNN JPEG伪影去除,True,17.127142727743184,0.11356320490371676,0.9507641196250916,19.62497256737313,0.1720959376254212,0.9840755462646484,2.497829839629947,0.058532732721704436,-0.033311426639556885
sample_106,106,noise,very high,drbnet_defocus_deblurring,DRBNet散焦去模糊,True,17.127142727743184,0.11356320490371676,0.9507641196250916,21.80265596120271,0.23021214267441856,0.8181810975074768,4.675513233459526,0.1166489377707018,0.13258302211761475
sample_106,106,noise,very high,dehazeformer_dehaze,DehazeFormer去雾,True,17.127142727743184,0.11356320490371676,0.9507641196250916,11.710813735040357,0.09344635475137042,1.0854796171188354,-5.416328992702827,-0.020116850152346336,-0.1347154974937439
sample_104,104,motion blur,medium,swinir_denoising,SwinIR去噪,True,23.4012577911332,0.7664793101950269,0.2273675501346588,23.000528713392075,0.7008904156836491,0.34712207317352295,-0.40072907774112565,-0.06558889451137784,-0.11975452303886414
sample_104,104,motion blur,medium,swinir_jpeg_artifact_removal,SwinIR JPEG伪影去除,True,23.4012577911332,0.7664793101950269,0.2273675501346588,23.10672407028906,0.7276052715946116,0.2977568507194519,-0.2945337208441394,-0.03887403860041527,-0.07038930058479309
sample_104,104,motion blur,medium,swinir_super_resolution,SwinIR超分辨率,True,23.4012577911332,0.7664793101950269,0.2273675501346588,23.110241968664003,0.7445794852320823,0.23172001540660858,-0.2910158224691983,-0.021899824962944625,-0.004352465271949768
sample_104,104,motion blur,medium,restormer_motion_deblurring,Restormer运动去模糊,True,23.4012577911332,0.7664793101950269,0.2273675501346588,22.99461896127668,0.7452978028350318,0.09841392934322357,-0.4066388298565222,-0.021181507359995133,0.12895362079143524
sample_104,104,motion blur,medium,restormer_defocus_deblurring,Restormer散焦去模糊,True,23.4012577911332,0.7664793101950269,0.2273675501346588,22.461495051765482,0.7699919749633306,0.20707571506500244,-0.939762739367719,0.003512664768303697,0.020291835069656372
sample_104,104,motion blur,medium,restormer_deraining,Restormer去雨,True,23.4012577911332,0.7664793101950269,0.2273675501346588,23.32768629575082,0.7568556995940082,0.2386794537305832,-0.07357149538238161,-0.009623610601018684,-0.011311903595924377
sample_104,104,motion blur,medium,xrestormer_motion_deblurring,XRestormer运动去模糊,True,23.4012577911332,0.7664793101950269,0.2273675501346588,19.354643564452925,0.6200900325084908,0.2897849977016449,-4.046614226680276,-0.1463892776865361,-0.062417447566986084
sample_104,104,motion blur,medium,xrestormer_deraining,XRestormer去雨,True,23.4012577911332,0.7664793101950269,0.2273675501346588,23.16639247559816,0.7437838765164021,0.2574732303619385,-0.23486531553504264,-0.02269543367862481,-0.030105680227279663
sample_104,104,motion blur,medium,mprnet_denoising,MPRNet去噪,True,23.4012577911332,0.7664793101950269,0.2273675501346588,23.15963599099062,0.7379328410402489,0.2952498495578766,-0.24162180014258183,-0.028546469154777987,-0.06788229942321777
sample_104,104,motion blur,medium,mprnet_motion_deblurring,MPRNet运动去模糊,True,23.4012577911332,0.7664793101950269,0.2273675501346588,23.082981369154357,0.7532294657095164,0.0892135426402092,-0.31827642197884387,-0.013249844485510476,0.13815400749444962
sample_104,104,motion blur,medium,mprnet_deraining,MPRNet去雨,True,23.4012577911332,0.7664793101950269,0.2273675501346588,23.119963262635093,0.7368417075929009,0.26401594281196594,-0.2812945284981083,-0.029637602602126,-0.03664839267730713
sample_104,104,motion blur,medium,fbcnn_jpeg_artifact_removal,FBCNN JPEG伪影去除,True,23.4012577911332,0.7664793101950269,0.2273675501346588,23.366445798299345,0.7605535133161769,0.23148781061172485,-0.0348119928338555,-0.005925796878849976,-0.00412026047706604
sample_104,104,motion blur,medium,drbnet_defocus_deblurring,DRBNet散焦去模糊,True,23.4012577911332,0.7664793101950269,0.2273675501346588,23.368834817936786,0.7656856957133917,0.22176969051361084,-0.03242297319641452,-0.0007936144816351742,0.005597859621047974
sample_104,104,motion blur,medium,dehazeformer_dehaze,DehazeFormer去雾,True,23.4012577911332,0.7664793101950269,0.2273675501346588,17.852890917546667,0.6796779366910627,0.25746506452560425,-5.548366873586534,-0.08680137350396422,-0.030097514390945435
sample_117,117,defocus blur,very high,swinir_denoising,SwinIR去噪,True,30.066031826225654,0.7263797570692422,0.5296554565429688,29.630409056156303,0.713633642090688,0.5906054377555847,-0.4356227700693509,-0.012746114978554157,-0.06094998121261597
sample_117,117,defocus blur,very high,swinir_jpeg_artifact_removal,SwinIR JPEG伪影去除,True,30.066031826225654,0.7263797570692422,0.5296554565429688,29.927619159062317,0.7235381902196906,0.5737342238426208,-0.13841266716333678,-0.0028415668495516133,-0.0440787672996521
sample_117,117,defocus blur,very high,swinir_super_resolution,SwinIR超分辨率,True,30.066031826225654,0.7263797570692422,0.5296554565429688,28.968981006893806,0.7294278020086834,0.4884241819381714,-1.097050819331848,0.003048044939441219,0.04123127460479736
sample_117,117,defocus blur,very high,restormer_motion_deblurring,Restormer运动去模糊,True,30.066031826225654,0.7263797570692422,0.5296554565429688,31.64814983993793,0.7838229054190099,0.4559384882450104,1.5821180137122752,0.057443148349767714,0.07371696829795837
sample_117,117,defocus blur,very high,restormer_defocus_deblurring,Restormer散焦去模糊,True,30.066031826225654,0.7263797570692422,0.5296554565429688,31.84889426432396,0.8288656785740706,0.2934131920337677,1.7828624380983058,0.10248592150482838,0.23624226450920105
sample_117,117,defocus blur,very high,restormer_deraining,Restormer去雨,True,30.066031826225654,0.7263797570692422,0.5296554565429688,30.004244917923636,0.7248195562494392,0.5248114466667175,-0.06178690830201816,-0.0015602008198030148,0.004844009876251221
sample_117,117,defocus blur,very high,xrestormer_motion_deblurring,XRestormer运动去模糊,True,30.066031826225654,0.7263797570692422,0.5296554565429688,30.085133623138077,0.7233672544334794,0.45560017228126526,0.019101796912423197,-0.0030125026357628037,0.07405528426170349
sample_117,117,defocus blur,very high,xrestormer_deraining,XRestormer去雨,True,30.066031826225654,0.7263797570692422,0.5296554565429688,16.526329060371545,0.6268679381757423,0.598127543926239,-13.53970276585411,-0.09951181889349991,-0.06847208738327026
sample_117,117,defocus blur,very high,mprnet_denoising,MPRNet去噪,True,30.066031826225654,0.7263797570692422,0.5296554565429688,29.992887801846003,0.7262246280639116,0.5540469288825989,-0.07314402437965128,-0.0001551290053305454,-0.024391472339630127
sample_117,117,defocus blur,very high,mprnet_motion_deblurring,MPRNet运动去模糊,True,30.066031826225654,0.7263797570692422,0.5296554565429688,31.306185972190136,0.7714994332290549,0.4728689193725586,1.2401541459644818,0.045119676159812716,0.056786537170410156
sample_117,117,defocus blur,very high,mprnet_deraining,MPRNet去雨,True,30.066031826225654,0.7263797570692422,0.5296554565429688,30.08244683892169,0.727862219528351,0.5438315272331238,0.016415012696036513,0.0014824624591087687,-0.01417607069015503
sample_117,117,defocus blur,very high,fbcnn_jpeg_artifact_removal,FBCNN JPEG伪影去除,True,30.066031826225654,0.7263797570692422,0.5296554565429688,30.069409154684976,0.7269552666460671,0.5349606871604919,0.0033773284593223707,0.0005755095768249507,-0.005305230617523193
sample_117,117,defocus blur,very high,drbnet_defocus_deblurring,DRBNet散焦去模糊,True,30.066031826225654,0.7263797570692422,0.5296554565429688,32.72757838993242,0.8412122212623494,0.24633578956127167,2.6615465637067643,0.11483246419310722,0.2833196669816971
sample_117,117,defocus blur,very high,dehazeformer_dehaze,DehazeFormer去雾,True,30.066031826225654,0.7263797570692422,0.5296554565429688,25.154962266248354,0.7162816316229236,0.5200048685073853,-4.9110695599772995,-0.010098125446318607,0.009650588035583496
sample_111,111,dark,high,swinir_denoising,SwinIR去噪,True,16.00864348852449,0.7087199647385516,0.13660022616386414,15.904148151685503,0.6182481238816807,0.33336859941482544,-0.1044953368389887,-0.09047184085687088,-0.1967683732509613
sample_111,111,dark,high,swinir_jpeg_artifact_removal,SwinIR JPEG伪影去除,True,16.00864348852449,0.7087199647385516,0.13660022616386414,15.890002817373636,0.6424105855134599,0.2420201599597931,-0.11864067115085497,-0.06630937922509172,-0.10541993379592896
sample_111,111,dark,high,swinir_super_resolution,SwinIR超分辨率,True,16.00864348852449,0.7087199647385516,0.13660022616386414,15.120244217475179,0.5787298128777226,0.35993069410324097,-0.8883992710493125,-0.12999015186082896,-0.22333046793937683
sample_111,111,dark,high,restormer_motion_deblurring,Restormer运动去模糊,True,16.00864348852449,0.7087199647385516,0.13660022616386414,16.000809014049384,0.7043025880526521,0.1517094522714615,-0.0078344744751071,-0.004417376685899477,-0.015109226107597351
sample_111,111,dark,high,restormer_defocus_deblurring,Restormer散焦去模糊,True,16.00864348852449,0.7087199647385516,0.13660022616386414,16.912159419334106,0.6566061870554165,0.3692368268966675,0.9035159308096148,-0.052113777683135076,-0.23263660073280334
sample_111,111,dark,high,restormer_deraining,Restormer去雨,True,16.00864348852449,0.7087199647385516,0.13660022616386414,16.12563191693546,0.7080163716647886,0.15277019143104553,0.1169884284109699,-0.0007035930737629981,-0.016169965267181396
sample_111,111,dark,high,xrestormer_motion_deblurring,XRestormer运动去模糊,True,16.00864348852449,0.7087199647385516,0.13660022616386414,13.901647359376522,0.3757607744398603,0.5014100074768066,-2.1069961291479693,-0.3329591902986913,-0.3648097813129425
sample_111,111,dark,high,xrestormer_deraining,XRestormer去雨,True,16.00864348852449,0.7087199647385516,0.13660022616386414,15.923274376380032,0.7003641977821277,0.1525317281484604,-0.08536911214445908,-0.008355766956423927,-0.015931501984596252
sample_111,111,dark,high,mprnet_denoising,MPRNet去噪,True,16.00864348852449,0.7087199647385516,0.13660022616386414,16.061647287824673,0.6762604434311476,0.18420544266700745,0.05300379930018195,-0.03245952130740404,-0.04760521650314331
sample_111,111,dark,high,mprnet_motion_deblurring,MPRNet运动去模糊,True,16.00864348852449,0.7087199647385516,0.13660022616386414,16.02190173101305,0.700834632388486,0.17382027208805084,0.01325824248855767,-0.00788533235006561,-0.03722004592418671
sample_111,111,dark,high,mprnet_deraining,MPRNet去雨,True,16.00864348852449,0.7087199647385516,0.13660022616386414,16.43656897495424,0.6943135298452311,0.19373571872711182,0.4279254864297499,-0.014406434893320497,-0.05713549256324768
sample_111,111,dark,high,fbcnn_jpeg_artifact_removal,FBCNN JPEG伪影去除,True,16.00864348852449,0.7087199647385516,0.13660022616386414,15.996487615271008,0.6972305168987737,0.13563880324363708,-0.012155873253483662,-0.0114894478397779,0.0009614229202270508
sample_111,111,dark,high,drbnet_defocus_deblurring,DRBNet散焦去模糊,True,16.00864348852449,0.7087199647385516,0.13660022616386414,16.51639490952921,0.6860159757531089,0.35301151871681213,0.5077514210047198,-0.02270398898544268,-0.216411292552948
sample_111,111,dark,high,dehazeformer_dehaze,DehazeFormer去雾,True,16.00864348852449,0.7087199647385516,0.13660022616386414,15.137336820065402,0.6527011654375308,0.1421428918838501,-0.8713066684590896,-0.05601879930102083,-0.005542665719985962
sample_121,121,noise,medium,swinir_denoising,SwinIR去噪,True,27.546387463755494,0.5690526983697604,0.30214279890060425,32.86621123464726,0.8444401457935214,0.3142384886741638,5.319823770891766,0.2753874474237611,-0.01209568977355957
sample_121,121,noise,medium,swinir_jpeg_artifact_removal,SwinIR JPEG伪影去除,True,27.546387463755494,0.5690526983697604,0.30214279890060425,31.036439306719984,0.7587281259161416,0.1203378289937973,3.4900518429644904,0.18967542754638123,0.18180496990680695
sample_121,121,noise,medium,swinir_super_resolution,SwinIR超分辨率,True,27.546387463755494,0.5690526983697604,0.30214279890060425,33.3636745988914,0.8602590157313502,0.23388627171516418,5.817287135135906,0.29120631736158986,0.06825652718544006
sample_121,121,noise,medium,restormer_motion_deblurring,Restormer运动去模糊,True,27.546387463755494,0.5690526983697604,0.30214279890060425,24.906751738754195,0.46297385003605157,0.3588287830352783,-2.6396357250012983,-0.10607884833370879,-0.05668598413467407
sample_121,121,noise,medium,restormer_defocus_deblurring,Restormer散焦去模糊,True,27.546387463755494,0.5690526983697604,0.30214279890060425,28.41119316214909,0.6551948705612124,0.27991822361946106,0.8648056983935959,0.08614217219145204,0.02222457528114319
sample_121,121,noise,medium,restormer_deraining,Restormer去雨,True,27.546387463755494,0.5690526983697604,0.30214279890060425,28.897172694557526,0.6585430590284721,0.25836411118507385,1.3507852308020318,0.08949036065871174,0.043778687715530396
sample_121,121,noise,medium,xrestormer_motion_deblurring,XRestormer运动去模糊,True,27.546387463755494,0.5690526983697604,0.30214279890060425,23.99026702642006,0.4435492561335654,0.44462713599205017,-3.5561204373354336,-0.12550344223619497,-0.14248433709144592
sample_121,121,noise,medium,xrestormer_deraining,XRestormer去雨,True,27.546387463755494,0.5690526983697604,0.30214279890060425,30.54419612118258,0.7584501241032281,0.17677153646945953,2.997808657427086,0.18939742573346774,0.12537126243114471
sample_121,121,noise,medium,mprnet_denoising,MPRNet去噪,True,27.546387463755494,0.5690526983697604,0.30214279890060425,32.0311109762356,0.8407576929141157,0.3060917854309082,4.484723512480109,0.27170499454435537,-0.003948986530303955
sample_121,121,noise,medium,mprnet_motion_deblurring,MPRNet运动去模糊,True,27.546387463755494,0.5690526983697604,0.30214279890060425,22.098199955518094,0.40478262586857344,0.5144819617271423,-5.4481875082374,-0.16427007250118691,-0.21233916282653809
sample_121,121,noise,medium,mprnet_deraining,MPRNet去雨,True,27.546387463755494,0.5690526983697604,0.30214279890060425,28.945435708988793,0.6601984595228417,0.22929853200912476,1.399048245233299,0.09114576115308137,0.07284426689147949
sample_121,121,noise,medium,fbcnn_jpeg_artifact_removal,FBCNN JPEG伪影去除,True,27.546387463755494,0.5690526983697604,0.30214279890060425,30.696664103899963,0.7223444230402674,0.32057616114616394,3.150276640144469,0.153291724670507,-0.018433362245559692
sample_121,121,noise,medium,drbnet_defocus_deblurring,DRBNet散焦去模糊,True,27.546387463755494,0.5690526983697604,0.30214279890060425,30.27075370346664,0.6896276946894774,0.2810191512107849,2.724366239711145,0.12057499631971702,0.021123647689819336
sample_121,121,noise,medium,dehazeformer_dehaze,DehazeFormer去雾,True,27.546387463755494,0.5690526983697604,0.30214279890060425,18.275071256352724,0.5016788954310624,0.37498804926872253,-9.27131620740277,-0.06737380293869799,-0.07284525036811829
sample_113,113,low resolution,high,swinir_denoising,SwinIR去噪,True,37.40726256421026,0.9956033078371442,0.002571017714217305,31.3488460666239,0.9369670144797545,0.009013446047902107,-6.058416497586357,-0.058636293357389735,-0.006442428333684802
sample_113,113,low resolution,high,swinir_jpeg_artifact_removal,SwinIR JPEG伪影去除,True,37.40726256421026,0.9956033078371442,0.002571017714217305,24.170907306737842,0.7792067415116973,0.022630300372838974,-13.236355257472415,-0.2163965663254469,-0.02005928265862167
sample_113,113,low resolution,high,swinir_super_resolution,SwinIR超分辨率,True,37.40726256421026,0.9956033078371442,0.002571017714217305,23.813130800425185,0.8502466726910546,0.05140454322099686,-13.594131763785072,-0.14535663514608965,-0.04883352550677955
sample_113,113,low resolution,high,restormer_motion_deblurring,Restormer运动去模糊,True,37.40726256421026,0.9956033078371442,0.002571017714217305,33.78940480460859,0.989501963136966,0.0021570001263171434,-3.6178577596016694,-0.006101344700178202,0.00041401758790016174
sample_113,113,low resolution,high,restormer_defocus_deblurring,Restormer散焦去模糊,True,37.40726256421026,0.9956033078371442,0.002571017714217305,21.416792838066634,0.8735804504116471,0.025667080655694008,-15.990469726143623,-0.12202285742549712,-0.023096062941476703
sample_113,113,low resolution,high,restormer_deraining,Restormer去雨,True,37.40726256421026,0.9956033078371442,0.002571017714217305,34.819428364838174,0.9902214348803885,0.00236914842389524,-2.5878341993720824,-0.00538187295675574,0.00020186929032206535
sample_113,113,low resolution,high,xrestormer_motion_deblurring,XRestormer运动去模糊,True,37.40726256421026,0.9956033078371442,0.002571017714217305,15.417582612992614,0.5814112576912444,0.37447792291641235,-21.989679951217642,-0.4141920501458999,-0.37190690520219505
sample_113,113,low resolution,high,xrestormer_deraining,XRestormer去雨,True,37.40726256421026,0.9956033078371442,0.002571017714217305,34.59554528390846,0.9883647938885001,0.002891790121793747,-2.8117172803017993,-0.007238513948644165,-0.00032077240757644176
sample_113,113,low resolution,high,mprnet_denoising,MPRNet去噪,True,37.40726256421026,0.9956033078371442,0.002571017714217305,22.89560737416906,0.8476300064457963,0.10587864369153976,-14.511655190041196,-0.1479733013913479,-0.10330762597732246
sample_113,113,low resolution,high,mprnet_motion_deblurring,MPRNet运动去模糊,True,37.40726256421026,0.9956033078371442,0.002571017714217305,18.451383076469543,0.721642862670809,0.09075185656547546,-18.955879487740713,-0.2739604451663352,-0.08818083885125816
sample_113,113,low resolution,high,mprnet_deraining,MPRNet去雨,True,37.40726256421026,0.9956033078371442,0.002571017714217305,33.89044528604232,0.9757141658351859,0.0040630195289850235,-3.5168172781679345,-0.01988914200195835,-0.0014920018147677183
sample_113,113,low resolution,high,fbcnn_jpeg_artifact_removal,FBCNN JPEG伪影去除,True,37.40726256421026,0.9956033078371442,0.002571017714217305,30.224155531167305,0.9562721340601991,0.0023196591064333916,-7.183107033042951,-0.03933117377694517,0.0002513586077839136
sample_113,113,low resolution,high,drbnet_defocus_deblurring,DRBNet散焦去模糊,True,37.40726256421026,0.9956033078371442,0.002571017714217305,27.539638325305216,0.9650265179795348,0.007298387587070465,-9.86762423890504,-0.030576789857609477,-0.00472736987285316
sample_113,113,low resolution,high,dehazeformer_dehaze,DehazeFormer去雾,True,37.40726256421026,0.9956033078371442,0.002571017714217305,16.116256186561127,0.734915836801776,0.028444869443774223,-21.29100637764913,-0.26068747103536827,-0.025873851729556918
sample_115,115,defocus blur,high,swinir_denoising,SwinIR去噪,True,21.65202530071023,0.6404555566872253,0.5191509127616882,21.66801405322708,0.61159914951141,0.5603355765342712,0.015988752516850724,-0.02885640717581528,-0.04118466377258301
sample_115,115,defocus blur,high,swinir_jpeg_artifact_removal,SwinIR JPEG伪影去除,True,21.65202530071023,0.6404555566872253,0.5191509127616882,21.712577719600205,0.6310402494819375,0.5560094118118286,0.06055241888997642,-0.009415307205287826,-0.03685849905014038
sample_115,115,defocus blur,high,swinir_super_resolution,SwinIR超分辨率,True,21.65202530071023,0.6404555566872253,0.5191509127616882,19.628985118347792,0.5734132109596529,0.4402509331703186,-2.023040182362436,-0.0670423457275724,0.07889997959136963
sample_115,115,defocus blur,high,restormer_motion_deblurring,Restormer运动去模糊,True,21.65202530071023,0.6404555566872253,0.5191509127616882,23.640450140274428,0.7350804592896006,0.402464359998703,1.9884248395641997,0.09462490260237533,0.11668655276298523
sample_115,115,defocus blur,high,restormer_defocus_deblurring,Restormer散焦去模糊,True,21.65202530071023,0.6404555566872253,0.5191509127616882,25.869037244479912,0.8111811838962893,0.23838278651237488,4.217011943769684,0.17072562720906403,0.28076812624931335
sample_115,115,defocus blur,high,restormer_deraining,Restormer去雨,True,21.65202530071023,0.6404555566872253,0.5191509127616882,21.66068084803692,0.6366273540207845,0.5247334241867065,0.00865554732669338,-0.003828202666440794,-0.0055825114250183105
sample_115,115,defocus blur,high,xrestormer_motion_deblurring,XRestormer运动去模糊,True,21.65202530071023,0.6404555566872253,0.5191509127616882,22.64215113407536,0.7043768645848095,0.4182875156402588,0.9901258333651306,0.06392130789758421,0.10086339712142944
sample_115,115,defocus blur,high,xrestormer_deraining,XRestormer去雨,True,21.65202530071023,0.6404555566872253,0.5191509127616882,20.588042666053422,0.6254648888742825,0.5200713276863098,-1.0639826346568064,-0.014990667812942782,-0.000920414924621582
sample_115,115,defocus blur,high,mprnet_denoising,MPRNet去噪,True,21.65202530071023,0.6404555566872253,0.5191509127616882,21.626901469767176,0.6343463508696034,0.557593047618866,-0.025123830943051928,-0.0061092058176218655,-0.038442134857177734
sample_115,115,defocus blur,high,mprnet_motion_deblurring,MPRNet运动去模糊,True,21.65202530071023,0.6404555566872253,0.5191509127616882,23.07193348184747,0.7142613529413571,0.4263904094696045,1.4199081811372416,0.07380579625413175,0.09276050329208374
sample_115,115,defocus blur,high,mprnet_deraining,MPRNet去雨,True,21.65202530071023,0.6404555566872253,0.5191509127616882,21.646950993092485,0.6372205835226658,0.5281740427017212,-0.005074307617743301,-0.0032349731645595625,-0.009023129940032959
sample_115,115,defocus blur,high,fbcnn_jpeg_artifact_removal,FBCNN JPEG伪影去除,True,21.65202530071023,0.6404555566872253,0.5191509127616882,21.667470028117904,0.6402521486497643,0.5197885036468506,0.015444727407675884,-0.00020340803746099478,-0.0006375908851623535
sample_115,115,defocus blur,high,drbnet_defocus_deblurring,DRBNet散焦去模糊,True,21.65202530071023,0.6404555566872253,0.5191509127616882,24.358551435113366,0.7607587862616377,0.251126229763031,2.7065261344031377,0.12030322957441242,0.2680246829986572
sample_115,115,defocus blur,high,dehazeformer_dehaze,DehazeFormer去雾,True,21.65202530071023,0.6404555566872253,0.5191509127616882,21.614504692265655,0.6374115206855717,0.5152196884155273,-0.03752060844457361,-0.003044036001653594,0.003931224346160889
sample_107,107,rain,very high,swinir_denoising,SwinIR去噪,True,18.190423880062355,0.518622827494973,0.5706622004508972,18.24180582245937,0.49462965525201225,0.595369815826416,0.05138194239701477,-0.02399317224296077,-0.0247076153755188
sample_107,107,rain,very high,swinir_jpeg_artifact_removal,SwinIR JPEG伪影去除,True,18.190423880062355,0.518622827494973,0.5706622004508972,17.879292051347164,0.49843594481166065,0.5848885178565979,-0.3111318287151903,-0.020186882683312368,-0.014226317405700684
sample_107,107,rain,very high,swinir_super_resolution,SwinIR超分辨率,True,18.190423880062355,0.518622827494973,0.5706622004508972,17.300669641889034,0.618483327227734,0.6067569255828857,-0.889754238173321,0.09986049973276101,-0.036094725131988525
sample_107,107,rain,very high,restormer_motion_deblurring,Restormer运动去模糊,True,18.190423880062355,0.518622827494973,0.5706622004508972,18.101149922390377,0.5156478848827463,0.5636675357818604,-0.08927395767197766,-0.0029749426122267497,0.006994664669036865
sample_107,107,rain,very high,restormer_defocus_deblurring,Restormer散焦去模糊,True,18.190423880062355,0.518622827494973,0.5706622004508972,17.49751364367395,0.5020023516067914,0.5867401957511902,-0.6929102363884034,-0.016620475888181607,-0.01607799530029297
sample_107,107,rain,very high,restormer_deraining,Restormer去雨,True,18.190423880062355,0.518622827494973,0.5706622004508972,35.24737206621293,0.9746745890329697,0.025755614042282104,17.056948186150578,0.45605176153799665,0.5449065864086151
sample_107,107,rain,very high,xrestormer_motion_deblurring,XRestormer运动去模糊,True,18.190423880062355,0.518622827494973,0.5706622004508972,12.22904025747356,0.2548948641427289,0.6481584906578064,-5.961383622588794,-0.26372796335224413,-0.07749629020690918
sample_107,107,rain,very high,xrestormer_deraining,XRestormer去雨,True,18.190423880062355,0.518622827494973,0.5706622004508972,35.34594527380257,0.9735133368621355,0.026936504989862442,17.155521393740216,0.45489050936716247,0.5437256954610348
sample_107,107,rain,very high,mprnet_denoising,MPRNet去噪,True,18.190423880062355,0.518622827494973,0.5706622004508972,18.558727407105554,0.5201157460763494,0.554944634437561,0.36830352704319935,0.0014929185813763457,0.01571756601333618
sample_107,107,rain,very high,mprnet_motion_deblurring,MPRNet运动去模糊,True,18.190423880062355,0.518622827494973,0.5706622004508972,18.137275337896444,0.5185771788824054,0.5634121298789978,-0.053148542165910584,-4.5648612567616986e-05,0.007250070571899414
sample_107,107,rain,very high,mprnet_deraining,MPRNet去雨,True,18.190423880062355,0.518622827494973,0.5706622004508972,32.66860982242326,0.9562503588495761,0.056637056171894073,14.478185942360902,0.4376275313546031,0.5140251442790031
sample_107,107,rain,very high,fbcnn_jpeg_artifact_removal,FBCNN JPEG伪影去除,True,18.190423880062355,0.518622827494973,0.5706622004508972,18.154063180078325,0.5148198768942256,0.569324254989624,-0.03636069998403002,-0.0038029506007474234,0.0013379454612731934
sample_107,107,rain,very high,drbnet_defocus_deblurring,DRBNet散焦去模糊,True,18.190423880062355,0.518622827494973,0.5706622004508972,18.980163932161204,0.5323925964544413,0.5768816471099854,0.7897400520988498,0.013769768959468243,-0.006219446659088135
sample_107,107,rain,very high,dehazeformer_dehaze,DehazeFormer去雾,True,18.190423880062355,0.518622827494973,0.5706622004508972,17.476701940131885,0.44552550891422843,0.5900998711585999,-0.7137219399304691,-0.07309731858074459,-0.019437670707702637
sample_109,109,haze,low,swinir_denoising,SwinIR去噪,True,100.0,1.0,0.0,30.61475837744014,0.8278900644057261,0.30690997838974,-69.38524162255986,-0.1721099355942739,-0.30690997838974
sample_109,109,haze,low,swinir_jpeg_artifact_removal,SwinIR JPEG伪影去除,True,100.0,1.0,0.0,30.955299642629242,0.8925232162464485,0.17407111823558807,-69.04470035737076,-0.10747678375355152,-0.17407111823558807
sample_109,109,haze,low,swinir_super_resolution,SwinIR超分辨率,True,100.0,1.0,0.0,28.786726604493104,0.8788301179491557,0.3487297296524048,-71.21327339550689,-0.12116988205084434,-0.3487297296524048
sample_109,109,haze,low,restormer_motion_deblurring,Restormer运动去模糊,True,100.0,1.0,0.0,44.376581813200616,0.9969458194528081,0.0051185269840061665,-55.623418186799384,-0.003054180547191865,-0.0051185269840061665
sample_109,109,haze,low,restormer_defocus_deblurring,Restormer散焦去模糊,True,100.0,1.0,0.0,26.806710994799772,0.91901868169204,0.05232952535152435,-73.19328900520023,-0.08098131830795996,-0.05232952535152435
sample_109,109,haze,low,restormer_deraining,Restormer去雨,True,100.0,1.0,0.0,48.433282741814104,0.9985558523367448,0.0029777009040117264,-51.566717258185896,-0.0014441476632551797,-0.0029777009040117264
sample_109,109,haze,low,xrestormer_motion_deblurring,XRestormer运动去模糊,True,100.0,1.0,0.0,17.89361125424361,0.5927267600722285,0.4111461043357849,-82.10638874575639,-0.40727323992777154,-0.4111461043357849
sample_109,109,haze,low,xrestormer_deraining,XRestormer去雨,True,100.0,1.0,0.0,34.480313587893704,0.9885994023739179,0.0202486552298069,-65.5196864121063,-0.011400597626082143,-0.0202486552298069
sample_109,109,haze,low,mprnet_denoising,MPRNet去噪,True,100.0,1.0,0.0,32.79551658467244,0.9361191409479875,0.10449499636888504,-67.20448341532756,-0.06388085905201246,-0.10449499636888504
sample_109,109,haze,low,mprnet_motion_deblurring,MPRNet运动去模糊,True,100.0,1.0,0.0,40.652937975923635,0.9928538933318221,0.010026326403021812,-59.347062024076365,-0.007146106668177943,-0.010026326403021812
sample_109,109,haze,low,mprnet_deraining,MPRNet去雨,True,100.0,1.0,0.0,36.87212351479917,0.9871038254674057,0.03391881659626961,-63.12787648520083,-0.012896174532594284,-0.03391881659626961
sample_109,109,haze,low,fbcnn_jpeg_artifact_removal,FBCNN JPEG伪影去除,True,100.0,1.0,0.0,38.483650360031874,0.9780022681655249,0.009815250523388386,-61.516349639968126,-0.021997731834475065,-0.009815250523388386
sample_109,109,haze,low,drbnet_defocus_deblurring,DRBNet散焦去模糊,True,100.0,1.0,0.0,36.43945864359367,0.9875406928647914,0.017190732061862946,-63.56054135640633,-0.012459307135208597,-0.017190732061862946
sample_109,109,haze,low,dehazeformer_dehaze,DehazeFormer去雾,True,100.0,1.0,0.0,21.109108901149995,0.8435831922529999,0.05080532282590866,-78.89089109885,-0.15641680774700006,-0.05080532282590866
sample_119,119,defocus blur,high,swinir_denoising,SwinIR去噪,True,24.069260507222594,0.7035865601404212,0.43067508935928345,23.849585064932132,0.6744415057957084,0.44949156045913696,-0.21967544229046254,-0.029145054344712817,-0.018816471099853516
sample_119,119,defocus blur,high,swinir_jpeg_artifact_removal,SwinIR JPEG伪影去除,True,24.069260507222594,0.7035865601404212,0.43067508935928345,23.98231371538769,0.684307556830252,0.4511135220527649,-0.0869467918349045,-0.019279003310169185,-0.020438432693481445
sample_119,119,defocus blur,high,swinir_super_resolution,SwinIR超分辨率,True,24.069260507222594,0.7035865601404212,0.43067508935928345,23.041787978606507,0.6710281843919365,0.3612988591194153,-1.0274725286160873,-0.03255837574848475,0.06937623023986816
sample_119,119,defocus blur,high,restormer_motion_deblurring,Restormer运动去模糊,True,24.069260507222594,0.7035865601404212,0.43067508935928345,26.131907959497426,0.777272243785717,0.31983888149261475,2.062647452274831,0.07368568364529582,0.1108362078666687
sample_119,119,defocus blur,high,restormer_defocus_deblurring,Restormer散焦去模糊,True,24.069260507222594,0.7035865601404212,0.43067508935928345,26.228696452067606,0.8166932399121977,0.18505629897117615,2.1594359448450113,0.11310667977177646,0.2456187903881073
sample_119,119,defocus blur,high,restormer_deraining,Restormer去雨,True,24.069260507222594,0.7035865601404212,0.43067508935928345,24.068927652326018,0.7034905218975757,0.43162599205970764,-0.00033285489657686185,-9.603824284554197e-05,-0.0009509027004241943
sample_119,119,defocus blur,high,xrestormer_motion_deblurring,XRestormer运动去模糊,True,24.069260507222594,0.7035865601404212,0.43067508935928345,26.356685226122917,0.7846392372425459,0.3138882517814636,2.287424718900322,0.08105267710212471,0.11678683757781982
sample_119,119,defocus blur,high,xrestormer_deraining,XRestormer去雨,True,24.069260507222594,0.7035865601404212,0.43067508935928345,19.721050492573045,0.6198953465087346,0.4371147155761719,-4.348210014649549,-0.08369121363168663,-0.006439626216888428
sample_119,119,defocus blur,high,mprnet_denoising,MPRNet去噪,True,24.069260507222594,0.7035865601404212,0.43067508935928345,23.877886313417097,0.6951999143590943,0.4551931619644165,-0.19137419380549758,-0.008386645781326862,-0.024518072605133057
sample_119,119,defocus blur,high,mprnet_motion_deblurring,MPRNet运动去模糊,True,24.069260507222594,0.7035865601404212,0.43067508935928345,24.122179661871222,0.7279980056993928,0.34828877449035645,0.0529191546486274,0.024411445558971567,0.082386314868927
sample_119,119,defocus blur,high,mprnet_deraining,MPRNet去雨,True,24.069260507222594,0.7035865601404212,0.43067508935928345,24.060684156874444,0.7007708954862025,0.433218777179718,-0.008576350348150186,-0.0028156646542186747,-0.0025436878204345703
sample_119,119,defocus blur,high,fbcnn_jpeg_artifact_removal,FBCNN JPEG伪影去除,True,24.069260507222594,0.7035865601404212,0.43067508935928345,24.140515941772666,0.7060282716883727,0.42480990290641785,0.07125543455007133,0.002441711547951475,0.005865186452865601
sample_119,119,defocus blur,high,drbnet_defocus_deblurring,DRBNet散焦去模糊,True,24.069260507222594,0.7035865601404212,0.43067508935928345,25.504290736591543,0.8016153595618655,0.1705201268196106,1.435030229368948,0.09802879942144427,0.26015496253967285
sample_119,119,defocus blur,high,dehazeformer_dehaze,DehazeFormer去雾,True,24.069260507222594,0.7035865601404212,0.43067508935928345,23.01682889763888,0.6795322519451604,0.4283498525619507,-1.0524316095837136,-0.024054308195260776,0.0023252367973327637
sample_108,108,dark,medium,swinir_denoising,SwinIR去噪,True,19.41918263222362,0.9845167284739306,0.023836970329284668,19.099512984561283,0.8383691866096354,0.16093850135803223,-0.3196696476623373,-0.14614754186429513,-0.13710153102874756
sample_108,108,dark,medium,swinir_jpeg_artifact_removal,SwinIR JPEG伪影去除,True,19.41918263222362,0.9845167284739306,0.023836970329284668,19.21504293377624,0.8935444074271706,0.0910528302192688,-0.20413969844738133,-0.09097232104676001,-0.06721585988998413
sample_108,108,dark,medium,swinir_super_resolution,SwinIR超分辨率,True,19.41918263222362,0.9845167284739306,0.023836970329284668,18.907772414799027,0.8620888967513661,0.2892290949821472,-0.5114102174245936,-0.12242783172256444,-0.26539212465286255
sample_108,108,dark,medium,restormer_motion_deblurring,Restormer运动去模糊,True,19.41918263222362,0.9845167284739306,0.023836970329284668,19.417367947860793,0.9841254691536987,0.025118105113506317,-0.001814684362827279,-0.0003912593202318737,-0.0012811347842216492
sample_108,108,dark,medium,restormer_defocus_deblurring,Restormer散焦去模糊,True,19.41918263222362,0.9845167284739306,0.023836970329284668,22.49365098485172,0.9510165305182591,0.04545480012893677,3.0744683526280987,-0.033500197955671496,-0.0216178297996521
sample_108,108,dark,medium,restormer_deraining,Restormer去雨,True,19.41918263222362,0.9845167284739306,0.023836970329284668,18.435348642714267,0.9751669265914326,0.03289268538355827,-0.9838339895093533,-0.00934980188249801,-0.009055715054273605
sample_108,108,dark,medium,xrestormer_motion_deblurring,XRestormer运动去模糊,True,19.41918263222362,0.9845167284739306,0.023836970329284668,15.567065322484448,0.5789688372157248,0.3149483799934387,-3.8521173097391728,-0.4055478912582058,-0.29111140966415405
sample_108,108,dark,medium,xrestormer_deraining,XRestormer去雨,True,19.41918263222362,0.9845167284739306,0.023836970329284668,17.682016644074295,0.9650387869243122,0.040047332644462585,-1.737165988149325,-0.01947794154961835,-0.016210362315177917
sample_108,108,dark,medium,mprnet_denoising,MPRNet去噪,True,19.41918263222362,0.9845167284739306,0.023836970329284668,19.530476839657137,0.9261698858236924,0.09815872460603714,0.11129420743351659,-0.05834684265023815,-0.07432175427675247
sample_108,108,dark,medium,mprnet_motion_deblurring,MPRNet运动去模糊,True,19.41918263222362,0.9845167284739306,0.023836970329284668,19.007691362316397,0.9785863166909975,0.035670094192028046,-0.4114912699072235,-0.005930411782933076,-0.011833123862743378
sample_108,108,dark,medium,mprnet_deraining,MPRNet去雨,True,19.41918263222362,0.9845167284739306,0.023836970329284668,18.26283841176085,0.9698931961262834,0.038847699761390686,-1.1563442204627705,-0.014623532347647128,-0.015010729432106018
sample_108,108,dark,medium,fbcnn_jpeg_artifact_removal,FBCNN JPEG伪影去除,True,19.41918263222362,0.9845167284739306,0.023836970329284668,19.40970760366837,0.9776219901918267,0.02387656830251217,-0.00947502855525073,-0.006894738282103852,-3.9597973227500916e-05
sample_108,108,dark,medium,drbnet_defocus_deblurring,DRBNet散焦去模糊,True,19.41918263222362,0.9845167284739306,0.023836970329284668,19.14400399596923,0.9744370684579094,0.04183448851108551,-0.27517863625439176,-0.01007966001602112,-0.017997518181800842
sample_108,108,dark,medium,dehazeformer_dehaze,DehazeFormer去雾,True,19.41918263222362,0.9845167284739306,0.023836970329284668,17.494381243252644,0.9720471509078857,0.034568171948194504,-1.9248013889709767,-0.012469577566044832,-0.010731201618909836
sample_120,120,motion blur,high,swinir_denoising,SwinIR去噪,True,26.96602595001847,0.8097963912170149,0.24264200031757355,26.534009690082353,0.7675848664437007,0.39394503831863403,-0.43201625993611614,-0.042211524773314135,-0.15130303800106049
sample_120,120,motion blur,high,swinir_jpeg_artifact_removal,SwinIR JPEG伪影去除,True,26.96602595001847,0.8097963912170149,0.24264200031757355,26.7442225194538,0.7861530795776578,0.3302568793296814,-0.22180343056466967,-0.023643311639357067,-0.08761487901210785
sample_120,120,motion blur,high,swinir_super_resolution,SwinIR超分辨率,True,26.96602595001847,0.8097963912170149,0.24264200031757355,26.71468103348184,0.809100458298027,0.2936687171459198,-0.25134491653663105,-0.0006959329189878405,-0.05102671682834625
sample_120,120,motion blur,high,restormer_motion_deblurring,Restormer运动去模糊,True,26.96602595001847,0.8097963912170149,0.24264200031757355,26.253159089954007,0.7990945160483761,0.2056402564048767,-0.7128668600644623,-0.010701875168638741,0.03700174391269684
sample_120,120,motion blur,high,restormer_defocus_deblurring,Restormer散焦去模糊,True,26.96602595001847,0.8097963912170149,0.24264200031757355,25.247648998862793,0.7518714440969584,0.2950233817100525,-1.7183769511556761,-0.05792494712005647,-0.05238138139247894
sample_120,120,motion blur,high,restormer_deraining,Restormer去雨,True,26.96602595001847,0.8097963912170149,0.24264200031757355,26.943616260501344,0.8054456936433562,0.2668132185935974,-0.02240968951712574,-0.004350697573658691,-0.024171218276023865
sample_120,120,motion blur,high,xrestormer_motion_deblurring,XRestormer运动去模糊,True,26.96602595001847,0.8097963912170149,0.24264200031757355,25.58585740038524,0.786828453297599,0.2439173012971878,-1.380168549633229,-0.02296793791941587,-0.0012753009796142578
sample_120,120,motion blur,high,xrestormer_deraining,XRestormer去雨,True,26.96602595001847,0.8097963912170149,0.24264200031757355,21.995397084448648,0.7426334668488327,0.32328152656555176,-4.970628865569822,-0.06716292436818216,-0.08063952624797821
sample_120,120,motion blur,high,mprnet_denoising,MPRNet去噪,True,26.96602595001847,0.8097963912170149,0.24264200031757355,26.686453901917133,0.7871658464348638,0.33354032039642334,-0.2795720481013362,-0.022630544782151096,-0.09089832007884979
sample_120,120,motion blur,high,mprnet_motion_deblurring,MPRNet运动去模糊,True,26.96602595001847,0.8097963912170149,0.24264200031757355,26.507897250399104,0.7837175048315967,0.27681151032447815,-0.4581286996193654,-0.02607888638541811,-0.0341695100069046
sample_120,120,motion blur,high,mprnet_deraining,MPRNet去雨,True,26.96602595001847,0.8097963912170149,0.24264200031757355,26.86583782640719,0.7981468407310928,0.29357853531837463,-0.10018812361127871,-0.011649550485922089,-0.050936535000801086
sample_120,120,motion blur,high,fbcnn_jpeg_artifact_removal,FBCNN JPEG伪影去除,True,26.96602595001847,0.8097963912170149,0.24264200031757355,26.926088216754035,0.8037858606184146,0.26450490951538086,-0.03993773326443417,-0.006010530598600239,-0.021862909197807312
sample_120,120,motion blur,high,drbnet_defocus_deblurring,DRBNet散焦去模糊,True,26.96602595001847,0.8097963912170149,0.24264200031757355,26.31026464414614,0.7864663770784098,0.25159910321235657,-0.6557613058723284,-0.023330014138605026,-0.00895710289478302
sample_120,120,motion blur,high,dehazeformer_dehaze,DehazeFormer去雾,True,26.96602595001847,0.8097963912170149,0.24264200031757355,17.130997812828586,0.3069945594284796,0.3074657917022705,-9.835028137189884,-0.5028018317885352,-0.06482379138469696
sample_112,112,dark,high,swinir_denoising,SwinIR去噪,True,15.732135209471965,0.7174687168153753,0.05618198961019516,15.617098654110679,0.6938394728621007,0.09505176544189453,-0.11503655536128576,-0.023629243953274592,-0.03886977583169937
sample_112,112,dark,high,swinir_jpeg_artifact_removal,SwinIR JPEG伪影去除,True,15.732135209471965,0.7174687168153753,0.05618198961019516,15.43832001087921,0.6733958878074645,0.07851865887641907,-0.29381519859275507,-0.04407282900791076,-0.022336669266223907
sample_112,112,dark,high,swinir_super_resolution,SwinIR超分辨率,True,15.732135209471965,0.7174687168153753,0.05618198961019516,14.670400566552566,0.5760435045819238,0.30939343571662903,-1.061734642919399,-0.1414252122334515,-0.25321144610643387
sample_112,112,dark,high,restormer_motion_deblurring,Restormer运动去模糊,True,15.732135209471965,0.7174687168153753,0.05618198961019516,15.815540366603809,0.7213738527609216,0.057138554751873016,0.08340515713184438,0.003905135945546312,-0.0009565651416778564
sample_112,112,dark,high,restormer_defocus_deblurring,Restormer散焦去模糊,True,15.732135209471965,0.7174687168153753,0.05618198961019516,16.03326124363414,0.6878627378129137,0.08536139130592346,0.3011260341621753,-0.029605979002461535,-0.029179401695728302
sample_112,112,dark,high,restormer_deraining,Restormer去雨,True,15.732135209471965,0.7174687168153753,0.05618198961019516,15.825293525976008,0.722550152811713,0.07028734683990479,0.09315831650404327,0.005081435996337702,-0.014105357229709625
sample_112,112,dark,high,xrestormer_motion_deblurring,XRestormer运动去模糊,True,15.732135209471965,0.7174687168153753,0.05618198961019516,12.487829231175901,0.45864510302391764,0.2999497652053833,-3.2443059782960635,-0.25882361379145763,-0.24376777559518814
sample_112,112,dark,high,xrestormer_deraining,XRestormer去雨,True,15.732135209471965,0.7174687168153753,0.05618198961019516,15.697618135620615,0.7176481341089026,0.0621933713555336,-0.03451707385134917,0.0001794172935273286,-0.00601138174533844
sample_112,112,dark,high,mprnet_denoising,MPRNet去噪,True,15.732135209471965,0.7174687168153753,0.05618198961019516,15.807958122892767,0.6906746875663595,0.1289145052433014,0.0758229134208026,-0.02679402924901575,-0.07273251563310623
sample_112,112,dark,high,mprnet_motion_deblurring,MPRNet运动去模糊,True,15.732135209471965,0.7174687168153753,0.05618198961019516,15.748569535701618,0.6995022883755627,0.09751884639263153,0.01643432622965335,-0.017966428439812554,-0.04133685678243637
sample_112,112,dark,high,mprnet_deraining,MPRNet去雨,True,15.732135209471965,0.7174687168153753,0.05618198961019516,15.645363721946659,0.7052995416068902,0.07088671624660492,-0.08677148752530606,-0.012169175208485039,-0.01470472663640976
sample_112,112,dark,high,fbcnn_jpeg_artifact_removal,FBCNN JPEG伪影去除,True,15.732135209471965,0.7174687168153753,0.05618198961019516,15.704034309571924,0.7109452054560489,0.055015213787555695,-0.028100899900040943,-0.006523511359326384,0.0011667758226394653
sample_112,112,dark,high,drbnet_defocus_deblurring,DRBNet散焦去模糊,True,15.732135209471965,0.7174687168153753,0.05618198961019516,15.81202157573544,0.732989723463934,0.06241079792380333,0.07988636626347478,0.01552100664855871,-0.0062288083136081696
sample_112,112,dark,high,dehazeformer_dehaze,DehazeFormer去雾,True,15.732135209471965,0.7174687168153753,0.05618198961019516,15.061076614494747,0.6995448910930224,0.06097742170095444,-0.6710585949772181,-0.01792382572235285,-0.004795432090759277
sample_126,126,dark,high,swinir_denoising,SwinIR去噪,True,14.287222757672257,0.8128548676874678,0.11312108486890793,14.24967266849925,0.7005806172701757,0.3312378525733948,-0.03755008917300806,-0.11227425041729211,-0.21811676770448685
sample_126,126,dark,high,swinir_jpeg_artifact_removal,SwinIR JPEG伪影去除,True,14.287222757672257,0.8128548676874678,0.11312108486890793,14.257637944692206,0.7500118415535612,0.2528582513332367,-0.02958481298005111,-0.06284302613390669,-0.13973716646432877
sample_126,126,dark,high,swinir_super_resolution,SwinIR超分辨率,True,14.287222757672257,0.8128548676874678,0.11312108486890793,14.086123895970717,0.7704252777852284,0.2832697927951813,-0.20109886170154034,-0.04242958990223944,-0.17014870792627335
sample_126,126,dark,high,restormer_motion_deblurring,Restormer运动去模糊,True,14.287222757672257,0.8128548676874678,0.11312108486890793,14.288272268617938,0.8134615531128554,0.11173729598522186,0.0010495109456805096,0.0006066854253875542,0.0013837888836860657
sample_126,126,dark,high,restormer_defocus_deblurring,Restormer散焦去模糊,True,14.287222757672257,0.8128548676874678,0.11312108486890793,14.564431306446927,0.8150353610013807,0.12377827614545822,0.27720854877467005,0.0021804933139129012,-0.010657191276550293
sample_126,126,dark,high,restormer_deraining,Restormer去雨,True,14.287222757672257,0.8128548676874678,0.11312108486890793,14.248868657113823,0.8058567442953514,0.12633632123470306,-0.03835410055843447,-0.006998123392116473,-0.013215236365795135
sample_126,126,dark,high,xrestormer_motion_deblurring,XRestormer运动去模糊,True,14.287222757672257,0.8128548676874678,0.11312108486890793,14.02079415680683,0.7107186187313538,0.3119438886642456,-0.26642860086542797,-0.10213624895611406,-0.19882280379533768
sample_126,126,dark,high,xrestormer_deraining,XRestormer去雨,True,14.287222757672257,0.8128548676874678,0.11312108486890793,13.962418337442985,0.7664539736101942,0.15156124532222748,-0.32480442022927214,-0.04640089407727366,-0.03844016045331955
sample_126,126,dark,high,mprnet_denoising,MPRNet去噪,True,14.287222757672257,0.8128548676874678,0.11312108486890793,14.305176371692394,0.7732127549284936,0.2156057059764862,0.0179536140201364,-0.039642112758974224,-0.10248462110757828
sample_126,126,dark,high,mprnet_motion_deblurring,MPRNet运动去模糊,True,14.287222757672257,0.8128548676874678,0.11312108486890793,14.29041007170344,0.8158864977103213,0.10849694907665253,0.003187314031181998,0.0030316300228534487,0.004624135792255402
sample_126,126,dark,high,mprnet_deraining,MPRNet去雨,True,14.287222757672257,0.8128548676874678,0.11312108486890793,14.278145270869437,0.7919582417910505,0.1751432716846466,-0.009077486802819834,-0.020896625896417387,-0.06202218681573868
sample_126,126,dark,high,fbcnn_jpeg_artifact_removal,FBCNN JPEG伪影去除,True,14.287222757672257,0.8128548676874678,0.11312108486890793,14.28895450048871,0.8006039906621693,0.1332494020462036,0.0017317428164531634,-0.01225087702529859,-0.020128317177295685
sample_126,126,dark,high,drbnet_defocus_deblurring,DRBNet散焦去模糊,True,14.287222757672257,0.8128548676874678,0.11312108486890793,14.655201199614705,0.8274336898397946,0.1256730556488037,0.3679784419424479,0.014578822152326754,-0.012551970779895782
sample_126,126,dark,high,dehazeformer_dehaze,DehazeFormer去雾,True,14.287222757672257,0.8128548676874678,0.11312108486890793,11.029521378730195,0.5077879386550359,0.25711727142333984,-3.2577013789420626,-0.30506692903243193,-0.14399618655443192
sample_118,118,defocus blur,very high,swinir_denoising,SwinIR去噪,True,35.17775510955134,0.9037212015769186,0.3311324715614319,34.293048279591694,0.8877728668259101,0.33493226766586304,-0.8847068299596472,-0.01594833475100854,-0.0037997961044311523
sample_118,118,defocus blur,very high,swinir_jpeg_artifact_removal,SwinIR JPEG伪影去除,True,35.17775510955134,0.9037212015769186,0.3311324715614319,34.74671644597344,0.8943870273112889,0.33137959241867065,-0.4310386635779011,-0.009334174265629658,-0.00024712085723876953
sample_118,118,defocus blur,very high,swinir_super_resolution,SwinIR超分辨率,True,35.17775510955134,0.9037212015769186,0.3311324715614319,27.63969185854213,0.8404730354521014,0.21440789103507996,-7.538063251009213,-0.0632481661248172,0.11672458052635193
sample_118,118,defocus blur,very high,restormer_motion_deblurring,Restormer运动去模糊,True,35.17775510955134,0.9037212015769186,0.3311324715614319,36.41869336465471,0.9177309311680374,0.29512882232666016,1.2409382551033659,0.014009729591118791,0.03600364923477173
sample_118,118,defocus blur,very high,restormer_defocus_deblurring,Restormer散焦去模糊,True,35.17775510955134,0.9037212015769186,0.3311324715614319,34.75417350230955,0.9289254930136449,0.24798594415187836,-0.4235816072417933,0.02520429143672631,0.08314652740955353
sample_118,118,defocus blur,very high,restormer_deraining,Restormer去雨,True,35.17775510955134,0.9037212015769186,0.3311324715614319,35.131062244422424,0.9034739470339282,0.33403143286705017,-0.046692865128918015,-0.00024725454299034944,-0.002898961305618286
sample_118,118,defocus blur,very high,xrestormer_motion_deblurring,XRestormer运动去模糊,True,35.17775510955134,0.9037212015769186,0.3311324715614319,35.341491137509195,0.904204230832319,0.3083367645740509,0.16373602795785303,0.0004830292554004467,0.02279570698738098
sample_118,118,defocus blur,very high,xrestormer_deraining,XRestormer去雨,True,35.17775510955134,0.9037212015769186,0.3311324715614319,22.719056208708174,0.6677157679236284,0.36138516664505005,-12.458698900843167,-0.2360054336532902,-0.030252695083618164
sample_118,118,defocus blur,very high,mprnet_denoising,MPRNet去噪,True,35.17775510955134,0.9037212015769186,0.3311324715614319,35.041399698458086,0.9029977486051336,0.3381807506084442,-0.13635541109325544,-0.0007234529717849991,-0.007048279047012329
sample_118,118,defocus blur,very high,mprnet_motion_deblurring,MPRNet运动去模糊,True,35.17775510955134,0.9037212015769186,0.3311324715614319,35.46714578423787,0.9038354172967269,0.3192497193813324,0.2893906746865298,0.00011421571980829714,0.011882752180099487
sample_118,118,defocus blur,very high,mprnet_deraining,MPRNet去雨,True,35.17775510955134,0.9037212015769186,0.3311324715614319,35.192498566350196,0.9044640021322743,0.3352910876274109,0.014743456798854027,0.0007428005553556938,-0.004158616065979004
sample_118,118,defocus blur,very high,fbcnn_jpeg_artifact_removal,FBCNN JPEG伪影去除,True,35.17775510955134,0.9037212015769186,0.3311324715614319,35.17963376502639,0.9036230875007679,0.3301745057106018,0.001878655475046287,-9.811407615067935e-05,0.0009579658508300781
sample_118,118,defocus blur,very high,drbnet_defocus_deblurring,DRBNet散焦去模糊,True,35.17775510955134,0.9037212015769186,0.3311324715614319,35.91250970013072,0.9235226153943294,0.19485387206077576,0.734754590579378,0.01980141381741085,0.13627859950065613
sample_118,118,defocus blur,very high,dehazeformer_dehaze,DehazeFormer去雾,True,35.17775510955134,0.9037212015769186,0.3311324715614319,29.123611736029126,0.7624942090936152,0.3163347840309143,-6.054143373522216,-0.1412269924833034,0.014797687530517578
sample_136,136,low resolution,low,swinir_denoising,SwinIR去噪,True,48.90080102054975,0.9982637854267286,0.0017761412309482694,34.01524827482381,0.8965185821705169,0.10504904389381409,-14.885552745725938,-0.10174520325621161,-0.10327290266286582
sample_136,136,low resolution,low,swinir_jpeg_artifact_removal,SwinIR JPEG伪影去除,True,48.90080102054975,0.9982637854267286,0.0017761412309482694,35.840904997235434,0.9545591928285487,0.0493241548538208,-13.059896023314316,-0.043704592598179826,-0.04754801362287253
sample_136,136,low resolution,low,swinir_super_resolution,SwinIR超分辨率,True,48.90080102054975,0.9982637854267286,0.0017761412309482694,30.368982361440047,0.8011560183006102,0.1105293408036232,-18.531818659109703,-0.19710776712611833,-0.10875319957267493
sample_136,136,low resolution,low,restormer_motion_deblurring,Restormer运动去模糊,True,48.90080102054975,0.9982637854267286,0.0017761412309482694,45.99198581256098,0.9971082101074801,0.0009806951275095344,-2.9088152079887664,-0.0011555753192484808,0.000795446103438735
sample_136,136,low resolution,low,restormer_defocus_deblurring,Restormer散焦去模糊,True,48.90080102054975,0.9982637854267286,0.0017761412309482694,40.41114559698083,0.9785162714762065,0.0060040513053536415,-8.48965542356892,-0.0197475139505221,-0.004227910074405372
sample_136,136,low resolution,low,restormer_deraining,Restormer去雨,True,48.90080102054975,0.9982637854267286,0.0017761412309482694,43.8411049732938,0.9885029517786257,0.009072767570614815,-5.059696047255947,-0.009760833648102873,-0.007296626339666545
sample_136,136,low resolution,low,xrestormer_motion_deblurring,XRestormer运动去模糊,True,48.90080102054975,0.9982637854267286,0.0017761412309482694,22.356164328036296,0.7317796233902892,0.23362292349338531,-26.544636692513453,-0.2664841620364393,-0.23184678226243705
sample_136,136,low resolution,low,xrestormer_deraining,XRestormer去雨,True,48.90080102054975,0.9982637854267286,0.0017761412309482694,34.85117622160629,0.8792028228248795,0.03798922523856163,-14.049624798943462,-0.11906096260184906,-0.03621308400761336
sample_136,136,low resolution,low,mprnet_denoising,MPRNet去噪,True,48.90080102054975,0.9982637854267286,0.0017761412309482694,34.90610300637654,0.961302656041816,0.07343437522649765,-13.99469801417321,-0.03696112938491258,-0.07165823399554938
sample_136,136,low resolution,low,mprnet_motion_deblurring,MPRNet运动去模糊,True,48.90080102054975,0.9982637854267286,0.0017761412309482694,46.55517497069838,0.9975517137738268,0.0018180357292294502,-2.3456260498513686,-0.000712071652901769,-4.189449828118086e-05
sample_136,136,low resolution,low,mprnet_deraining,MPRNet去雨,True,48.90080102054975,0.9982637854267286,0.0017761412309482694,42.494475399094895,0.990005959274311,0.011460589244961739,-6.4063256214548545,-0.008257826152417547,-0.00968444801401347
sample_136,136,low resolution,low,fbcnn_jpeg_artifact_removal,FBCNN JPEG伪影去除,True,48.90080102054975,0.9982637854267286,0.0017761412309482694,42.97565428633243,0.9932175914907324,0.004058224149048328,-5.925146734217321,-0.005046193935996146,-0.002282082918100059
sample_136,136,low resolution,low,drbnet_defocus_deblurring,DRBNet散焦去模糊,True,48.90080102054975,0.9982637854267286,0.0017761412309482694,38.2549142515907,0.8819844431645935,0.009330918081104755,-10.645886768959052,-0.1162793422621351,-0.007554776850156486
sample_136,136,low resolution,low,dehazeformer_dehaze,DehazeFormer去雾,True,48.90080102054975,0.9982637854267286,0.0017761412309482694,26.536069325490736,0.9097070056430177,0.022822048515081406,-22.364731695059014,-0.0885567797837109,-0.021045907284133136
sample_122,122,motion blur,very high,swinir_denoising,SwinIR去噪,True,15.651483467455156,0.35504432343485476,0.4922817051410675,15.625259952186397,0.32956181620485586,0.5719163417816162,-0.0262235152687591,-0.025482507229998896,-0.0796346366405487
sample_122,122,motion blur,very high,swinir_jpeg_artifact_removal,SwinIR JPEG伪影去除,True,15.651483467455156,0.35504432343485476,0.4922817051410675,15.609077403893384,0.337579058092367,0.5484870672225952,-0.042406063561772456,-0.017465265342487768,-0.05620536208152771
sample_122,122,motion blur,very high,swinir_super_resolution,SwinIR超分辨率,True,15.651483467455156,0.35504432343485476,0.4922817051410675,14.812919555154057,0.3488906584176635,0.5585488677024841,-0.8385639123010993,-0.006153665017191279,-0.06626716256141663
sample_122,122,motion blur,very high,restormer_motion_deblurring,Restormer运动去模糊,True,15.651483467455156,0.35504432343485476,0.4922817051410675,14.40243817773986,0.2242304566207837,0.23877204954624176,-1.249045289715296,-0.13081386681407106,0.25350965559482574
sample_122,122,motion blur,very high,restormer_defocus_deblurring,Restormer散焦去模糊,True,15.651483467455156,0.35504432343485476,0.4922817051410675,15.073225242911857,0.2854069016189238,0.5230078101158142,-0.5782582245432994,-0.06963742181593097,-0.030726104974746704
sample_122,122,motion blur,very high,restormer_deraining,Restormer去雨,True,15.651483467455156,0.35504432343485476,0.4922817051410675,15.554191504076588,0.3399755713717075,0.5013669729232788,-0.09729196337856827,-0.015068752063147284,-0.009085267782211304
sample_122,122,motion blur,very high,xrestormer_motion_deblurring,XRestormer运动去模糊,True,15.651483467455156,0.35504432343485476,0.4922817051410675,14.414603319430324,0.3025203597692127,0.49933820962905884,-1.2368801480248326,-0.05252396366564205,-0.007056504487991333
sample_122,122,motion blur,very high,xrestormer_deraining,XRestormer去雨,True,15.651483467455156,0.35504432343485476,0.4922817051410675,15.517712468122049,0.3390903788288526,0.5029259324073792,-0.1337709993331071,-0.015953944606002135,-0.010644227266311646
sample_122,122,motion blur,very high,mprnet_denoising,MPRNet去噪,True,15.651483467455156,0.35504432343485476,0.4922817051410675,15.652940597403083,0.342962362155943,0.5416986346244812,0.001457129947926461,-0.012081961278911757,-0.049416929483413696
sample_122,122,motion blur,very high,mprnet_motion_deblurring,MPRNet运动去模糊,True,15.651483467455156,0.35504432343485476,0.4922817051410675,14.137202359098291,0.21795173291652445,0.31825169920921326,-1.5142811083568652,-0.1370925905183303,0.17403000593185425
sample_122,122,motion blur,very high,mprnet_deraining,MPRNet去雨,True,15.651483467455156,0.35504432343485476,0.4922817051410675,15.576810273184684,0.34304828831903494,0.5182716250419617,-0.07467319427047237,-0.011996035115819814,-0.025989919900894165
sample_122,122,motion blur,very high,fbcnn_jpeg_artifact_removal,FBCNN JPEG伪影去除,True,15.651483467455156,0.35504432343485476,0.4922817051410675,15.641003715326596,0.35143025123555943,0.49258705973625183,-0.010479752128560449,-0.003614072199295326,-0.00030535459518432617
sample_122,122,motion blur,very high,drbnet_defocus_deblurring,DRBNet散焦去模糊,True,15.651483467455156,0.35504432343485476,0.4922817051410675,15.408512263076148,0.3467985808887126,0.4599626064300537,-0.24297120437900865,-0.008245742546142132,0.032319098711013794
sample_122,122,motion blur,very high,dehazeformer_dehaze,DehazeFormer去雾,True,15.651483467455156,0.35504432343485476,0.4922817051410675,14.428025179440613,0.328497949219974,0.48379576206207275,-1.2234582880145428,-0.026546374214880764,0.008485943078994751
sample_134,134,noise,very high,swinir_denoising,SwinIR去噪,True,18.370787015250848,0.12737501622424383,0.7304138541221619,25.40759922794107,0.5472158218423274,0.4344373345375061,7.036812212690222,0.41984080561808357,0.29597651958465576
sample_134,134,noise,very high,swinir_jpeg_artifact_removal,SwinIR JPEG伪影去除,True,18.370787015250848,0.12737501622424383,0.7304138541221619,17.14792774678287,0.12098343496768042,0.6697361469268799,-1.2228592684679782,-0.006391581256563403,0.06067770719528198
sample_134,134,noise,very high,swinir_super_resolution,SwinIR超分辨率,True,18.370787015250848,0.12737501622424383,0.7304138541221619,25.130433973440663,0.5474747578071516,0.5774176716804504,6.7596469581898155,0.42009974158290775,0.15299618244171143
sample_134,134,noise,very high,restormer_motion_deblurring,Restormer运动去模糊,True,18.370787015250848,0.12737501622424383,0.7304138541221619,15.91176366608021,0.10924469306811879,0.7999720573425293,-2.4590233491706375,-0.018130323156125033,-0.06955820322036743
sample_134,134,noise,very high,restormer_defocus_deblurring,Restormer散焦去模糊,True,18.370787015250848,0.12737501622424383,0.7304138541221619,20.167844849374383,0.17365906503298034,0.7000607252120972,1.7970578341235353,0.046284048808736517,0.030353128910064697
sample_134,134,noise,very high,restormer_deraining,Restormer去雨,True,18.370787015250848,0.12737501622424383,0.7304138541221619,17.597168801315114,0.12038516567431355,0.7864356637001038,-0.7736182139357339,-0.006989850549930274,-0.056021809577941895
sample_134,134,noise,very high,xrestormer_motion_deblurring,XRestormer运动去模糊,True,18.370787015250848,0.12737501622424383,0.7304138541221619,14.603913718784444,0.061284108313144986,0.6829105019569397,-3.766873296466404,-0.06609090791109884,0.04750335216522217
sample_134,134,noise,very high,xrestormer_deraining,XRestormer去雨,True,18.370787015250848,0.12737501622424383,0.7304138541221619,20.174531046994616,0.1929157079706205,0.7092773914337158,1.8037440317437685,0.06554069174637667,0.021136462688446045
sample_134,134,noise,very high,mprnet_denoising,MPRNet去噪,True,18.370787015250848,0.12737501622424383,0.7304138541221619,24.63353425729411,0.7682254888496723,0.4156666398048401,6.262747242043261,0.6408504726254285,0.3147472143173218
sample_134,134,noise,very high,mprnet_motion_deblurring,MPRNet运动去模糊,True,18.370787015250848,0.12737501622424383,0.7304138541221619,8.150689900009384,0.013938245852906936,0.8659111857414246,-10.220097115241463,-0.11343677037133688,-0.1354973316192627
sample_134,134,noise,very high,mprnet_deraining,MPRNet去雨,True,18.370787015250848,0.12737501622424383,0.7304138541221619,19.61805233138194,0.16528570849837462,0.7186717391014099,1.2472653161310916,0.0379106922741308,0.011742115020751953
sample_134,134,noise,very high,fbcnn_jpeg_artifact_removal,FBCNN JPEG伪影去除,True,18.370787015250848,0.12737501622424383,0.7304138541221619,20.806013053720882,0.19833356744206296,0.7516093254089355,2.4352260384700344,0.07095855121781913,-0.02119547128677368
sample_134,134,noise,very high,drbnet_defocus_deblurring,DRBNet散焦去模糊,True,18.370787015250848,0.12737501622424383,0.7304138541221619,22.63225932194928,0.24893927414722125,0.6453426480293274,4.261472306698433,0.12156425792297743,0.08507120609283447
sample_134,134,noise,very high,dehazeformer_dehaze,DehazeFormer去雾,True,18.370787015250848,0.12737501622424383,0.7304138541221619,15.624618617078436,0.11620698477757828,0.7908174991607666,-2.7461683981724114,-0.011168031446665547,-0.060403645038604736
sample_130,130,low resolution,very high,swinir_denoising,SwinIR去噪,True,44.10066798786808,0.9970123083390741,0.005627783481031656,29.32967849757435,0.8606389132808911,0.26355940103530884,-14.77098949029373,-0.1363733950581829,-0.2579316175542772
sample_130,130,low resolution,very high,swinir_jpeg_artifact_removal,SwinIR JPEG伪影去除,True,44.10066798786808,0.9970123083390741,0.005627783481031656,30.760390192889524,0.9116715538824408,0.14470890164375305,-13.340277794978554,-0.08534075445663325,-0.1390811181627214
sample_130,130,low resolution,very high,swinir_super_resolution,SwinIR超分辨率,True,44.10066798786808,0.9970123083390741,0.005627783481031656,26.144242527960913,0.8074535345872641,0.13418200612068176,-17.956425459907166,-0.18955877375180996,-0.1285542226396501
sample_130,130,low resolution,very high,restormer_motion_deblurring,Restormer运动去模糊,True,44.10066798786808,0.9970123083390741,0.005627783481031656,44.842339907435274,0.997513038681209,0.0033501130528748035,0.7416719195671959,0.0005007303421349363,0.0022776704281568527
sample_130,130,low resolution,very high,restormer_defocus_deblurring,Restormer散焦去模糊,True,44.10066798786808,0.9970123083390741,0.005627783481031656,21.26768670697942,0.5576753942585352,0.21038825809955597,-22.83298128088866,-0.4393369140805389,-0.2047604746185243
sample_130,130,low resolution,very high,restormer_deraining,Restormer去雨,True,44.10066798786808,0.9970123083390741,0.005627783481031656,40.37543869089277,0.9927258694669482,0.014101454056799412,-3.725229296975307,-0.004286438872125875,-0.008473670575767756
sample_130,130,low resolution,very high,xrestormer_motion_deblurring,XRestormer运动去模糊,True,44.10066798786808,0.9970123083390741,0.005627783481031656,17.054532652139358,0.5033021439315434,0.47489437460899353,-27.04613533572872,-0.4937101644075307,-0.4692665911279619
sample_130,130,low resolution,very high,xrestormer_deraining,XRestormer去雨,True,44.10066798786808,0.9970123083390741,0.005627783481031656,32.50535567092932,0.9814078717950526,0.019313432276248932,-11.59531231693876,-0.015604436544021438,-0.013685648795217276
sample_130,130,low resolution,very high,mprnet_denoising,MPRNet去噪,True,44.10066798786808,0.9970123083390741,0.005627783481031656,31.447289125744696,0.9404477206197738,0.10309144109487534,-12.653378862123382,-0.056564587719300286,-0.09746365761384368
sample_130,130,low resolution,very high,mprnet_motion_deblurring,MPRNet运动去模糊,True,44.10066798786808,0.9970123083390741,0.005627783481031656,42.97967617390139,0.9962442797825992,0.003977048676460981,-1.1209918139666897,-0.0007680285564748424,0.001650734804570675
sample_130,130,low resolution,very high,mprnet_deraining,MPRNet去雨,True,44.10066798786808,0.9970123083390741,0.005627783481031656,33.6119610016147,0.977645891920463,0.03517363965511322,-10.488706986253376,-0.019366416418611032,-0.029545856174081564
sample_130,130,low resolution,very high,fbcnn_jpeg_artifact_removal,FBCNN JPEG伪影去除,True,44.10066798786808,0.9970123083390741,0.005627783481031656,39.748989879420876,0.9897310789041497,0.0075508905574679375,-4.351678108447203,-0.0072812294349243745,-0.0019231070764362812
sample_130,130,low resolution,very high,drbnet_defocus_deblurring,DRBNet散焦去模糊,True,44.10066798786808,0.9970123083390741,0.005627783481031656,34.02920292347665,0.9781009020297965,0.02364981733262539,-10.071465064391425,-0.018911406309277567,-0.018022033851593733
sample_130,130,low resolution,very high,dehazeformer_dehaze,DehazeFormer去雾,True,44.10066798786808,0.9970123083390741,0.005627783481031656,23.441364254921623,0.9104009941042618,0.03853411599993706,-20.659303732946455,-0.08661131423481228,-0.0329063325189054
sample_128,128,defocus blur,low,swinir_denoising,SwinIR去噪,True,33.43871859385977,0.9498147384067389,0.1186259314417839,31.829029104025484,0.9008326048599686,0.17946280539035797,-1.6096894898342846,-0.04898213354677028,-0.060836873948574066
sample_128,128,defocus blur,low,swinir_jpeg_artifact_removal,SwinIR JPEG伪影去除,True,33.43871859385977,0.9498147384067389,0.1186259314417839,32.355491694767395,0.9197483040857334,0.15461310744285583,-1.0832268990923737,-0.03006643432100553,-0.03598717600107193
sample_128,128,defocus blur,low,swinir_super_resolution,SwinIR超分辨率,True,33.43871859385977,0.9498147384067389,0.1186259314417839,31.18052982292422,0.9099267058326022,0.16064411401748657,-2.258188770935547,-0.039888032574136756,-0.04201818257570267
sample_128,128,defocus blur,low,restormer_motion_deblurring,Restormer运动去模糊,True,33.43871859385977,0.9498147384067389,0.1186259314417839,31.823780150860273,0.9422012283305241,0.09252570569515228,-1.6149384429994953,-0.007613510076214802,0.026100225746631622
sample_128,128,defocus blur,low,restormer_defocus_deblurring,Restormer散焦去模糊,True,33.43871859385977,0.9498147384067389,0.1186259314417839,31.881194896117144,0.9416273663496731,0.08971390128135681,-1.5575236977426243,-0.008187372057065767,0.028912030160427094
sample_128,128,defocus blur,low,restormer_deraining,Restormer去雨,True,33.43871859385977,0.9498147384067389,0.1186259314417839,33.36520884944986,0.9483337364673451,0.12188151478767395,-0.07350974440991109,-0.0014810019393938223,-0.003255583345890045
sample_128,128,defocus blur,low,xrestormer_motion_deblurring,XRestormer运动去模糊,True,33.43871859385977,0.9498147384067389,0.1186259314417839,25.555748594860965,0.8735124255530665,0.1626257449388504,-7.882969998998803,-0.0763023128536724,-0.0439998134970665
sample_128,128,defocus blur,low,xrestormer_deraining,XRestormer去雨,True,33.43871859385977,0.9498147384067389,0.1186259314417839,20.399443947327548,0.8703642183196987,0.16258467733860016,-13.03927464653222,-0.07945052008704023,-0.043958745896816254
sample_128,128,defocus blur,low,mprnet_denoising,MPRNet去噪,True,33.43871859385977,0.9498147384067389,0.1186259314417839,31.770341733786825,0.9303819514591382,0.15961948037147522,-1.668376860072943,-0.019432786947600755,-0.040993548929691315
sample_128,128,defocus blur,low,mprnet_motion_deblurring,MPRNet运动去模糊,True,33.43871859385977,0.9498147384067389,0.1186259314417839,28.886298124577113,0.9076948261973791,0.09377282857894897,-4.552420469282655,-0.042119912209359844,0.02485310286283493
sample_128,128,defocus blur,low,mprnet_deraining,MPRNet去雨,True,33.43871859385977,0.9498147384067389,0.1186259314417839,33.246557854171115,0.9449906472234785,0.12803232669830322,-0.19216073968865288,-0.004824091183260437,-0.009406395256519318
sample_128,128,defocus blur,low,fbcnn_jpeg_artifact_removal,FBCNN JPEG伪影去除,True,33.43871859385977,0.9498147384067389,0.1186259314417839,33.461513494089246,0.9412251303807692,0.12332792580127716,0.022794900229477832,-0.008589608025969753,-0.004701994359493256
sample_128,128,defocus blur,low,drbnet_defocus_deblurring,DRBNet散焦去模糊,True,33.43871859385977,0.9498147384067389,0.1186259314417839,31.17744040107507,0.9234571045114598,0.07753719389438629,-2.2612781927846974,-0.02635763389527912,0.041088737547397614
sample_128,128,defocus blur,low,dehazeformer_dehaze,DehazeFormer去雾,True,33.43871859385977,0.9498147384067389,0.1186259314417839,20.22821877168273,0.8425207653037786,0.14546515047550201,-13.210499822177038,-0.1072939731029603,-0.02683921903371811
sample_125,125,haze,low,swinir_denoising,SwinIR去噪,True,100.0,1.0,0.0,31.467554683640966,0.8596753261962068,0.1879931092262268,-68.53244531635903,-0.1403246738037932,-0.1879931092262268
sample_125,125,haze,low,swinir_jpeg_artifact_removal,SwinIR JPEG伪影去除,True,100.0,1.0,0.0,31.20185984123305,0.9023680337284153,0.09589771926403046,-68.79814015876696,-0.09763196627158466,-0.09589771926403046
sample_125,125,haze,low,swinir_super_resolution,SwinIR超分辨率,True,100.0,1.0,0.0,27.234442174604496,0.8326154029169349,0.270757794380188,-72.7655578253955,-0.16738459708306508,-0.270757794380188
sample_125,125,haze,low,restormer_motion_deblurring,Restormer运动去模糊,True,100.0,1.0,0.0,49.89766812205683,0.9991254245116418,0.0011172678787261248,-50.10233187794317,-0.0008745754883582313,-0.0011172678787261248
sample_125,125,haze,low,restormer_defocus_deblurring,Restormer散焦去模糊,True,100.0,1.0,0.0,27.184831570258936,0.9662251231196392,0.026569047942757607,-72.81516842974106,-0.03377487688036085,-0.026569047942757607
sample_125,125,haze,low,restormer_deraining,Restormer去雨,True,100.0,1.0,0.0,46.902028264291616,0.997678474153025,0.003917484078556299,-53.097971735708384,-0.002321525846974981,-0.003917484078556299
sample_125,125,haze,low,xrestormer_motion_deblurring,XRestormer运动去模糊,True,100.0,1.0,0.0,18.176977922204923,0.5758875005291823,0.34091758728027344,-81.82302207779507,-0.42411249947081775,-0.34091758728027344
sample_125,125,haze,low,xrestormer_deraining,XRestormer去雨,True,100.0,1.0,0.0,34.65872527818538,0.9897483322174,0.009802269749343395,-65.34127472181461,-0.010251667782600005,-0.009802269749343395
sample_125,125,haze,low,mprnet_denoising,MPRNet去噪,True,100.0,1.0,0.0,32.414198715475955,0.9408611818947549,0.07858850806951523,-67.58580128452405,-0.05913881810524513,-0.07858850806951523
sample_125,125,haze,low,mprnet_motion_deblurring,MPRNet运动去模糊,True,100.0,1.0,0.0,43.722579367452326,0.996083972188141,0.004473596811294556,-56.277420632547674,-0.0039160278118589575,-0.004473596811294556
sample_125,125,haze,low,mprnet_deraining,MPRNet去雨,True,100.0,1.0,0.0,38.915831540045446,0.9890052802654559,0.01888076588511467,-61.084168459954554,-0.010994719734544134,-0.01888076588511467
sample_125,125,haze,low,fbcnn_jpeg_artifact_removal,FBCNN JPEG伪影去除,True,100.0,1.0,0.0,39.46480051517036,0.9883325243011781,0.006316343322396278,-60.53519948482964,-0.011667475698821872,-0.006316343322396278
sample_125,125,haze,low,drbnet_defocus_deblurring,DRBNet散焦去模糊,True,100.0,1.0,0.0,36.27820217728264,0.988194166376411,0.010416152887046337,-63.72179782271736,-0.011805833623589002,-0.010416152887046337
sample_125,125,haze,low,dehazeformer_dehaze,DehazeFormer去雾,True,100.0,1.0,0.0,17.678613365816155,0.8175454499864813,0.08346027880907059,-82.32138663418385,-0.18245455001351873,-0.08346027880907059
sample_131,131,haze,very high,swinir_denoising,SwinIR去噪,True,100.0,1.0,0.0,29.265394628345632,0.7861027089028655,0.2680439352989197,-70.73460537165437,-0.2138972910971345,-0.2680439352989197
sample_131,131,haze,very high,swinir_jpeg_artifact_removal,SwinIR JPEG伪影去除,True,100.0,1.0,0.0,29.566160789184607,0.8619149309620777,0.12960268557071686,-70.43383921081539,-0.13808506903792228,-0.12960268557071686
sample_131,131,haze,very high,swinir_super_resolution,SwinIR超分辨率,True,100.0,1.0,0.0,27.34649041004694,0.8326317114847662,0.2739037573337555,-72.65350958995306,-0.16736828851523378,-0.2739037573337555
sample_131,131,haze,very high,restormer_motion_deblurring,Restormer运动去模糊,True,100.0,1.0,0.0,42.55966829208564,0.9949391158264035,0.008110885508358479,-57.44033170791436,-0.005060884173596514,-0.008110885508358479
sample_131,131,haze,very high,restormer_defocus_deblurring,Restormer散焦去模糊,True,100.0,1.0,0.0,30.33916246401462,0.9325789179196454,0.035579580813646317,-69.66083753598538,-0.06742108208035458,-0.035579580813646317
sample_131,131,haze,very high,restormer_deraining,Restormer去雨,True,100.0,1.0,0.0,36.76585968088601,0.9901283151747751,0.015728306025266647,-63.23414031911399,-0.009871684825224936,-0.015728306025266647
sample_131,131,haze,very high,xrestormer_motion_deblurring,XRestormer运动去模糊,True,100.0,1.0,0.0,17.948687570633187,0.573553196419112,0.4284490942955017,-82.05131242936682,-0.42644680358088805,-0.4284490942955017
sample_131,131,haze,very high,xrestormer_deraining,XRestormer去雨,True,100.0,1.0,0.0,34.41611529766923,0.9879258097978526,0.014993637800216675,-65.58388470233078,-0.012074190202147395,-0.014993637800216675
sample_131,131,haze,very high,mprnet_denoising,MPRNet去噪,True,100.0,1.0,0.0,30.510161541906143,0.9045723402234057,0.11075683683156967,-69.48983845809386,-0.09542765977659429,-0.11075683683156967
sample_131,131,haze,very high,mprnet_motion_deblurring,MPRNet运动去模糊,True,100.0,1.0,0.0,27.417558291580832,0.8856706345697903,0.11125436425209045,-72.58244170841917,-0.11432936543020966,-0.11125436425209045
sample_131,131,haze,very high,mprnet_deraining,MPRNet去雨,True,100.0,1.0,0.0,34.02313429719654,0.9836840347082846,0.025827376171946526,-65.97686570280345,-0.016315965291715417,-0.025827376171946526
sample_131,131,haze,very high,fbcnn_jpeg_artifact_removal,FBCNN JPEG伪影去除,True,100.0,1.0,0.0,39.28600283870102,0.983327027119401,0.00421920046210289,-60.71399716129898,-0.01667297288059899,-0.00421920046210289
sample_131,131,haze,very high,drbnet_defocus_deblurring,DRBNet散焦去模糊,True,100.0,1.0,0.0,36.32335289972788,0.9831226592009122,0.011937239207327366,-63.67664710027212,-0.01687734079908776,-0.011937239207327366
sample_131,131,haze,very high,dehazeformer_dehaze,DehazeFormer去雾,True,100.0,1.0,0.0,16.462824699080244,0.8870288246420476,0.08863519132137299,-83.53717530091976,-0.11297117535795242,-0.08863519132137299
sample_127,127,dark,very high,swinir_denoising,SwinIR去噪,True,15.988450591218989,0.8863193770444205,0.08688005059957504,15.954527798533586,0.8259989877034649,0.214175745844841,-0.033922792685402214,-0.06032038934095563,-0.12729569524526596
sample_127,127,dark,very high,swinir_jpeg_artifact_removal,SwinIR JPEG伪影去除,True,15.988450591218989,0.8863193770444205,0.08688005059957504,15.912023294963822,0.8495729011792376,0.15128853917121887,-0.07642729625516687,-0.03674647586518298,-0.06440848857164383
sample_127,127,dark,very high,swinir_super_resolution,SwinIR超分辨率,True,15.988450591218989,0.8863193770444205,0.08688005059957504,15.47649315637245,0.7867085028060622,0.2574089467525482,-0.5119574348465381,-0.09961087423835835,-0.17052889615297318
sample_127,127,dark,very high,restormer_motion_deblurring,Restormer运动去模糊,True,15.988450591218989,0.8863193770444205,0.08688005059957504,15.941609914360331,0.8692754272822764,0.11760712414979935,-0.04684067685865756,-0.017043949762144184,-0.030727073550224304
sample_127,127,dark,very high,restormer_defocus_deblurring,Restormer散焦去模糊,True,15.988450591218989,0.8863193770444205,0.08688005059957504,16.739740890993744,0.8794484726533326,0.09323345124721527,0.7512902997747553,-0.006870904391087951,-0.006353400647640228
sample_127,127,dark,very high,restormer_deraining,Restormer去雨,True,15.988450591218989,0.8863193770444205,0.08688005059957504,15.904320433460416,0.8843238354124461,0.09634389728307724,-0.08413015775857247,-0.0019955416319744623,-0.009463846683502197
sample_127,127,dark,very high,xrestormer_motion_deblurring,XRestormer运动去模糊,True,15.988450591218989,0.8863193770444205,0.08688005059957504,14.044487177159334,0.6250625421768919,0.3201865255832672,-1.9439634140596542,-0.2612568348675286,-0.23330647498369217
sample_127,127,dark,very high,xrestormer_deraining,XRestormer去雨,True,15.988450591218989,0.8863193770444205,0.08688005059957504,15.227483146225001,0.8704005834160616,0.0937005877494812,-0.7609674449939874,-0.015918793628358907,-0.0068205371499061584
sample_127,127,dark,very high,mprnet_denoising,MPRNet去噪,True,15.988450591218989,0.8863193770444205,0.08688005059957504,16.21313359476478,0.8761200536938256,0.13517504930496216,0.22468300354579185,-0.010199323350594924,-0.048294998705387115
sample_127,127,dark,very high,mprnet_motion_deblurring,MPRNet运动去模糊,True,15.988450591218989,0.8863193770444205,0.08688005059957504,15.87748299312101,0.866813736028209,0.10775759071111679,-0.11096759809797874,-0.01950564101621155,-0.020877540111541748
sample_127,127,dark,very high,mprnet_deraining,MPRNet去雨,True,15.988450591218989,0.8863193770444205,0.08688005059957504,15.38424367347178,0.8644886479991585,0.11711719632148743,-0.6042069177472094,-0.021830729045262065,-0.030237145721912384
sample_127,127,dark,very high,fbcnn_jpeg_artifact_removal,FBCNN JPEG伪影去除,True,15.988450591218989,0.8863193770444205,0.08688005059957504,15.991066368797943,0.8856971520755188,0.08731409162282944,0.0026157775789545923,-0.0006222249689017412,-0.00043404102325439453
sample_127,127,dark,very high,drbnet_defocus_deblurring,DRBNet散焦去模糊,True,15.988450591218989,0.8863193770444205,0.08688005059957504,16.369383464200638,0.8913839163393383,0.09342553466558456,0.38093287298164924,0.005064539294917791,-0.0065454840660095215
sample_127,127,dark,very high,dehazeformer_dehaze,DehazeFormer去雾,True,15.988450591218989,0.8863193770444205,0.08688005059957504,9.449633419823371,0.6074517420992541,0.2161262184381485,-6.538817171395618,-0.2788676349451664,-0.12924616783857346
sample_135,135,low resolution,medium,swinir_denoising,SwinIR去噪,True,49.78592921564176,0.9980796030258753,0.0022430948447436094,31.95093554062721,0.8470646803139675,0.24004597961902618,-17.834993675014548,-0.15101492271190775,-0.23780288477428257
sample_135,135,low resolution,medium,swinir_jpeg_artifact_removal,SwinIR JPEG伪影去除,True,49.78592921564176,0.9980796030258753,0.0022430948447436094,33.44020637560999,0.9206565940639653,0.12051183730363846,-16.34572284003177,-0.07742300896191001,-0.11826874245889485
sample_135,135,low resolution,medium,swinir_super_resolution,SwinIR超分辨率,True,49.78592921564176,0.9980796030258753,0.0022430948447436094,32.17392307233206,0.8878965025069161,0.104271799325943,-17.6120061433097,-0.11018310051895919,-0.10202870448119938
sample_135,135,low resolution,medium,restormer_motion_deblurring,Restormer运动去模糊,True,49.78592921564176,0.9980796030258753,0.0022430948447436094,40.57876532351265,0.9921552816818382,0.004429852589964867,-9.20716389212911,-0.005924321344037087,-0.002186757745221257
sample_135,135,low resolution,medium,restormer_defocus_deblurring,Restormer散焦去模糊,True,49.78592921564176,0.9980796030258753,0.0022430948447436094,27.528850772332305,0.9327996670599336,0.018041716888546944,-22.257078443309453,-0.06527993596594173,-0.015798622043803334
sample_135,135,low resolution,medium,restormer_deraining,Restormer去雨,True,49.78592921564176,0.9980796030258753,0.0022430948447436094,43.57922410915667,0.9905953057621084,0.024071387946605682,-6.206705106485089,-0.00748429726376687,-0.021828293101862073
sample_135,135,low resolution,medium,xrestormer_motion_deblurring,XRestormer运动去模糊,True,49.78592921564176,0.9980796030258753,0.0022430948447436094,19.577258462576953,0.6760786514763827,0.27149713039398193,-30.208670753064805,-0.3220009515494926,-0.2692540355492383
sample_135,135,low resolution,medium,xrestormer_deraining,XRestormer去雨,True,49.78592921564176,0.9980796030258753,0.0022430948447436094,35.441557413159465,0.9899622893429106,0.013913626782596111,-14.344371802482293,-0.008117313682964644,-0.011670531937852502
sample_135,135,low resolution,medium,mprnet_denoising,MPRNet去噪,True,49.78592921564176,0.9980796030258753,0.0022430948447436094,35.02831788279054,0.9498276004438143,0.07015137374401093,-14.75761133285122,-0.04825200258206097,-0.06790827889926732
sample_135,135,low resolution,medium,mprnet_motion_deblurring,MPRNet运动去模糊,True,49.78592921564176,0.9980796030258753,0.0022430948447436094,41.293926909689276,0.9885007538728102,0.006935469340533018,-8.492002305952482,-0.009578849153065061,-0.004692374495789409
sample_135,135,low resolution,medium,mprnet_deraining,MPRNet去雨,True,49.78592921564176,0.9980796030258753,0.0022430948447436094,34.70797412784346,0.9758573718652072,0.0438854955136776,-15.077955087798301,-0.022222231160668127,-0.04164240066893399
sample_135,135,low resolution,medium,fbcnn_jpeg_artifact_removal,FBCNN JPEG伪影去除,True,49.78592921564176,0.9980796030258753,0.0022430948447436094,40.90612515507533,0.9861298592495666,0.00723516009747982,-8.879804060566428,-0.011949743776308641,-0.004992065252736211
sample_135,135,low resolution,medium,drbnet_defocus_deblurring,DRBNet散焦去模糊,True,49.78592921564176,0.9980796030258753,0.0022430948447436094,34.585300776785665,0.9631379731119928,0.028740208595991135,-15.200628438856093,-0.0349416299138825,-0.026497113751247525
sample_135,135,low resolution,medium,dehazeformer_dehaze,DehazeFormer去雾,True,49.78592921564176,0.9980796030258753,0.0022430948447436094,15.353044632403792,0.8171024315164573,0.07543627917766571,-34.432884583237964,-0.18097717150941794,-0.0731931843329221
sample_132,132,motion blur,medium,swinir_denoising,SwinIR去噪,True,20.959752429354637,0.5496361118623725,0.311543345451355,20.724819280442617,0.4912851748295564,0.4250204861164093,-0.23493314891202033,-0.058350937032816075,-0.11347714066505432
sample_132,132,motion blur,medium,swinir_jpeg_artifact_removal,SwinIR JPEG伪影去除,True,20.959752429354637,0.5496361118623725,0.311543345451355,20.734406909555393,0.5112561910930595,0.36355212330818176,-0.22534551979924444,-0.03837992076931296,-0.05200877785682678
sample_132,132,motion blur,medium,swinir_super_resolution,SwinIR超分辨率,True,20.959752429354637,0.5496361118623725,0.311543345451355,18.91698563022813,0.44647687737631364,0.316638708114624,-2.0427667991265075,-0.10315923448605885,-0.005095362663269043
sample_132,132,motion blur,medium,restormer_motion_deblurring,Restormer运动去模糊,True,20.959752429354637,0.5496361118623725,0.311543345451355,19.420716632501126,0.4758783983244889,0.22814424335956573,-1.5390357968535113,-0.07375771353788357,0.08339910209178925
sample_132,132,motion blur,medium,restormer_defocus_deblurring,Restormer散焦去模糊,True,20.959752429354637,0.5496361118623725,0.311543345451355,21.338657957983447,0.6131215787137393,0.24666543304920197,0.37890552862880966,0.0634854668513668,0.06487791240215302
sample_132,132,motion blur,medium,restormer_deraining,Restormer去雨,True,20.959752429354637,0.5496361118623725,0.311543345451355,20.9323843398025,0.5427349537936631,0.32077547907829285,-0.02736808955213732,-0.00690115806870939,-0.009232133626937866
sample_132,132,motion blur,medium,xrestormer_motion_deblurring,XRestormer运动去模糊,True,20.959752429354637,0.5496361118623725,0.311543345451355,17.61726778983685,0.42565797948833045,0.30579057335853577,-3.3424846395177887,-0.12397813237404204,0.005752772092819214
sample_132,132,motion blur,medium,xrestormer_deraining,XRestormer去雨,True,20.959752429354637,0.5496361118623725,0.311543345451355,20.951588266049473,0.5473673524595268,0.3150080144405365,-0.008164163305163896,-0.002268759402845655,-0.0034646689891815186
sample_132,132,motion blur,medium,mprnet_denoising,MPRNet去噪,True,20.959752429354637,0.5496361118623725,0.311543345451355,20.89619173644359,0.5148830404149113,0.3892577886581421,-0.0635606929110466,-0.0347530714474612,-0.07771444320678711
sample_132,132,motion blur,medium,mprnet_motion_deblurring,MPRNet运动去模糊,True,20.959752429354637,0.5496361118623725,0.311543345451355,19.10838384347579,0.48804432573675127,0.23620876669883728,-1.8513685858788484,-0.06159178612562122,0.0753345787525177
sample_132,132,motion blur,medium,mprnet_deraining,MPRNet去雨,True,20.959752429354637,0.5496361118623725,0.311543345451355,20.908529392897357,0.5369296993379579,0.3311672806739807,-0.0512230364572801,-0.012706412524414623,-0.019623935222625732
sample_132,132,motion blur,medium,fbcnn_jpeg_artifact_removal,FBCNN JPEG伪影去除,True,20.959752429354637,0.5496361118623725,0.311543345451355,20.8740085780503,0.5384398522578449,0.3129565119743347,-0.08574385130433626,-0.011196259604527636,-0.0014131665229797363
sample_132,132,motion blur,medium,drbnet_defocus_deblurring,DRBNet散焦去模糊,True,20.959752429354637,0.5496361118623725,0.311543345451355,20.909168162084043,0.5644050745692736,0.2499668151140213,-0.05058426727059384,0.01476896270690109,0.06157653033733368
sample_132,132,motion blur,medium,dehazeformer_dehaze,DehazeFormer去雾,True,20.959752429354637,0.5496361118623725,0.311543345451355,14.849682782059899,0.36175414491482627,0.3606245219707489,-6.110069647294738,-0.18788196694754622,-0.04908117651939392
sample_133,133,haze,very high,swinir_denoising,SwinIR去噪,True,100.0,1.0,0.0,33.2708593598195,0.8830968247768446,0.21355940401554108,-66.7291406401805,-0.11690317522315541,-0.21355940401554108
sample_133,133,haze,very high,swinir_jpeg_artifact_removal,SwinIR JPEG伪影去除,True,100.0,1.0,0.0,34.94680432325965,0.931690894607016,0.09238092601299286,-65.05319567674036,-0.06830910539298396,-0.09238092601299286
sample_133,133,haze,very high,swinir_super_resolution,SwinIR超分辨率,True,100.0,1.0,0.0,30.065739082226983,0.8602207245884483,0.2716372311115265,-69.93426091777302,-0.13977927541155166,-0.2716372311115265
sample_133,133,haze,very high,restormer_motion_deblurring,Restormer运动去模糊,True,100.0,1.0,0.0,41.70907855269419,0.9909913472750627,0.010814021341502666,-58.29092144730581,-0.009008652724937338,-0.010814021341502666
sample_133,133,haze,very high,restormer_defocus_deblurring,Restormer散焦去模糊,True,100.0,1.0,0.0,31.55624789428778,0.9163456618360316,0.06115397810935974,-68.44375210571222,-0.08365433816396839,-0.06115397810935974
sample_133,133,haze,very high,restormer_deraining,Restormer去雨,True,100.0,1.0,0.0,41.84517747759134,0.9961338754527042,0.006430900190025568,-58.15482252240866,-0.003866124547295846,-0.006430900190025568
sample_133,133,haze,very high,xrestormer_motion_deblurring,XRestormer运动去模糊,True,100.0,1.0,0.0,19.442295023224446,0.5676106444664238,0.30657505989074707,-80.55770497677555,-0.43238935553357616,-0.30657505989074707
sample_133,133,haze,very high,xrestormer_deraining,XRestormer去雨,True,100.0,1.0,0.0,38.36625134931067,0.9931818392469385,0.010653781704604626,-61.63374865068933,-0.00681816075306152,-0.010653781704604626
sample_133,133,haze,very high,mprnet_denoising,MPRNet去噪,True,100.0,1.0,0.0,37.85880042193006,0.9683545823870205,0.058195166289806366,-62.14119957806994,-0.031645417612979454,-0.058195166289806366
sample_133,133,haze,very high,mprnet_motion_deblurring,MPRNet运动去模糊,True,100.0,1.0,0.0,45.99177831055602,0.995899785114354,0.006199459545314312,-54.00822168944398,-0.004100214885646047,-0.006199459545314312
sample_133,133,haze,very high,mprnet_deraining,MPRNet去雨,True,100.0,1.0,0.0,36.27199460842251,0.9584295910905114,0.06864967197179794,-63.72800539157749,-0.0415704089094886,-0.06864967197179794
sample_133,133,haze,very high,fbcnn_jpeg_artifact_removal,FBCNN JPEG伪影去除,True,100.0,1.0,0.0,42.762530724041085,0.9888624302439942,0.00502322893589735,-57.237469275958915,-0.011137569756005772,-0.00502322893589735
sample_133,133,haze,very high,drbnet_defocus_deblurring,DRBNet散焦去模糊,True,100.0,1.0,0.0,38.21150095067355,0.9780395903911393,0.042128466069698334,-61.78849904932645,-0.021960409608860698,-0.042128466069698334
sample_133,133,haze,very high,dehazeformer_dehaze,DehazeFormer去雾,True,100.0,1.0,0.0,8.233221505123659,0.5302690670374716,0.27560362219810486,-91.76677849487635,-0.46973093296252844,-0.27560362219810486
sample_123,123,dark,high,swinir_denoising,SwinIR去噪,True,18.217554404339175,0.5203497689602012,0.2304430902004242,18.17222071261146,0.4905632916939458,0.3444227874279022,-0.045333691727716285,-0.02978647726625544,-0.11397969722747803
sample_123,123,dark,high,swinir_jpeg_artifact_removal,SwinIR JPEG伪影去除,True,18.217554404339175,0.5203497689602012,0.2304430902004242,18.08051460862981,0.46243425180794073,0.29448401927948,-0.13703979570936653,-0.05791551715226051,-0.06404092907905579
sample_123,123,dark,high,swinir_super_resolution,SwinIR超分辨率,True,18.217554404339175,0.5203497689602012,0.2304430902004242,17.685863182467678,0.46130406422105735,0.3569187819957733,-0.5316912218714975,-0.05904570473914389,-0.12647569179534912
sample_123,123,dark,high,restormer_motion_deblurring,Restormer运动去模糊,True,18.217554404339175,0.5203497689602012,0.2304430902004242,18.193849181403362,0.5169280830616482,0.2333366870880127,-0.023705222935813453,-0.003421685898553073,-0.002893596887588501
sample_123,123,dark,high,restormer_defocus_deblurring,Restormer散焦去模糊,True,18.217554404339175,0.5203497689602012,0.2304430902004242,17.937312943988367,0.48926863418778127,0.2616201639175415,-0.2802414603508083,-0.03108113477241997,-0.03117707371711731
sample_123,123,dark,high,restormer_deraining,Restormer去雨,True,18.217554404339175,0.5203497689602012,0.2304430902004242,18.447519231440253,0.519452191802361,0.25789883732795715,0.22996482710107813,-0.0008975771578402236,-0.02745574712753296
sample_123,123,dark,high,xrestormer_motion_deblurring,XRestormer运动去模糊,True,18.217554404339175,0.5203497689602012,0.2304430902004242,16.78891790588622,0.34106947385620573,0.5033671259880066,-1.4286364984529563,-0.1792802951039955,-0.2729240357875824
sample_123,123,dark,high,xrestormer_deraining,XRestormer去雨,True,18.217554404339175,0.5203497689602012,0.2304430902004242,19.169702366126586,0.5739744827029429,0.2460940182209015,0.9521479617874107,0.05362471374274169,-0.015650928020477295
sample_123,123,dark,high,mprnet_denoising,MPRNet去噪,True,18.217554404339175,0.5203497689602012,0.2304430902004242,18.23273030400073,0.4952109795657214,0.27696388959884644,0.015175899661553416,-0.025138789394479832,-0.04652079939842224
sample_123,123,dark,high,mprnet_motion_deblurring,MPRNet运动去模糊,True,18.217554404339175,0.5203497689602012,0.2304430902004242,18.209557064804393,0.522372942950355,0.23394690454006195,-0.0079973395347821,0.002023173990153726,-0.0035038143396377563
sample_123,123,dark,high,mprnet_deraining,MPRNet去雨,True,18.217554404339175,0.5203497689602012,0.2304430902004242,18.453342461548445,0.5308813861795719,0.2513713240623474,0.23578805720926965,0.010531617219370681,-0.020928233861923218
sample_123,123,dark,high,fbcnn_jpeg_artifact_removal,FBCNN JPEG伪影去除,True,18.217554404339175,0.5203497689602012,0.2304430902004242,18.20892061682022,0.5067275707683002,0.23535451292991638,-0.008633787518956382,-0.013622198191901025,-0.0049114227294921875
sample_123,123,dark,high,drbnet_defocus_deblurring,DRBNet散焦去模糊,True,18.217554404339175,0.5203497689602012,0.2304430902004242,18.711735097911845,0.6301368227603854,0.22756829857826233,0.4941806935726696,0.10978705380018416,0.0028747916221618652
sample_123,123,dark,high,dehazeformer_dehaze,DehazeFormer去雾,True,18.217554404339175,0.5203497689602012,0.2304430902004242,17.22190572860409,0.44003064364926453,0.2668655812740326,-0.9956486757350866,-0.08031912531093671,-0.0364224910736084
sample_129,129,jpeg compression artifact,medium,swinir_denoising,SwinIR去噪,True,36.01867358056569,0.8764101640941249,0.28279489278793335,34.00125460979525,0.7832921286715617,0.61142897605896,-2.017418970770443,-0.09311803542256314,-0.3286340832710266
sample_129,129,jpeg compression artifact,medium,swinir_jpeg_artifact_removal,SwinIR JPEG伪影去除,True,36.01867358056569,0.8764101640941249,0.28279489278793335,36.85426062989056,0.891320583893145,0.3316846489906311,0.8355870493248716,0.01491041979902008,-0.048889756202697754
sample_129,129,jpeg compression artifact,medium,swinir_super_resolution,SwinIR超分辨率,True,36.01867358056569,0.8764101640941249,0.28279489278793335,33.49678893114239,0.8071495349954279,0.5988679528236389,-2.521884649423299,-0.06926062909869701,-0.31607306003570557
sample_129,129,jpeg compression artifact,medium,restormer_motion_deblurring,Restormer运动去模糊,True,36.01867358056569,0.8764101640941249,0.28279489278793335,28.31871398348291,0.7796379706422538,0.46943438053131104,-7.699959597082781,-0.09677219345187105,-0.18663948774337769
sample_129,129,jpeg compression artifact,medium,restormer_defocus_deblurring,Restormer散焦去模糊,True,36.01867358056569,0.8764101640941249,0.28279489278793335,25.809266802644615,0.8229488953140235,0.310162216424942,-10.209406777921075,-0.05346126878010138,-0.027367323637008667
sample_129,129,jpeg compression artifact,medium,restormer_deraining,Restormer去雨,True,36.01867358056569,0.8764101640941249,0.28279489278793335,36.11554249146276,0.8797522571165174,0.29355695843696594,0.09686891089707217,0.0033420930223925227,-0.010762065649032593
sample_129,129,jpeg compression artifact,medium,xrestormer_motion_deblurring,XRestormer运动去模糊,True,36.01867358056569,0.8764101640941249,0.28279489278793335,31.226784435956144,0.7456519449045079,0.5085561275482178,-4.791889144609545,-0.13075821918961694,-0.22576123476028442
sample_129,129,jpeg compression artifact,medium,xrestormer_deraining,XRestormer去雨,True,36.01867358056569,0.8764101640941249,0.28279489278793335,30.393456925246177,0.8674157467156026,0.33372604846954346,-5.625216655319512,-0.008994417378522246,-0.05093115568161011
sample_129,129,jpeg compression artifact,medium,mprnet_denoising,MPRNet去噪,True,36.01867358056569,0.8764101640941249,0.28279489278793335,36.56038312829038,0.8869348914857648,0.34902143478393555,0.5417095477246932,0.010524727391639899,-0.0662265419960022
sample_129,129,jpeg compression artifact,medium,mprnet_motion_deblurring,MPRNet运动去模糊,True,36.01867358056569,0.8764101640941249,0.28279489278793335,33.841221697151795,0.8408065512098323,0.3570970296859741,-2.1774518834138945,-0.03560361288429259,-0.07430213689804077
sample_129,129,jpeg compression artifact,medium,mprnet_deraining,MPRNet去雨,True,36.01867358056569,0.8764101640941249,0.28279489278793335,36.37190178226323,0.8856355759188091,0.325394868850708,0.3532282016975401,0.009225411824684282,-0.04259997606277466
sample_129,129,jpeg compression artifact,medium,fbcnn_jpeg_artifact_removal,FBCNN JPEG伪影去除,True,36.01867358056569,0.8764101640941249,0.28279489278793335,36.88438388006528,0.8914662522250046,0.33396491408348083,0.8657102994995896,0.015056088130879774,-0.051170021295547485
sample_129,129,jpeg compression artifact,medium,drbnet_defocus_deblurring,DRBNet散焦去模糊,True,36.01867358056569,0.8764101640941249,0.28279489278793335,34.28703628279868,0.8590146342154791,0.28626781702041626,-1.7316372977670085,-0.017395529878645788,-0.00347292423248291
sample_129,129,jpeg compression artifact,medium,dehazeformer_dehaze,DehazeFormer去雾,True,36.01867358056569,0.8764101640941249,0.28279489278793335,28.488967490313808,0.8654948345098994,0.28585290908813477,-7.5297060902518815,-0.010915329584225475,-0.003058016300201416
sample_124,124,jpeg compression artifact,very high,swinir_denoising,SwinIR去噪,True,30.694701407640835,0.8250359606570848,0.5208097100257874,31.183138698212165,0.8504485529847887,0.5080180764198303,0.4884372905713299,0.025412592327703876,0.012791633605957031
sample_124,124,jpeg compression artifact,very high,swinir_jpeg_artifact_removal,SwinIR JPEG伪影去除,True,30.694701407640835,0.8250359606570848,0.5208097100257874,31.116440154737045,0.8336567634666641,0.5070459842681885,0.4217387470962102,0.00862080280957922,0.013763725757598877
sample_124,124,jpeg compression artifact,very high,swinir_super_resolution,SwinIR超分辨率,True,30.694701407640835,0.8250359606570848,0.5208097100257874,31.93085038914763,0.8611865221662566,0.35515180230140686,1.236148981506794,0.03615056150917173,0.1656579077243805
sample_124,124,jpeg compression artifact,very high,restormer_motion_deblurring,Restormer运动去模糊,True,30.694701407640835,0.8250359606570848,0.5208097100257874,30.53214811110051,0.8229236333936317,0.5216014385223389,-0.1625532965403238,-0.0021123272634531176,-0.0007917284965515137
sample_124,124,jpeg compression artifact,very high,restormer_defocus_deblurring,Restormer散焦去模糊,True,30.694701407640835,0.8250359606570848,0.5208097100257874,30.97499537684223,0.8465149654402392,0.5117900371551514,0.28029396920139504,0.021479004783154343,0.009019672870635986
sample_124,124,jpeg compression artifact,very high,restormer_deraining,Restormer去雨,True,30.694701407640835,0.8250359606570848,0.5208097100257874,30.703352788123084,0.8225926883365563,0.5174979567527771,0.008651380482248783,-0.0024432723205285445,0.003311753273010254
sample_124,124,jpeg compression artifact,very high,xrestormer_motion_deblurring,XRestormer运动去模糊,True,30.694701407640835,0.8250359606570848,0.5208097100257874,28.22051959013291,0.7603278342520877,0.5683463215827942,-2.474181817507926,-0.06470812640499712,-0.047536611557006836
sample_124,124,jpeg compression artifact,very high,xrestormer_deraining,XRestormer去雨,True,30.694701407640835,0.8250359606570848,0.5208097100257874,29.201031446781865,0.8070351412671161,0.5239658355712891,-1.4936699608589699,-0.01800081938996878,-0.003156125545501709
sample_124,124,jpeg compression artifact,very high,mprnet_denoising,MPRNet去噪,True,30.694701407640835,0.8250359606570848,0.5208097100257874,30.90201253906773,0.833738585013931,0.5344054698944092,0.20731113142689495,0.008702624356846211,-0.013595759868621826
sample_124,124,jpeg compression artifact,very high,mprnet_motion_deblurring,MPRNet运动去模糊,True,30.694701407640835,0.8250359606570848,0.5208097100257874,30.643267798200714,0.8229880561385565,0.5211936235427856,-0.051433609440120875,-0.0020479045185283207,-0.000383913516998291
sample_124,124,jpeg compression artifact,very high,mprnet_deraining,MPRNet去雨,True,30.694701407640835,0.8250359606570848,0.5208097100257874,30.76470519770964,0.8276491562876469,0.5199458599090576,0.07000379006880664,0.0026131956305620596,0.0008638501167297363
sample_124,124,jpeg compression artifact,very high,fbcnn_jpeg_artifact_removal,FBCNN JPEG伪影去除,True,30.694701407640835,0.8250359606570848,0.5208097100257874,36.646868894331256,0.9169715829620104,0.3005562424659729,5.952167486690421,0.09193562230492558,0.22025346755981445
sample_124,124,jpeg compression artifact,very high,drbnet_defocus_deblurring,DRBNet散焦去模糊,True,30.694701407640835,0.8250359606570848,0.5208097100257874,29.42025253654332,0.8247146027705395,0.5284379124641418,-1.2744488710975155,-0.00032135788654530373,-0.007628202438354492
sample_124,124,jpeg compression artifact,very high,dehazeformer_dehaze,DehazeFormer去雾,True,30.694701407640835,0.8250359606570848,0.5208097100257874,31.066383450096644,0.7779905745289608,0.4951857030391693,0.3716820424558094,-0.047045386128124034,0.025624006986618042
sample_140,140,noise,low,swinir_denoising,SwinIR去噪,True,33.833473743017024,0.7476797323046601,0.1682826727628708,39.533051051352146,0.9335483999572863,0.37762659788131714,5.699577308335122,0.18586866765262622,-0.20934392511844635
sample_140,140,noise,low,swinir_jpeg_artifact_removal,SwinIR JPEG伪影去除,True,33.833473743017024,0.7476797323046601,0.1682826727628708,37.834002546410034,0.8916404515598785,0.1201406866312027,4.00052880339301,0.14396071925521836,0.04814198613166809
sample_140,140,noise,low,swinir_super_resolution,SwinIR超分辨率,True,33.833473743017024,0.7476797323046601,0.1682826727628708,38.486315244957574,0.9400622935195136,0.23845160007476807,4.65284150194055,0.19238256121485353,-0.07016892731189728
sample_140,140,noise,low,restormer_motion_deblurring,Restormer运动去模糊,True,33.833473743017024,0.7476797323046601,0.1682826727628708,30.704230622866717,0.7703045805465316,0.2679743766784668,-3.1292431201503064,0.022624848241871498,-0.09969170391559601
sample_140,140,noise,low,restormer_defocus_deblurring,Restormer散焦去模糊,True,33.833473743017024,0.7476797323046601,0.1682826727628708,35.403682128256726,0.8366886861167364,0.1802985519170761,1.5702083852397024,0.0890089538120763,-0.012015879154205322
sample_140,140,noise,low,restormer_deraining,Restormer去雨,True,33.833473743017024,0.7476797323046601,0.1682826727628708,37.10678044903155,0.8712140314620328,0.0669187605381012,3.273306706014523,0.12353429915737268,0.10136391222476959
sample_140,140,noise,low,xrestormer_motion_deblurring,XRestormer运动去模糊,True,33.833473743017024,0.7476797323046601,0.1682826727628708,32.32426552419158,0.6883890675700092,0.48410993814468384,-1.5092082188254423,-0.059290664734650944,-0.31582726538181305
sample_140,140,noise,low,xrestormer_deraining,XRestormer去雨,True,33.833473743017024,0.7476797323046601,0.1682826727628708,33.63729028759859,0.8565354776222435,0.13158850371837616,-0.19618345541843496,0.10885574531758335,0.03669416904449463
sample_140,140,noise,low,mprnet_denoising,MPRNet去噪,True,33.833473743017024,0.7476797323046601,0.1682826727628708,40.72570957264936,0.9492090939236388,0.36649543046951294,6.892235829632334,0.20152936161897872,-0.19821275770664215
sample_140,140,noise,low,mprnet_motion_deblurring,MPRNet运动去模糊,True,33.833473743017024,0.7476797323046601,0.1682826727628708,25.60954406891941,0.46972187717929276,0.7173174023628235,-8.223929674097615,-0.27795785512536736,-0.5490347295999527
sample_140,140,noise,low,mprnet_deraining,MPRNet去雨,True,33.833473743017024,0.7476797323046601,0.1682826727628708,37.382263292997976,0.8769881323651315,0.07887690514326096,3.5487895499809525,0.1293084000604714,0.08940576761960983
sample_140,140,noise,low,fbcnn_jpeg_artifact_removal,FBCNN JPEG伪影去除,True,33.833473743017024,0.7476797323046601,0.1682826727628708,37.57035934214748,0.8744702752017086,0.16641713678836823,3.73688559913046,0.1267905428970485,0.0018655359745025635
sample_140,140,noise,low,drbnet_defocus_deblurring,DRBNet散焦去模糊,True,33.833473743017024,0.7476797323046601,0.1682826727628708,33.26837998946026,0.799759608579842,0.2339540421962738,-0.5650937535567664,0.05207987627518185,-0.06567136943340302
sample_140,140,noise,low,dehazeformer_dehaze,DehazeFormer去雾,True,33.833473743017024,0.7476797323046601,0.1682826727628708,8.711162187265348,0.3454439191904859,0.8743985295295715,-25.122311555751676,-0.4022358131141742,-0.7061158567667007
sample_137,137,rain,medium,swinir_denoising,SwinIR去噪,True,20.818375163441676,0.5958098571815627,0.6023092865943909,20.949919491530522,0.5532476418439454,0.6304274797439575,0.13154432808884664,-0.04256221533761728,-0.02811819314956665
sample_137,137,rain,medium,swinir_jpeg_artifact_removal,SwinIR JPEG伪影去除,True,20.818375163441676,0.5958098571815627,0.6023092865943909,20.375072244935378,0.5568373868022345,0.6184467077255249,-0.44330291850629777,-0.03897247037932816,-0.016137421131134033
sample_137,137,rain,medium,swinir_super_resolution,SwinIR超分辨率,True,20.818375163441676,0.5958098571815627,0.6023092865943909,20.251455969738572,0.6772350118551357,0.5542991757392883,-0.5669191937031037,0.08142515467357303,0.04801011085510254
sample_137,137,rain,medium,restormer_motion_deblurring,Restormer运动去模糊,True,20.818375163441676,0.5958098571815627,0.6023092865943909,20.836757367169877,0.5957978092003993,0.5968918800354004,0.01838220372820132,-1.2047981163387789e-05,0.0054174065589904785
sample_137,137,rain,medium,restormer_defocus_deblurring,Restormer散焦去模糊,True,20.818375163441676,0.5958098571815627,0.6023092865943909,19.13792962866214,0.5775756774152009,0.5913618206977844,-1.6804455347795368,-0.01823417976636177,0.010947465896606445
sample_137,137,rain,medium,restormer_deraining,Restormer去雨,True,20.818375163441676,0.5958098571815627,0.6023092865943909,39.22947801337295,0.960699554264702,0.1364298015832901,18.41110284993127,0.36488969708313934,0.46587948501110077
sample_137,137,rain,medium,xrestormer_motion_deblurring,XRestormer运动去模糊,True,20.818375163441676,0.5958098571815627,0.6023092865943909,17.645448808287178,0.41043120965897545,0.7034077644348145,-3.172926355154498,-0.1853786475225872,-0.10109847784042358
sample_137,137,rain,medium,xrestormer_deraining,XRestormer去雨,True,20.818375163441676,0.5958098571815627,0.6023092865943909,39.782526308944234,0.9625289361433294,0.1323348730802536,18.96415114550256,0.3667190789617667,0.46997441351413727
sample_137,137,rain,medium,mprnet_denoising,MPRNet去噪,True,20.818375163441676,0.5958098571815627,0.6023092865943909,21.289387366505675,0.596421389816092,0.6220149397850037,0.4710122030639994,0.0006115326345293992,-0.019705653190612793
sample_137,137,rain,medium,mprnet_motion_deblurring,MPRNet运动去模糊,True,20.818375163441676,0.5958098571815627,0.6023092865943909,20.76285637051615,0.5934253419807294,0.6016733646392822,-0.05551879292552542,-0.0023845152008332704,0.0006359219551086426
sample_137,137,rain,medium,mprnet_deraining,MPRNet去雨,True,20.818375163441676,0.5958098571815627,0.6023092865943909,28.059908180736926,0.8831622601614119,0.3446628451347351,7.24153301729525,0.2873524029798492,0.25764644145965576
sample_137,137,rain,medium,fbcnn_jpeg_artifact_removal,FBCNN JPEG伪影去除,True,20.818375163441676,0.5958098571815627,0.6023092865943909,20.762281616320983,0.5923144294071335,0.6033036112785339,-0.05609354712069248,-0.0034954277744291273,-0.0009943246841430664
sample_137,137,rain,medium,drbnet_defocus_deblurring,DRBNet散焦去模糊,True,20.818375163441676,0.5958098571815627,0.6023092865943909,21.51993504490936,0.6076646725923137,0.5779881477355957,0.7015598814676842,0.011854815410751063,0.024321138858795166
sample_137,137,rain,medium,dehazeformer_dehaze,DehazeFormer去雾,True,20.818375163441676,0.5958098571815627,0.6023092865943909,20.46374440601062,0.5713164194114425,0.610659658908844,-0.35463075743105676,-0.02449343777012014,-0.008350372314453125
sample_142,142,low resolution,low,swinir_denoising,SwinIR去噪,True,49.23034501785136,0.9972304128561954,0.0022390317171812057,33.808747426992205,0.8959443614537156,0.1848273128271103,-15.421597590859157,-0.10128605140247982,-0.18258828110992908
sample_142,142,low resolution,low,swinir_jpeg_artifact_removal,SwinIR JPEG伪影去除,True,49.23034501785136,0.9972304128561954,0.0022390317171812057,35.38514575635007,0.9256443314028683,0.09360523521900177,-13.845199261501293,-0.07158608145332712,-0.09136620350182056
sample_142,142,low resolution,low,swinir_super_resolution,SwinIR超分辨率,True,49.23034501785136,0.9972304128561954,0.0022390317171812057,33.41715720484945,0.8604950310062106,0.12905792891979218,-15.81318781300191,-0.1367353818499848,-0.12681889720261097
sample_142,142,low resolution,low,restormer_motion_deblurring,Restormer运动去模糊,True,49.23034501785136,0.9972304128561954,0.0022390317171812057,47.20954794491809,0.9968807278042969,0.0017629042267799377,-2.02079707293327,-0.000349685051898474,0.000476127490401268
sample_142,142,low resolution,low,restormer_defocus_deblurring,Restormer散焦去模糊,True,49.23034501785136,0.9972304128561954,0.0022390317171812057,28.832751612051997,0.9102674902298385,0.0353274792432785,-20.397593405799366,-0.08696292262635685,-0.0330884475260973
sample_142,142,low resolution,low,restormer_deraining,Restormer去雨,True,49.23034501785136,0.9972304128561954,0.0022390317171812057,43.48848715059836,0.9834868527928955,0.02882089465856552,-5.741857867253003,-0.013743560063299909,-0.026581862941384315
sample_142,142,low resolution,low,xrestormer_motion_deblurring,XRestormer运动去模糊,True,49.23034501785136,0.9972304128561954,0.0022390317171812057,21.893147086907764,0.7344311087872533,0.2529233694076538,-27.3371979309436,-0.26279930406894214,-0.2506843376904726
sample_142,142,low resolution,low,xrestormer_deraining,XRestormer去雨,True,49.23034501785136,0.9972304128561954,0.0022390317171812057,34.350314315872744,0.9851797190939665,0.008779100142419338,-14.880030701978619,-0.012050693762228892,-0.0065400684252381325
sample_142,142,low resolution,low,mprnet_denoising,MPRNet去噪,True,49.23034501785136,0.9972304128561954,0.0022390317171812057,35.27559897706221,0.9386067119922875,0.09642504900693893,-13.954746040789153,-0.05862370086390789,-0.09418601728975773
sample_142,142,low resolution,low,mprnet_motion_deblurring,MPRNet运动去模糊,True,49.23034501785136,0.9972304128561954,0.0022390317171812057,44.763977717878774,0.9901319465741816,0.0041096946224570274,-4.466367299972589,-0.007098466282013827,-0.0018706629052758217
sample_142,142,low resolution,low,mprnet_deraining,MPRNet去雨,True,49.23034501785136,0.9972304128561954,0.0022390317171812057,38.57962465341807,0.9789584229405647,0.035445794463157654,-10.65072036443329,-0.018271989915630726,-0.03320676274597645
sample_142,142,low resolution,low,fbcnn_jpeg_artifact_removal,FBCNN JPEG伪影去除,True,49.23034501785136,0.9972304128561954,0.0022390317171812057,40.86671869302121,0.9665514969772838,0.015477296896278858,-8.36362632483015,-0.030678915878911583,-0.013238265179097652
sample_142,142,low resolution,low,drbnet_defocus_deblurring,DRBNet散焦去模糊,True,49.23034501785136,0.9972304128561954,0.0022390317171812057,38.45683709088435,0.984867908038363,0.0044706123881042,-10.773507926967014,-0.01236250481783241,-0.0022315806709229946
sample_142,142,low resolution,low,dehazeformer_dehaze,DehazeFormer去雾,True,49.23034501785136,0.9972304128561954,0.0022390317171812057,19.96898283710599,0.8853575391607608,0.05484628304839134,-29.261362180745373,-0.11187287369543464,-0.052607251331210136
sample_138,138,motion blur,low,swinir_denoising,SwinIR去噪,True,21.998868105003417,0.8339827583190078,0.16460315883159637,21.546898545233027,0.7862040004027303,0.260928750038147,-0.4519695597703901,-0.0477787579162775,-0.0963255912065506
sample_138,138,motion blur,low,swinir_jpeg_artifact_removal,SwinIR JPEG伪影去除,True,21.998868105003417,0.8339827583190078,0.16460315883159637,21.5212849742519,0.7897719679194356,0.23885829746723175,-0.47758313075151904,-0.04421079039957221,-0.07425513863563538
sample_138,138,motion blur,low,swinir_super_resolution,SwinIR超分辨率,True,21.998868105003417,0.8339827583190078,0.16460315883159637,20.44266451533822,0.7667908161600728,0.2541073262691498,-1.5562035896651985,-0.06719194215893498,-0.0895041674375534
sample_138,138,motion blur,low,restormer_motion_deblurring,Restormer运动去模糊,True,21.998868105003417,0.8339827583190078,0.16460315883159637,23.144505388679775,0.8779149567515551,0.08884717524051666,1.1456372836763578,0.043932198432547254,0.07575598359107971
sample_138,138,motion blur,low,restormer_defocus_deblurring,Restormer散焦去模糊,True,21.998868105003417,0.8339827583190078,0.16460315883159637,20.443240046056545,0.7850709030715617,0.14911888539791107,-1.5556280589468727,-0.04891185524744612,0.015484273433685303
sample_138,138,motion blur,low,restormer_deraining,Restormer去雨,True,21.998868105003417,0.8339827583190078,0.16460315883159637,21.965146189108623,0.8211989511405712,0.18815778195858002,-0.03372191589479456,-0.012783807178436635,-0.023554623126983643
sample_138,138,motion blur,low,xrestormer_motion_deblurring,XRestormer运动去模糊,True,21.998868105003417,0.8339827583190078,0.16460315883159637,15.006709392997745,0.6367099527736917,0.26825469732284546,-6.992158712005672,-0.19727280554531612,-0.10365153849124908
sample_138,138,motion blur,low,xrestormer_deraining,XRestormer去雨,True,21.998868105003417,0.8339827583190078,0.16460315883159637,21.95943622257844,0.829791630567411,0.17046290636062622,-0.03943188242497797,-0.0041911277515968015,-0.005859747529029846
sample_138,138,motion blur,low,mprnet_denoising,MPRNet去噪,True,21.998868105003417,0.8339827583190078,0.16460315883159637,21.389211077865788,0.7854941236383995,0.29372546076774597,-0.6096570271376294,-0.04848863468060827,-0.1291223019361496
sample_138,138,motion blur,low,mprnet_motion_deblurring,MPRNet运动去模糊,True,21.998868105003417,0.8339827583190078,0.16460315883159637,29.56614422383818,0.9605616398170179,0.0600648932158947,7.567276118834762,0.1265788814980101,0.10453826561570168
sample_138,138,motion blur,low,mprnet_deraining,MPRNet去雨,True,21.998868105003417,0.8339827583190078,0.16460315883159637,21.890577382693472,0.8153943586388862,0.1900356113910675,-0.10829072230994541,-0.018588399680121603,-0.02543245255947113
sample_138,138,motion blur,low,fbcnn_jpeg_artifact_removal,FBCNN JPEG伪影去除,True,21.998868105003417,0.8339827583190078,0.16460315883159637,21.898735827301124,0.820141026049833,0.16960471868515015,-0.10013227770229349,-0.013841732269174845,-0.005001559853553772
sample_138,138,motion blur,low,drbnet_defocus_deblurring,DRBNet散焦去模糊,True,21.998868105003417,0.8339827583190078,0.16460315883159637,21.393443034347406,0.8193870324802357,0.1547812819480896,-0.6054250706560111,-0.014595725838772111,0.009821876883506775
sample_138,138,motion blur,low,dehazeformer_dehaze,DehazeFormer去雾,True,21.998868105003417,0.8339827583190078,0.16460315883159637,19.07523456115415,0.5438901059146639,0.1708061546087265,-2.9236335438492667,-0.2900926524043439,-0.006202995777130127
sample_139,139,jpeg compression artifact,low,swinir_denoising,SwinIR去噪,True,34.04796905826392,0.9388555730623599,0.03403202071785927,34.882717212405986,0.9424201607800463,0.07250996679067612,0.8347481541420692,0.0035645877176864182,-0.03847794607281685
sample_139,139,jpeg compression artifact,low,swinir_jpeg_artifact_removal,SwinIR JPEG伪影去除,True,34.04796905826392,0.9388555730623599,0.03403202071785927,37.14296092090991,0.9667306998780808,0.03396479785442352,3.0949918626459905,0.027875126815720908,6.722286343574524e-05
sample_139,139,jpeg compression artifact,low,swinir_super_resolution,SwinIR超分辨率,True,34.04796905826392,0.9388555730623599,0.03403202071785927,28.51878192967401,0.8852144495684259,0.18775175511837006,-5.529187128589907,-0.05364112349393402,-0.1537197344005108
sample_139,139,jpeg compression artifact,low,restormer_motion_deblurring,Restormer运动去模糊,True,34.04796905826392,0.9388555730623599,0.03403202071785927,33.67804799874196,0.9368880519197685,0.03443967178463936,-0.36992105952195686,-0.0019675211425913552,-0.00040765106678009033
sample_139,139,jpeg compression artifact,low,restormer_defocus_deblurring,Restormer散焦去模糊,True,34.04796905826392,0.9388555730623599,0.03403202071785927,26.132206852601488,0.909058091024462,0.061438415199518204,-7.915762205662428,-0.029797482037897893,-0.027406394481658936
sample_139,139,jpeg compression artifact,low,restormer_deraining,Restormer去雨,True,34.04796905826392,0.9388555730623599,0.03403202071785927,34.198872133336536,0.9411704656673759,0.034839093685150146,0.15090307507261969,0.00231489260501605,-0.0008070729672908783
sample_139,139,jpeg compression artifact,low,xrestormer_motion_deblurring,XRestormer运动去模糊,True,34.04796905826392,0.9388555730623599,0.03403202071785927,20.061978294800955,0.6994890004614905,0.1952822506427765,-13.985990763462961,-0.23936657260086935,-0.16125022992491722
sample_139,139,jpeg compression artifact,low,xrestormer_deraining,XRestormer去雨,True,34.04796905826392,0.9388555730623599,0.03403202071785927,34.41125859362477,0.9454366517023608,0.03551881015300751,0.36328953536085606,0.006581078640000904,-0.0014867894351482391
sample_139,139,jpeg compression artifact,low,mprnet_denoising,MPRNet去噪,True,34.04796905826392,0.9388555730623599,0.03403202071785927,33.26652383343573,0.94646351743132,0.0664452314376831,-0.7814452248281896,0.007607944368960062,-0.03241321071982384
sample_139,139,jpeg compression artifact,low,mprnet_motion_deblurring,MPRNet运动去模糊,True,34.04796905826392,0.9388555730623599,0.03403202071785927,33.729305455924965,0.9363046929367019,0.03417736664414406,-0.3186636023389511,-0.0025508801256579616,-0.00014534592628479004
sample_139,139,jpeg compression artifact,low,mprnet_deraining,MPRNet去雨,True,34.04796905826392,0.9388555730623599,0.03403202071785927,34.25658167626692,0.9466130981894655,0.04222600907087326,0.20861261800300213,0.007757525127105591,-0.008193988353013992
sample_139,139,jpeg compression artifact,low,fbcnn_jpeg_artifact_removal,FBCNN JPEG伪影去除,True,34.04796905826392,0.9388555730623599,0.03403202071785927,37.24549421786834,0.9687792490640651,0.029125139117240906,3.1975251596044245,0.0299236760017052,0.004906881600618362
sample_139,139,jpeg compression artifact,low,drbnet_defocus_deblurring,DRBNet散焦去模糊,True,34.04796905826392,0.9388555730623599,0.03403202071785927,32.731900948986045,0.9302398584210799,0.03465208038687706,-1.3160681092778717,-0.00861571464127997,-0.0006200596690177917
sample_139,139,jpeg compression artifact,low,dehazeformer_dehaze,DehazeFormer去雾,True,34.04796905826392,0.9388555730623599,0.03403202071785927,27.50657690317585,0.8929547911732979,0.0429074689745903,-6.541392155088065,-0.04590078188906199,-0.008875448256731033
sample_143,143,jpeg compression artifact,high,swinir_denoising,SwinIR去噪,True,23.445048921253047,0.8034790857687203,0.26784035563468933,24.07768228539931,0.8026589487252029,0.3543117940425873,0.6326333641462618,-0.000820137043517355,-0.08647143840789795
sample_143,143,jpeg compression artifact,high,swinir_jpeg_artifact_removal,SwinIR JPEG伪影去除,True,23.445048921253047,0.8034790857687203,0.26784035563468933,24.800572448496723,0.8427946869294517,0.2115086168050766,1.355523527243676,0.039315601160731406,0.05633173882961273
sample_143,143,jpeg compression artifact,high,swinir_super_resolution,SwinIR超分辨率,True,23.445048921253047,0.8034790857687203,0.26784035563468933,20.05703015813641,0.5730671342704935,0.5019880533218384,-3.388018763116637,-0.2304119514982268,-0.23414769768714905
sample_143,143,jpeg compression artifact,high,restormer_motion_deblurring,Restormer运动去模糊,True,23.445048921253047,0.8034790857687203,0.26784035563468933,23.336282856507506,0.8008307319870965,0.26456233859062195,-0.10876606474554151,-0.002648353781623758,0.003278017044067383
sample_143,143,jpeg compression artifact,high,restormer_defocus_deblurring,Restormer散焦去模糊,True,23.445048921253047,0.8034790857687203,0.26784035563468933,21.674566934792292,0.7828323850075604,0.2617771625518799,-1.770481986460755,-0.02064670076115993,0.006063193082809448
sample_143,143,jpeg compression artifact,high,restormer_deraining,Restormer去雨,True,23.445048921253047,0.8034790857687203,0.26784035563468933,22.97557220653286,0.8005137525372502,0.26954787969589233,-0.46947671472018726,-0.0029653332314700798,-0.001707524061203003
sample_143,143,jpeg compression artifact,high,xrestormer_motion_deblurring,XRestormer运动去模糊,True,23.445048921253047,0.8034790857687203,0.26784035563468933,14.024266195479232,0.403978507188352,0.5840368866920471,-9.420782725773815,-0.3995005785803683,-0.3161965310573578
sample_143,143,jpeg compression artifact,high,xrestormer_deraining,XRestormer去雨,True,23.445048921253047,0.8034790857687203,0.26784035563468933,22.58562204739263,0.7837069947381984,0.2698524594306946,-0.8594268738604178,-0.01977209103052191,-0.002012103796005249
sample_143,143,jpeg compression artifact,high,mprnet_denoising,MPRNet去噪,True,23.445048921253047,0.8034790857687203,0.26784035563468933,23.54753617806135,0.7849231253512049,0.3203187882900238,0.10248725680830262,-0.018555960417515394,-0.05247843265533447
sample_143,143,jpeg compression artifact,high,mprnet_motion_deblurring,MPRNet运动去模糊,True,23.445048921253047,0.8034790857687203,0.26784035563468933,23.073805823897832,0.7975041761467717,0.25849491357803345,-0.3712430973552152,-0.0059749096219485764,0.009345442056655884
sample_143,143,jpeg compression artifact,high,mprnet_deraining,MPRNet去雨,True,23.445048921253047,0.8034790857687203,0.26784035563468933,23.353782192474416,0.8002460005177864,0.2779864966869354,-0.09126672877863129,-0.003233085250933909,-0.010146141052246094
sample_143,143,jpeg compression artifact,high,fbcnn_jpeg_artifact_removal,FBCNN JPEG伪影去除,True,23.445048921253047,0.8034790857687203,0.26784035563468933,24.66610250536021,0.8320761610272904,0.23806150257587433,1.221053584107164,0.028597075258570137,0.029778853058815002
sample_143,143,jpeg compression artifact,high,drbnet_defocus_deblurring,DRBNet散焦去模糊,True,23.445048921253047,0.8034790857687203,0.26784035563468933,23.252262547769313,0.7847785970499991,0.259497731924057,-0.1927863734837345,-0.01870048871872121,0.008342623710632324
sample_143,143,jpeg compression artifact,high,dehazeformer_dehaze,DehazeFormer去雾,True,23.445048921253047,0.8034790857687203,0.26784035563468933,23.30543799920486,0.8025085389288948,0.2669696807861328,-0.13961092204818826,-0.000970546839825448,0.0008706748485565186
sample_146,146,noise,high,swinir_denoising,SwinIR去噪,True,17.839138019941153,0.22734459303557472,0.6861556172370911,25.090029847986717,0.5170636938371774,0.3098199665546417,7.250891828045564,0.2897191008016027,0.37633565068244934
sample_146,146,noise,high,swinir_jpeg_artifact_removal,SwinIR JPEG伪影去除,True,17.839138019941153,0.22734459303557472,0.6861556172370911,18.76882153681728,0.3656925663327592,0.47100913524627686,0.9296835168761284,0.13834797329718448,0.2151464819908142
sample_146,146,noise,high,swinir_super_resolution,SwinIR超分辨率,True,17.839138019941153,0.22734459303557472,0.6861556172370911,23.63487069764655,0.7113784245142419,0.43491771817207336,5.795732677705399,0.4840338314786672,0.2512378990650177
sample_146,146,noise,high,restormer_motion_deblurring,Restormer运动去模糊,True,17.839138019941153,0.22734459303557472,0.6861556172370911,17.538302098653975,0.2309061724471407,0.6848912835121155,-0.3008359212871774,0.003561579411565985,0.001264333724975586
sample_146,146,noise,high,restormer_defocus_deblurring,Restormer散焦去模糊,True,17.839138019941153,0.22734459303557472,0.6861556172370911,20.313513582526443,0.3019993506370541,0.6054069399833679,2.4743755625852906,0.07465475760147935,0.08074867725372314
sample_146,146,noise,high,restormer_deraining,Restormer去雨,True,17.839138019941153,0.22734459303557472,0.6861556172370911,16.174645667519478,0.21617334645425604,0.8243305683135986,-1.664492352421675,-0.011171246581318683,-0.13817495107650757
sample_146,146,noise,high,xrestormer_motion_deblurring,XRestormer运动去模糊,True,17.839138019941153,0.22734459303557472,0.6861556172370911,14.245558032353479,0.15664987105489817,0.6393873691558838,-3.593579987587674,-0.07069472198067656,0.046768248081207275
sample_146,146,noise,high,xrestormer_deraining,XRestormer去雨,True,17.839138019941153,0.22734459303557472,0.6861556172370911,19.388507855750408,0.2985849442571716,0.721348226070404,1.5493698358092551,0.07124035122159686,-0.03519260883331299
sample_146,146,noise,high,mprnet_denoising,MPRNet去噪,True,17.839138019941153,0.22734459303557472,0.6861556172370911,26.814497845023798,0.785181392298458,0.2647426724433899,8.975359825082645,0.5578367992628832,0.42141294479370117
sample_146,146,noise,high,mprnet_motion_deblurring,MPRNet运动去模糊,True,17.839138019941153,0.22734459303557472,0.6861556172370911,5.154350183493066,0.007687845258251679,0.8590682148933411,-12.684787836448088,-0.21965674777732305,-0.17291259765625
sample_146,146,noise,high,mprnet_deraining,MPRNet去雨,True,17.839138019941153,0.22734459303557472,0.6861556172370911,19.480784526969487,0.27618614754911447,0.6714168190956116,1.6416465070283337,0.04884155451353975,0.014738798141479492
sample_146,146,noise,high,fbcnn_jpeg_artifact_removal,FBCNN JPEG伪影去除,True,17.839138019941153,0.22734459303557472,0.6861556172370911,20.563061807162924,0.31998664108787606,0.7276572585105896,2.7239237872217714,0.09264204805230133,-0.041501641273498535
sample_146,146,noise,high,drbnet_defocus_deblurring,DRBNet散焦去模糊,True,17.839138019941153,0.22734459303557472,0.6861556172370911,22.107218416225063,0.35914891340424554,0.5864564776420593,4.26808039628391,0.13180432036867082,0.09969913959503174
sample_146,146,noise,high,dehazeformer_dehaze,DehazeFormer去雾,True,17.839138019941153,0.22734459303557472,0.6861556172370911,15.967885972666867,0.22808340271301927,0.7465465068817139,-1.871252047274286,0.0007388096774445518,-0.0603908896446228
sample_147,147,jpeg compression artifact,very high,swinir_denoising,SwinIR去噪,True,29.45040769312499,0.8534191077562779,0.20805810391902924,31.53222468202062,0.9130064981797239,0.15987855195999146,2.0818169888956284,0.05958739042344596,0.04817955195903778
sample_147,147,jpeg compression artifact,very high,swinir_jpeg_artifact_removal,SwinIR JPEG伪影去除,True,29.45040769312499,0.8534191077562779,0.20805810391902924,30.689787371484986,0.8895272351854557,0.14395490288734436,1.2393796783599953,0.036108127429177794,0.06410320103168488
sample_147,147,jpeg compression artifact,very high,swinir_super_resolution,SwinIR超分辨率,True,29.45040769312499,0.8534191077562779,0.20805810391902924,26.37962495157815,0.845618742314012,0.3299020230770111,-3.0707827415468394,-0.007800365442265922,-0.12184391915798187
sample_147,147,jpeg compression artifact,very high,restormer_motion_deblurring,Restormer运动去模糊,True,29.45040769312499,0.8534191077562779,0.20805810391902924,29.163443960169108,0.8481753188951598,0.21512466669082642,-0.28696373295588273,-0.005243788861118093,-0.00706656277179718
sample_147,147,jpeg compression artifact,very high,restormer_defocus_deblurring,Restormer散焦去模糊,True,29.45040769312499,0.8534191077562779,0.20805810391902924,27.843546363992623,0.8448490498828818,0.2139575481414795,-1.606861329132368,-0.008570057873396153,-0.005899444222450256
sample_147,147,jpeg compression artifact,very high,restormer_deraining,Restormer去雨,True,29.45040769312499,0.8534191077562779,0.20805810391902924,29.54997204244361,0.8568355580665682,0.1989121437072754,0.09956434931861935,0.0034164503102902533,0.009145960211753845
sample_147,147,jpeg compression artifact,very high,xrestormer_motion_deblurring,XRestormer运动去模糊,True,29.45040769312499,0.8534191077562779,0.20805810391902924,19.01760760602858,0.579994608034457,0.33676666021347046,-10.43280008709641,-0.2734244997218209,-0.12870855629444122
sample_147,147,jpeg compression artifact,very high,xrestormer_deraining,XRestormer去雨,True,29.45040769312499,0.8534191077562779,0.20805810391902924,29.378678589194372,0.8583488681381568,0.19248747825622559,-0.07172910393061827,0.004929760381878867,0.01557062566280365
sample_147,147,jpeg compression artifact,very high,mprnet_denoising,MPRNet去噪,True,29.45040769312499,0.8534191077562779,0.20805810391902924,30.150696473761784,0.8816515038709335,0.18253371119499207,0.700288780636793,0.028232396114655556,0.02552439272403717
sample_147,147,jpeg compression artifact,very high,mprnet_motion_deblurring,MPRNet运动去模糊,True,29.45040769312499,0.8534191077562779,0.20805810391902924,29.072285610431376,0.8461838960471857,0.21164114773273468,-0.3781220826936149,-0.0072352117090922485,-0.0035830438137054443
sample_147,147,jpeg compression artifact,very high,mprnet_deraining,MPRNet去雨,True,29.45040769312499,0.8534191077562779,0.20805810391902924,29.83324582304744,0.8705293375035716,0.17802757024765015,0.38283812992245103,0.017110229747293704,0.03003053367137909
sample_147,147,jpeg compression artifact,very high,fbcnn_jpeg_artifact_removal,FBCNN JPEG伪影去除,True,29.45040769312499,0.8534191077562779,0.20805810391902924,33.08981005182182,0.9309518398945515,0.09032261371612549,3.639402358696831,0.07753273213827361,0.11773549020290375
sample_147,147,jpeg compression artifact,very high,drbnet_defocus_deblurring,DRBNet散焦去模糊,True,29.45040769312499,0.8534191077562779,0.20805810391902924,28.756641505174013,0.8489101855589628,0.22387844324111938,-0.6937661879509776,-0.004508922197315135,-0.01582033932209015
sample_147,147,jpeg compression artifact,very high,dehazeformer_dehaze,DehazeFormer去雾,True,29.45040769312499,0.8534191077562779,0.20805810391902924,23.39052917697974,0.6834639062949798,0.20809200406074524,-6.05987851614525,-0.16995520146129817,-3.390014171600342e-05
sample_144,144,motion blur,high,swinir_denoising,SwinIR去噪,True,21.99458131119957,0.5476087970552309,0.5041605234146118,21.698080856185967,0.4477500705931658,0.6482226252555847,-0.29650045501360367,-0.09985872646206512,-0.1440621018409729
sample_144,144,motion blur,high,swinir_jpeg_artifact_removal,SwinIR JPEG伪影去除,True,21.99458131119957,0.5476087970552309,0.5041605234146118,21.80328481534737,0.4855058289069549,0.5662813186645508,-0.19129649585219966,-0.06210296814827604,-0.062120795249938965
sample_144,144,motion blur,high,swinir_super_resolution,SwinIR超分辨率,True,21.99458131119957,0.5476087970552309,0.5041605234146118,21.658931373324272,0.5672632324368417,0.5663945078849792,-0.3356499378752993,0.019654435381610824,-0.06223398447036743
sample_144,144,motion blur,high,restormer_motion_deblurring,Restormer运动去模糊,True,21.99458131119957,0.5476087970552309,0.5041605234146118,21.155877885308655,0.45462912429280894,0.399114727973938,-0.8387034258909161,-0.09297967276242197,0.10504579544067383
sample_144,144,motion blur,high,restormer_defocus_deblurring,Restormer散焦去模糊,True,21.99458131119957,0.5476087970552309,0.5041605234146118,21.673296957450027,0.5168004132150213,0.503588855266571,-0.3212843537495438,-0.030808383840209563,0.0005716681480407715
sample_144,144,motion blur,high,restormer_deraining,Restormer去雨,True,21.99458131119957,0.5476087970552309,0.5041605234146118,21.84734160429675,0.514955578256319,0.5105003118515015,-0.14723970690281973,-0.03265321879891192,-0.0063397884368896484
sample_144,144,motion blur,high,xrestormer_motion_deblurring,XRestormer运动去模糊,True,21.99458131119957,0.5476087970552309,0.5041605234146118,20.93515072787057,0.4908581002418231,0.5204482674598694,-1.059430583329,-0.05675069681340783,-0.01628774404525757
sample_144,144,motion blur,high,xrestormer_deraining,XRestormer去雨,True,21.99458131119957,0.5476087970552309,0.5041605234146118,21.74677330352631,0.5063558491733239,0.5209267735481262,-0.24780800767326028,-0.04125294788190703,-0.016766250133514404
sample_144,144,motion blur,high,mprnet_denoising,MPRNet去噪,True,21.99458131119957,0.5476087970552309,0.5041605234146118,21.8855799826625,0.512787219480403,0.5391309857368469,-0.10900132853707234,-0.034821577574827955,-0.03497046232223511
sample_144,144,motion blur,high,mprnet_motion_deblurring,MPRNet运动去模糊,True,21.99458131119957,0.5476087970552309,0.5041605234146118,20.982371203956784,0.4739939055622832,0.4667884111404419,-1.0122101072427867,-0.0736148914929477,0.03737211227416992
sample_144,144,motion blur,high,mprnet_deraining,MPRNet去雨,True,21.99458131119957,0.5476087970552309,0.5041605234146118,21.730333315646583,0.4959752156704515,0.5463355779647827,-0.2642479955529886,-0.051633581384779415,-0.0421750545501709
sample_144,144,motion blur,high,fbcnn_jpeg_artifact_removal,FBCNN JPEG伪影去除,True,21.99458131119957,0.5476087970552309,0.5041605234146118,21.96293875366585,0.5356720506172025,0.5109665393829346,-0.03164255753372203,-0.011936746438028445,-0.006806015968322754
sample_144,144,motion blur,high,drbnet_defocus_deblurring,DRBNet散焦去模糊,True,21.99458131119957,0.5476087970552309,0.5041605234146118,21.606175006898635,0.5378415936828179,0.46683257818222046,-0.38840630430093626,-0.009767203372412991,0.03732794523239136
sample_144,144,motion blur,high,dehazeformer_dehaze,DehazeFormer去雾,True,21.99458131119957,0.5476087970552309,0.5041605234146118,17.36410721932387,0.501289161546962,0.5116714239120483,-4.630474091875701,-0.0463196355082689,-0.0075109004974365234
sample_151,151,noise,high,swinir_denoising,SwinIR去噪,True,20.68463019749118,0.3361248318920454,0.8940857648849487,29.37873926834844,0.7386092548119922,0.2835337519645691,8.694109070857259,0.40248442291994685,0.6105520129203796
sample_151,151,noise,high,swinir_jpeg_artifact_removal,SwinIR JPEG伪影去除,True,20.68463019749118,0.3361248318920454,0.8940857648849487,23.180307257285545,0.5125503802476681,0.5155019760131836,2.495677059794364,0.17642554835562269,0.37858378887176514
sample_151,151,noise,high,swinir_super_resolution,SwinIR超分辨率,True,20.68463019749118,0.3361248318920454,0.8940857648849487,23.304103307286073,0.5076966640140235,0.6042934060096741,2.6194731097948925,0.17157183212197807,0.28979235887527466
sample_151,151,noise,high,restormer_motion_deblurring,Restormer运动去模糊,True,20.68463019749118,0.3361248318920454,0.8940857648849487,19.740527197494792,0.3230753147600954,0.8974795937538147,-0.9441029999963888,-0.013049517131950017,-0.003393828868865967
sample_151,151,noise,high,restormer_defocus_deblurring,Restormer散焦去模糊,True,20.68463019749118,0.3361248318920454,0.8940857648849487,22.438393166446605,0.40618285086908723,0.8388234376907349,1.7537629689554244,0.07005801897704184,0.05526232719421387
sample_151,151,noise,high,restormer_deraining,Restormer去雨,True,20.68463019749118,0.3361248318920454,0.8940857648849487,17.956716203827053,0.2758447793326729,0.9772513508796692,-2.727913993664128,-0.06028005255937252,-0.08316558599472046
sample_151,151,noise,high,xrestormer_motion_deblurring,XRestormer运动去模糊,True,20.68463019749118,0.3361248318920454,0.8940857648849487,17.534129664454042,0.21366785011205655,0.6613236665725708,-3.150500533037139,-0.12245698177998884,0.23276209831237793
sample_151,151,noise,high,xrestormer_deraining,XRestormer去雨,True,20.68463019749118,0.3361248318920454,0.8940857648849487,20.81294274625541,0.410151135475517,0.8529555797576904,0.12831254876422804,0.07402630358347162,0.0411301851272583
sample_151,151,noise,high,mprnet_denoising,MPRNet去噪,True,20.68463019749118,0.3361248318920454,0.8940857648849487,25.358459201243164,0.5280480578889951,0.6539490222930908,4.673829003751983,0.19192322599694972,0.2401367425918579
sample_151,151,noise,high,mprnet_motion_deblurring,MPRNet运动去模糊,True,20.68463019749118,0.3361248318920454,0.8940857648849487,15.153270456738646,0.00820098715381992,0.849345862865448,-5.531359740752535,-0.3279238447382255,0.04473990201950073
sample_151,151,noise,high,mprnet_deraining,MPRNet去雨,True,20.68463019749118,0.3361248318920454,0.8940857648849487,22.353071889276237,0.3970939687416381,0.9075996279716492,1.6684416917850555,0.06096913684959271,-0.01351386308670044
sample_151,151,noise,high,fbcnn_jpeg_artifact_removal,FBCNN JPEG伪影去除,True,20.68463019749118,0.3361248318920454,0.8940857648849487,23.355270721967912,0.4711630438809591,0.9360027313232422,2.670640524476731,0.1350382119889137,-0.04191696643829346
sample_151,151,noise,high,drbnet_defocus_deblurring,DRBNet散焦去模糊,True,20.68463019749118,0.3361248318920454,0.8940857648849487,24.263415585485294,0.5027405859447027,0.7889190316200256,3.578785387994113,0.16661575405265733,0.1051667332649231
sample_151,151,noise,high,dehazeformer_dehaze,DehazeFormer去雾,True,20.68463019749118,0.3361248318920454,0.8940857648849487,21.40226119341628,0.36789325869877615,0.8857651948928833,0.7176309959250986,0.031768426806730754,0.00832056999206543
sample_152,152,rain,high,swinir_denoising,SwinIR去噪,True,18.83787408603149,0.577097767603793,0.44421547651290894,18.861066880665827,0.5183438897280409,0.5003315806388855,0.023192794634336877,-0.05875387787575215,-0.05611610412597656
sample_152,152,rain,high,swinir_jpeg_artifact_removal,SwinIR JPEG伪影去除,True,18.83787408603149,0.577097767603793,0.44421547651290894,18.57861648359168,0.5288151112831389,0.4874703884124756,-0.2592576024398099,-0.048282656320654205,-0.04325491189956665
sample_152,152,rain,high,swinir_super_resolution,SwinIR超分辨率,True,18.83787408603149,0.577097767603793,0.44421547651290894,17.366646675826647,0.6189700102861773,0.512166440486908,-1.4712274102048433,0.04187224268238421,-0.06795096397399902
sample_152,152,rain,high,restormer_motion_deblurring,Restormer运动去模糊,True,18.83787408603149,0.577097767603793,0.44421547651290894,18.805249323765448,0.5775437274914318,0.434126615524292,-0.032624762266042495,0.00044595988763873606,0.010088860988616943
sample_152,152,rain,high,restormer_defocus_deblurring,Restormer散焦去模糊,True,18.83787408603149,0.577097767603793,0.44421547651290894,17.11148408950345,0.5278192517630271,0.4776179790496826,-1.7263899965280416,-0.049278515840765924,-0.03340250253677368
sample_152,152,rain,high,restormer_deraining,Restormer去雨,True,18.83787408603149,0.577097767603793,0.44421547651290894,34.58022986852169,0.9512797050862245,0.07660264521837234,15.7423557824902,0.37418193748243145,0.3676128312945366
sample_152,152,rain,high,xrestormer_motion_deblurring,XRestormer运动去模糊,True,18.83787408603149,0.577097767603793,0.44421547651290894,13.864797500831855,0.32109073211203776,0.5641350746154785,-4.973076585199635,-0.2560070354917553,-0.11991959810256958
sample_152,152,rain,high,xrestormer_deraining,XRestormer去雨,True,18.83787408603149,0.577097767603793,0.44421547651290894,33.77128828174574,0.9433041563160924,0.0750083327293396,14.93341419571425,0.3662063887122994,0.36920714378356934
sample_152,152,rain,high,mprnet_denoising,MPRNet去噪,True,18.83787408603149,0.577097767603793,0.44421547651290894,19.155452404046144,0.5659346181870044,0.4651898741722107,0.31757831801465386,-0.011163149416788642,-0.020974397659301758
sample_152,152,rain,high,mprnet_motion_deblurring,MPRNet运动去模糊,True,18.83787408603149,0.577097767603793,0.44421547651290894,18.631227427063656,0.5714196101262459,0.459608256816864,-0.20664665896783418,-0.0056781574775471855,-0.015392780303955078
sample_152,152,rain,high,mprnet_deraining,MPRNet去雨,True,18.83787408603149,0.577097767603793,0.44421547651290894,33.308573730008334,0.9370856972032913,0.08521944284439087,14.470699643976843,0.3599879295994982,0.35899603366851807
sample_152,152,rain,high,fbcnn_jpeg_artifact_removal,FBCNN JPEG伪影去除,True,18.83787408603149,0.577097767603793,0.44421547651290894,18.81698791578042,0.5703326050441367,0.44212692975997925,-0.02088617025107098,-0.0067651625596563125,0.0020885467529296875
sample_152,152,rain,high,drbnet_defocus_deblurring,DRBNet散焦去模糊,True,18.83787408603149,0.577097767603793,0.44421547651290894,19.30844215755464,0.5803444672358498,0.4441119432449341,0.47056807152315017,0.0032466996320567043,0.00010353326797485352
sample_152,152,rain,high,dehazeformer_dehaze,DehazeFormer去雾,True,18.83787408603149,0.577097767603793,0.44421547651290894,16.906133348591897,0.47005952061923745,0.45647332072257996,-1.9317407374395934,-0.10703824698455561,-0.01225784420967102
sample_141,141,haze,high,swinir_denoising,SwinIR去噪,True,100.0,1.0,0.0,36.187511097091914,0.8614951115646994,0.2617824673652649,-63.812488902908086,-0.13850488843530062,-0.2617824673652649
sample_141,141,haze,high,swinir_jpeg_artifact_removal,SwinIR JPEG伪影去除,True,100.0,1.0,0.0,38.16155094978819,0.9100226662127938,0.10206679254770279,-61.83844905021181,-0.08997733378720618,-0.10206679254770279
sample_141,141,haze,high,swinir_super_resolution,SwinIR超分辨率,True,100.0,1.0,0.0,39.05036343905823,0.9429783463471741,0.13410764932632446,-60.94963656094177,-0.057021653652825854,-0.13410764932632446
sample_141,141,haze,high,restormer_motion_deblurring,Restormer运动去模糊,True,100.0,1.0,0.0,42.36724762502511,0.9797790030186248,0.0372469499707222,-57.63275237497489,-0.02022099698137525,-0.0372469499707222
sample_141,141,haze,high,restormer_defocus_deblurring,Restormer散焦去模糊,True,100.0,1.0,0.0,24.231672660861854,0.9690080697300462,0.043895576149225235,-75.76832733913815,-0.030991930269953838,-0.043895576149225235
sample_141,141,haze,high,restormer_deraining,Restormer去雨,True,100.0,1.0,0.0,45.48264717566238,0.9901867549337516,0.024843761697411537,-54.51735282433762,-0.009813245066248366,-0.024843761697411537
sample_141,141,haze,high,xrestormer_motion_deblurring,XRestormer运动去模糊,True,100.0,1.0,0.0,29.668125780921237,0.7728078093221796,0.27126505970954895,-70.33187421907877,-0.22719219067782037,-0.27126505970954895
sample_141,141,haze,high,xrestormer_deraining,XRestormer去雨,True,100.0,1.0,0.0,38.09639198225459,0.9875603064210133,0.028405463322997093,-61.90360801774541,-0.012439693578986666,-0.028405463322997093
sample_141,141,haze,high,mprnet_denoising,MPRNet去噪,True,100.0,1.0,0.0,42.18716829426326,0.9597529515428042,0.06327225267887115,-57.81283170573674,-0.040247048457195844,-0.06327225267887115
sample_141,141,haze,high,mprnet_motion_deblurring,MPRNet运动去模糊,True,100.0,1.0,0.0,37.99210710086567,0.9496190986000204,0.05340172350406647,-62.00789289913433,-0.05038090139997964,-0.05340172350406647
sample_141,141,haze,high,mprnet_deraining,MPRNet去雨,True,100.0,1.0,0.0,36.32898494605876,0.960209866529892,0.09883100539445877,-63.67101505394124,-0.03979013347010796,-0.09883100539445877
sample_141,141,haze,high,fbcnn_jpeg_artifact_removal,FBCNN JPEG伪影去除,True,100.0,1.0,0.0,45.63689338584214,0.9805377283773772,0.011200428940355778,-54.36310661415786,-0.019462271622622818,-0.011200428940355778
sample_141,141,haze,high,drbnet_defocus_deblurring,DRBNet散焦去模糊,True,100.0,1.0,0.0,45.82016161108453,0.9885644406476607,0.01719978079199791,-54.17983838891547,-0.011435559352339308,-0.01719978079199791
sample_141,141,haze,high,dehazeformer_dehaze,DehazeFormer去雾,True,100.0,1.0,0.0,19.676949862290314,0.9701057129536214,0.01955375447869301,-80.32305013770969,-0.029894287046378643,-0.01955375447869301
sample_149,149,motion blur,high,swinir_denoising,SwinIR去噪,True,27.198215977839556,0.8523391436830839,0.22878104448318481,26.962678737103264,0.8197145172244958,0.3703221082687378,-0.23553724073629212,-0.0326246264585881,-0.14154106378555298
sample_149,149,motion blur,high,swinir_jpeg_artifact_removal,SwinIR JPEG伪影去除,True,27.198215977839556,0.8523391436830839,0.22878104448318481,27.003277460528622,0.8320623511547937,0.3166283071041107,-0.19493851731093415,-0.02027679252829029,-0.0878472626209259
sample_149,149,motion blur,high,swinir_super_resolution,SwinIR超分辨率,True,27.198215977839556,0.8523391436830839,0.22878104448318481,26.768432475532084,0.8615148321514812,0.24924851953983307,-0.42978350230747253,0.009175688468397225,-0.020467475056648254
sample_149,149,motion blur,high,restormer_motion_deblurring,Restormer运动去模糊,True,27.198215977839556,0.8523391436830839,0.22878104448318481,26.96243371135662,0.8355564878443014,0.11383244395256042,-0.23578226648293565,-0.01678265583878258,0.11494860053062439
sample_149,149,motion blur,high,restormer_defocus_deblurring,Restormer散焦去模糊,True,27.198215977839556,0.8523391436830839,0.22878104448318481,26.11019608810019,0.8464714624407876,0.19010557234287262,-1.0880198897393676,-0.005867681242296308,0.038675472140312195
sample_149,149,motion blur,high,restormer_deraining,Restormer去雨,True,27.198215977839556,0.8523391436830839,0.22878104448318481,27.199558686014,0.8491271395242928,0.25494682788848877,0.0013427081744445957,-0.003212004158791193,-0.026165783405303955
sample_149,149,motion blur,high,xrestormer_motion_deblurring,XRestormer运动去模糊,True,27.198215977839556,0.8523391436830839,0.22878104448318481,25.729333066477725,0.8082412032317127,0.23470771312713623,-1.4688829113618311,-0.044097940451371276,-0.005926668643951416
sample_149,149,motion blur,high,xrestormer_deraining,XRestormer去雨,True,27.198215977839556,0.8523391436830839,0.22878104448318481,27.169106532550384,0.8505974738474668,0.23127636313438416,-0.029109445289172697,-0.0017416698356171878,-0.002495318651199341
sample_149,149,motion blur,high,mprnet_denoising,MPRNet去噪,True,27.198215977839556,0.8523391436830839,0.22878104448318481,27.23852445895957,0.8437765837961232,0.3092029094696045,0.040308481120014505,-0.008562559886960752,-0.08042186498641968
sample_149,149,motion blur,high,mprnet_motion_deblurring,MPRNet运动去模糊,True,27.198215977839556,0.8523391436830839,0.22878104448318481,27.004526662373397,0.839497724038233,0.12285323441028595,-0.19368931546615897,-0.012841419644850971,0.10592781007289886
sample_149,149,motion blur,high,mprnet_deraining,MPRNet去雨,True,27.198215977839556,0.8523391436830839,0.22878104448318481,27.156417849130122,0.8436397560052117,0.2929118871688843,-0.041798128709434224,-0.008699387677872261,-0.06413084268569946
sample_149,149,motion blur,high,fbcnn_jpeg_artifact_removal,FBCNN JPEG伪影去除,True,27.198215977839556,0.8523391436830839,0.22878104448318481,27.176785153123475,0.8479232855887483,0.24323168396949768,-0.02143082471608082,-0.004415858094335645,-0.014450639486312866
sample_149,149,motion blur,high,drbnet_defocus_deblurring,DRBNet散焦去模糊,True,27.198215977839556,0.8523391436830839,0.22878104448318481,25.96457464790896,0.8253657969885985,0.17904314398765564,-1.2336413299305953,-0.02697334669448548,0.049737900495529175
sample_149,149,motion blur,high,dehazeformer_dehaze,DehazeFormer去雾,True,27.198215977839556,0.8523391436830839,0.22878104448318481,22.19343788522908,0.68632876551117,0.2554633617401123,-5.004778092610476,-0.166010378171914,-0.02668231725692749
sample_148,148,jpeg compression artifact,low,swinir_denoising,SwinIR去噪,True,31.515564098390456,0.9330849168985781,0.034601762890815735,31.96350524653991,0.922773912349682,0.11299635469913483,0.44794114814945374,-0.010311004548896108,-0.07839459180831909
sample_148,148,jpeg compression artifact,low,swinir_jpeg_artifact_removal,SwinIR JPEG伪影去除,True,31.515564098390456,0.9330849168985781,0.034601762890815735,33.417544748472274,0.9591064553287912,0.04632287472486496,1.9019806500818177,0.026021538430213154,-0.011721111834049225
sample_148,148,jpeg compression artifact,low,swinir_super_resolution,SwinIR超分辨率,True,31.515564098390456,0.9330849168985781,0.034601762890815735,26.705074469829878,0.8609327460914754,0.2304597795009613,-4.810489628560578,-0.07215217080710268,-0.19585801661014557
sample_148,148,jpeg compression artifact,low,restormer_motion_deblurring,Restormer运动去模糊,True,31.515564098390456,0.9330849168985781,0.034601762890815735,31.283827961608267,0.9315752605372118,0.034808769822120667,-0.23173613678218885,-0.0015096563613662406,-0.00020700693130493164
sample_148,148,jpeg compression artifact,low,restormer_defocus_deblurring,Restormer散焦去模糊,True,31.515564098390456,0.9330849168985781,0.034601762890815735,29.30124921752877,0.9178072444437504,0.0444788932800293,-2.2143148808616857,-0.015277672454827695,-0.009877130389213562
sample_148,148,jpeg compression artifact,low,restormer_deraining,Restormer去雨,True,31.515564098390456,0.9330849168985781,0.034601762890815735,31.732586613559455,0.9377992668058965,0.03671783208847046,0.21702251516899906,0.004714349907318449,-0.002116069197654724
sample_148,148,jpeg compression artifact,low,xrestormer_motion_deblurring,XRestormer运动去模糊,True,31.515564098390456,0.9330849168985781,0.034601762890815735,16.90201964540504,0.5897112591024337,0.32108956575393677,-14.613544452985415,-0.34337365779614437,-0.28648780286312103
sample_148,148,jpeg compression artifact,low,xrestormer_deraining,XRestormer去雨,True,31.515564098390456,0.9330849168985781,0.034601762890815735,31.674969561714967,0.9365301422743176,0.034564778208732605,0.15940546332451078,0.003445225375739547,3.698468208312988e-05
sample_148,148,jpeg compression artifact,low,mprnet_denoising,MPRNet去噪,True,31.515564098390456,0.9330849168985781,0.034601762890815735,29.59315477184716,0.9334154913010152,0.08490420132875443,-1.9224093265432955,0.00033057440243711156,-0.05030243843793869
sample_148,148,jpeg compression artifact,low,mprnet_motion_deblurring,MPRNet运动去模糊,True,31.515564098390456,0.9330849168985781,0.034601762890815735,31.127242193860262,0.9300466260617624,0.03507855162024498,-0.3883219045301942,-0.003038290836815727,-0.000476788729429245
sample_148,148,jpeg compression artifact,low,mprnet_deraining,MPRNet去雨,True,31.515564098390456,0.9330849168985781,0.034601762890815735,31.90841386565266,0.9412309756291757,0.050992585718631744,0.3928497672622022,0.008146058730597594,-0.01639082282781601
sample_148,148,jpeg compression artifact,low,fbcnn_jpeg_artifact_removal,FBCNN JPEG伪影去除,True,31.515564098390456,0.9330849168985781,0.034601762890815735,34.10452665147232,0.9654137507910754,0.032923851162195206,2.5889625530818634,0.0323288338924973,0.0016779117286205292
sample_148,148,jpeg compression artifact,low,drbnet_defocus_deblurring,DRBNet散焦去模糊,True,31.515564098390456,0.9330849168985781,0.034601762890815735,30.119543656626014,0.9188385501034828,0.04236087575554848,-1.396020441764442,-0.014246366795095278,-0.007759112864732742
sample_148,148,jpeg compression artifact,low,dehazeformer_dehaze,DehazeFormer去雾,True,31.515564098390456,0.9330849168985781,0.034601762890815735,26.509606250318466,0.8735432178918625,0.05017204210162163,-5.00595784807199,-0.059541699006715576,-0.015570279210805893
sample_157,157,dark,low,swinir_denoising,SwinIR去噪,True,22.58075449228729,0.964717776307516,0.010260455310344696,22.50833697351403,0.9385012223739659,0.04717669636011124,-0.07241751877326053,-0.026216553933550046,-0.03691624104976654
sample_157,157,dark,low,swinir_jpeg_artifact_removal,SwinIR JPEG伪影去除,True,22.58075449228729,0.964717776307516,0.010260455310344696,22.49200872371261,0.9350080690097555,0.0342208556830883,-0.08874576857468242,-0.029709707297760457,-0.023960400372743607
sample_157,157,dark,low,swinir_super_resolution,SwinIR超分辨率,True,22.58075449228729,0.964717776307516,0.010260455310344696,22.118876382945114,0.8947705540124029,0.1184111088514328,-0.46187810934217666,-0.06994722229511308,-0.1081506535410881
sample_157,157,dark,low,restormer_motion_deblurring,Restormer运动去模糊,True,22.58075449228729,0.964717776307516,0.010260455310344696,22.587115835374053,0.9646398773364965,0.010646418668329716,0.006361343086762616,-7.789897101950771e-05,-0.0003859633579850197
sample_157,157,dark,low,restormer_defocus_deblurring,Restormer散焦去模糊,True,22.58075449228729,0.964717776307516,0.010260455310344696,24.00349747499782,0.9494333848763034,0.032650671899318695,1.4227429827105276,-0.01528439143121263,-0.022390216588974
sample_157,157,dark,low,restormer_deraining,Restormer去雨,True,22.58075449228729,0.964717776307516,0.010260455310344696,22.550253764235517,0.9586875821749667,0.013342710211873055,-0.030500728051773507,-0.006030194132549238,-0.0030822549015283585
sample_157,157,dark,low,xrestormer_motion_deblurring,XRestormer运动去模糊,True,22.58075449228729,0.964717776307516,0.010260455310344696,19.486665853087647,0.7192221928927784,0.21064312756061554,-3.0940886391996436,-0.24549558341473754,-0.20038267225027084
sample_157,157,dark,low,xrestormer_deraining,XRestormer去雨,True,22.58075449228729,0.964717776307516,0.010260455310344696,22.372219406373027,0.9664601370237681,0.01220901682972908,-0.20853508591426362,0.0017423607162521115,-0.0019485615193843842
sample_157,157,dark,low,mprnet_denoising,MPRNet去噪,True,22.58075449228729,0.964717776307516,0.010260455310344696,22.48726961912351,0.940273965138685,0.04737662151455879,-0.0934848731637814,-0.024443811168830987,-0.037116166204214096
sample_157,157,dark,low,mprnet_motion_deblurring,MPRNet运动去模糊,True,22.58075449228729,0.964717776307516,0.010260455310344696,22.587696498484387,0.9637345119991453,0.012157093733549118,0.006942006197096617,-0.0009832643083707016,-0.001896638423204422
sample_157,157,dark,low,mprnet_deraining,MPRNet去雨,True,22.58075449228729,0.964717776307516,0.010260455310344696,22.334493183673622,0.9550248906456048,0.022413676604628563,-0.24626130861366846,-0.009692885661911177,-0.012153221294283867
sample_157,157,dark,low,fbcnn_jpeg_artifact_removal,FBCNN JPEG伪影去除,True,22.58075449228729,0.964717776307516,0.010260455310344696,22.57751181916834,0.9565765034015753,0.014281769283115864,-0.0032426731189509894,-0.008141272905940689,-0.004021313972771168
sample_157,157,dark,low,drbnet_defocus_deblurring,DRBNet散焦去模糊,True,22.58075449228729,0.964717776307516,0.010260455310344696,22.480520977445956,0.9738071151249463,0.02191251330077648,-0.10023351484133514,0.009089338817430348,-0.011652057990431786
sample_157,157,dark,low,dehazeformer_dehaze,DehazeFormer去雾,True,22.58075449228729,0.964717776307516,0.010260455310344696,22.585199477315513,0.6725040858643564,0.0401885025203228,0.004444985028221993,-0.2922136904431596,-0.029928047209978104
sample_145,145,defocus blur,very high,swinir_denoising,SwinIR去噪,True,33.65868641227138,0.9316467623266268,0.09073272347450256,33.34665985483316,0.9242971963458951,0.09144872426986694,-0.31202655743821595,-0.007349565980731665,-0.0007160007953643799
sample_145,145,defocus blur,very high,swinir_jpeg_artifact_removal,SwinIR JPEG伪影去除,True,33.65868641227138,0.9316467623266268,0.09073272347450256,33.567623438219464,0.9291240155446693,0.09349249303340912,-0.09106297405191555,-0.002522746781957519,-0.002759769558906555
sample_145,145,defocus blur,very high,swinir_super_resolution,SwinIR超分辨率,True,33.65868641227138,0.9316467623266268,0.09073272347450256,30.29610984409446,0.9123039350691521,0.06338823586702347,-3.3625765681769195,-0.019342827257474715,0.027344487607479095
sample_145,145,defocus blur,very high,restormer_motion_deblurring,Restormer运动去模糊,True,33.65868641227138,0.9316467623266268,0.09073272347450256,16.436538689040884,0.44546581377844846,0.2457253634929657,-17.222147723230496,-0.48618094854817834,-0.15499264001846313
sample_145,145,defocus blur,very high,restormer_defocus_deblurring,Restormer散焦去模糊,True,33.65868641227138,0.9316467623266268,0.09073272347450256,25.736482466193458,0.7557397458695511,0.043924905359745026,-7.922203946077921,-0.17590701645707574,0.04680781811475754
sample_145,145,defocus blur,very high,restormer_deraining,Restormer去雨,True,33.65868641227138,0.9316467623266268,0.09073272347450256,33.442294303981605,0.9261284395138057,0.09096696972846985,-0.2163921082897744,-0.005518322812821053,-0.00023424625396728516
sample_145,145,defocus blur,very high,xrestormer_motion_deblurring,XRestormer运动去模糊,True,33.65868641227138,0.9316467623266268,0.09073272347450256,34.013900892271295,0.9333679279216414,0.06576534360647202,0.3552144799999155,0.0017211655950145621,0.024967379868030548
sample_145,145,defocus blur,very high,xrestormer_deraining,XRestormer去雨,True,33.65868641227138,0.9316467623266268,0.09073272347450256,33.05071563479743,0.9242640360734242,0.09238826483488083,-0.6079707774739518,-0.007382726253202576,-0.0016555413603782654
sample_145,145,defocus blur,very high,mprnet_denoising,MPRNet去噪,True,33.65868641227138,0.9316467623266268,0.09073272347450256,33.30866867356581,0.9258939204467671,0.09589909762144089,-0.3500177387055672,-0.005752841879859694,-0.005166374146938324
sample_145,145,defocus blur,very high,mprnet_motion_deblurring,MPRNet运动去模糊,True,33.65868641227138,0.9316467623266268,0.09073272347450256,30.894354605443866,0.8422430314990167,0.10806712508201599,-2.7643318068275136,-0.0894037308276101,-0.017334401607513428
sample_145,145,defocus blur,very high,mprnet_deraining,MPRNet去雨,True,33.65868641227138,0.9316467623266268,0.09073272347450256,32.53997553726684,0.9208495356047691,0.10855148732662201,-1.1187108750045383,-0.010797226721857678,-0.017818763852119446
sample_145,145,defocus blur,very high,fbcnn_jpeg_artifact_removal,FBCNN JPEG伪影去除,True,33.65868641227138,0.9316467623266268,0.09073272347450256,33.69641600352553,0.9315442217263946,0.08817342668771744,0.03772959125414843,-0.00010254060023218159,0.0025592967867851257
sample_145,145,defocus blur,very high,drbnet_defocus_deblurring,DRBNet散焦去模糊,True,33.65868641227138,0.9316467623266268,0.09073272347450256,38.92652160465007,0.9603563557595051,0.021949592977762222,5.267835192378691,0.028709593432878266,0.06878313049674034
sample_145,145,defocus blur,very high,dehazeformer_dehaze,DehazeFormer去雾,True,33.65868641227138,0.9316467623266268,0.09073272347450256,32.13869783529879,0.9124202020307277,0.09311504662036896,-1.5199885769725867,-0.019226560295899087,-0.002382323145866394
sample_150,150,jpeg compression artifact,very high,swinir_denoising,SwinIR去噪,True,27.220910676048685,0.8156147773905996,0.22917762398719788,27.964656164933643,0.8250063408037379,0.3292381763458252,0.743745488884958,0.009391563413138293,-0.10006055235862732
sample_150,150,jpeg compression artifact,very high,swinir_jpeg_artifact_removal,SwinIR JPEG伪影去除,True,27.220910676048685,0.8156147773905996,0.22917762398719788,27.855856100128413,0.8355765447457749,0.24342253804206848,0.6349454240797279,0.019961767355175297,-0.014244914054870605
sample_150,150,jpeg compression artifact,very high,swinir_super_resolution,SwinIR超分辨率,True,27.220910676048685,0.8156147773905996,0.22917762398719788,26.098812938219275,0.7510862854474561,0.30838602781295776,-1.1220977378294101,-0.06452849194314347,-0.07920840382575989
sample_150,150,jpeg compression artifact,very high,restormer_motion_deblurring,Restormer运动去模糊,True,27.220910676048685,0.8156147773905996,0.22917762398719788,27.15839968193746,0.8142713881672995,0.2261500358581543,-0.06251099411122496,-0.0013433892233001288,0.003027588129043579
sample_150,150,jpeg compression artifact,very high,restormer_defocus_deblurring,Restormer散焦去模糊,True,27.220910676048685,0.8156147773905996,0.22917762398719788,24.057903526039325,0.8086160672623587,0.23255708813667297,-3.16300715000936,-0.006998710128240937,-0.0033794641494750977
sample_150,150,jpeg compression artifact,very high,restormer_deraining,Restormer去雨,True,27.220910676048685,0.8156147773905996,0.22917762398719788,27.27174159139295,0.8186593020836149,0.23623257875442505,0.05083091534426387,0.0030445246930153047,-0.007054954767227173
sample_150,150,jpeg compression artifact,very high,xrestormer_motion_deblurring,XRestormer运动去模糊,True,27.220910676048685,0.8156147773905996,0.22917762398719788,20.265346679052865,0.6360642853955095,0.4213922321796417,-6.955563996995821,-0.1795504919950901,-0.19221460819244385
sample_150,150,jpeg compression artifact,very high,xrestormer_deraining,XRestormer去雨,True,27.220910676048685,0.8156147773905996,0.22917762398719788,26.91504255344752,0.8167528872573598,0.23412448167800903,-0.305868122601165,0.0011381098667602174,-0.004946857690811157
sample_150,150,jpeg compression artifact,very high,mprnet_denoising,MPRNet去噪,True,27.220910676048685,0.8156147773905996,0.22917762398719788,27.564279573783423,0.818131087652394,0.2769629955291748,0.343368897734738,0.00251631026179433,-0.04778537154197693
sample_150,150,jpeg compression artifact,very high,mprnet_motion_deblurring,MPRNet运动去模糊,True,27.220910676048685,0.8156147773905996,0.22917762398719788,27.091964245391807,0.812899220256413,0.22161981463432312,-0.12894643065687816,-0.002715557134186586,0.007557809352874756
sample_150,150,jpeg compression artifact,very high,mprnet_deraining,MPRNet去雨,True,27.220910676048685,0.8156147773905996,0.22917762398719788,27.351593435895666,0.8200894633805041,0.2506634294986725,0.1306827598469802,0.0044746859899045255,-0.02148580551147461
sample_150,150,jpeg compression artifact,very high,fbcnn_jpeg_artifact_removal,FBCNN JPEG伪影去除,True,27.220910676048685,0.8156147773905996,0.22917762398719788,28.60600270077329,0.8436475166597995,0.2419307678937912,1.385092024724603,0.028032739269199913,-0.012753143906593323
sample_150,150,jpeg compression artifact,very high,drbnet_defocus_deblurring,DRBNet散焦去模糊,True,27.220910676048685,0.8156147773905996,0.22917762398719788,27.18294641174677,0.8109863362653021,0.222385972738266,-0.03796426430191602,-0.004628441125297478,0.006791651248931885
sample_150,150,jpeg compression artifact,very high,dehazeformer_dehaze,DehazeFormer去雾,True,27.220910676048685,0.8156147773905996,0.22917762398719788,26.650431248570406,0.8134284472407912,0.22759348154067993,-0.5704794274782792,-0.002186330149808402,0.0015841424465179443
sample_154,154,jpeg compression artifact,high,swinir_denoising,SwinIR去噪,True,34.10900919896865,0.8427202553489299,0.41510504484176636,35.907581484892674,0.8802703137999052,0.32885777950286865,1.798572285924024,0.037550058450975254,0.0862472653388977
sample_154,154,jpeg compression artifact,high,swinir_jpeg_artifact_removal,SwinIR JPEG伪影去除,True,34.10900919896865,0.8427202553489299,0.41510504484176636,36.00740434026221,0.8811061278662264,0.3447779715061188,1.8983951412935625,0.038385872517296526,0.07032707333564758
sample_154,154,jpeg compression artifact,high,swinir_super_resolution,SwinIR超分辨率,True,34.10900919896865,0.8427202553489299,0.41510504484176636,34.879750765758594,0.8829435786378296,0.3086414933204651,0.770741566789944,0.04022332328889966,0.10646355152130127
sample_154,154,jpeg compression artifact,high,restormer_motion_deblurring,Restormer运动去模糊,True,34.10900919896865,0.8427202553489299,0.41510504484176636,33.13795014432125,0.8388238263289924,0.4224048852920532,-0.9710590546473981,-0.003896429019937475,-0.007299840450286865
sample_154,154,jpeg compression artifact,high,restormer_defocus_deblurring,Restormer散焦去模糊,True,34.10900919896865,0.8427202553489299,0.41510504484176636,32.82161288480401,0.8528995644731675,0.3986790180206299,-1.2873963141646385,0.01017930912423759,0.016426026821136475
sample_154,154,jpeg compression artifact,high,restormer_deraining,Restormer去雨,True,34.10900919896865,0.8427202553489299,0.41510504484176636,34.33850947974173,0.85031702568583,0.40318936109542847,0.22950028077308104,0.007596770336900094,0.01191568374633789
sample_154,154,jpeg compression artifact,high,xrestormer_motion_deblurring,XRestormer运动去模糊,True,34.10900919896865,0.8427202553489299,0.41510504484176636,29.54209352161285,0.7114261814376667,0.5843494534492493,-4.5669156773558015,-0.13129407391126324,-0.1692444086074829
sample_154,154,jpeg compression artifact,high,xrestormer_deraining,XRestormer去雨,True,34.10900919896865,0.8427202553489299,0.41510504484176636,20.049792386904855,0.7586058035146023,0.40673938393592834,-14.059216812063795,-0.08411445183432764,0.008365660905838013
sample_154,154,jpeg compression artifact,high,mprnet_denoising,MPRNet去噪,True,34.10900919896865,0.8427202553489299,0.41510504484176636,34.532431339160226,0.8587408047827253,0.41669589281082153,0.4234221401915761,0.016020549433795384,-0.0015908479690551758
sample_154,154,jpeg compression artifact,high,mprnet_motion_deblurring,MPRNet运动去模糊,True,34.10900919896865,0.8427202553489299,0.41510504484176636,34.036019721185184,0.8410832866007807,0.4161599278450012,-0.07298947778346587,-0.0016369687481492257,-0.0010548830032348633
sample_154,154,jpeg compression artifact,high,mprnet_deraining,MPRNet去雨,True,34.10900919896865,0.8427202553489299,0.41510504484176636,34.47042280807772,0.8588248255499145,0.3984833061695099,0.3614136091090714,0.016104570200984547,0.01662173867225647
sample_154,154,jpeg compression artifact,high,fbcnn_jpeg_artifact_removal,FBCNN JPEG伪影去除,True,34.10900919896865,0.8427202553489299,0.41510504484176636,36.81693924614672,0.8869432438685066,0.30619364976882935,2.707930047178067,0.044222988519576734,0.10891139507293701
sample_154,154,jpeg compression artifact,high,drbnet_defocus_deblurring,DRBNet散焦去模糊,True,34.10900919896865,0.8427202553489299,0.41510504484176636,33.47485498391053,0.8395788799701597,0.41468384861946106,-0.6341542150581176,-0.003141375378770239,0.00042119622230529785
sample_154,154,jpeg compression artifact,high,dehazeformer_dehaze,DehazeFormer去雾,True,34.10900919896865,0.8427202553489299,0.41510504484176636,22.045279261045152,0.7898367814134785,0.42283374071121216,-12.063729937923497,-0.05288347393545145,-0.007728695869445801
sample_161,161,low resolution,medium,swinir_denoising,SwinIR去噪,True,43.359305115681806,0.9974913946883627,0.002477453788742423,29.06513751764601,0.8926257431302558,0.16669894754886627,-14.294167598035795,-0.1048656515581069,-0.16422149376012385
sample_161,161,low resolution,medium,swinir_jpeg_artifact_removal,SwinIR JPEG伪影去除,True,43.359305115681806,0.9974913946883627,0.002477453788742423,30.175796857615445,0.923870987438092,0.0751069113612175,-13.183508258066361,-0.07362040725027064,-0.07262945757247508
sample_161,161,low resolution,medium,swinir_super_resolution,SwinIR超分辨率,True,43.359305115681806,0.9974913946883627,0.002477453788742423,27.325914107296782,0.8532340993990338,0.05244844779372215,-16.033391008385024,-0.14425729528932885,-0.04997099400497973
sample_161,161,low resolution,medium,restormer_motion_deblurring,Restormer运动去模糊,True,43.359305115681806,0.9974913946883627,0.002477453788742423,40.195210545153735,0.995345797240709,0.005073444452136755,-3.1640945705280714,-0.0021455974476536355,-0.002595990663394332
sample_161,161,low resolution,medium,restormer_defocus_deblurring,Restormer散焦去模糊,True,43.359305115681806,0.9974913946883627,0.002477453788742423,23.016648875983332,0.7714703635157636,0.03912530094385147,-20.342656239698474,-0.22602103117259909,-0.03664784715510905
sample_161,161,low resolution,medium,restormer_deraining,Restormer去雨,True,43.359305115681806,0.9974913946883627,0.002477453788742423,25.69131357058893,0.9084691281569919,0.08728514611721039,-17.667991545092875,-0.0890222665313708,-0.08480769232846797
sample_161,161,low resolution,medium,xrestormer_motion_deblurring,XRestormer运动去模糊,True,43.359305115681806,0.9974913946883627,0.002477453788742423,15.80392181626352,0.522000700756013,0.30517950654029846,-27.55538329941829,-0.47549069393234966,-0.30270205275155604
sample_161,161,low resolution,medium,xrestormer_deraining,XRestormer去雨,True,43.359305115681806,0.9974913946883627,0.002477453788742423,24.302035011539704,0.8762005946942474,0.06016270071268082,-19.057270104142102,-0.1212907999941153,-0.057685246923938394
sample_161,161,low resolution,medium,mprnet_denoising,MPRNet去噪,True,43.359305115681806,0.9974913946883627,0.002477453788742423,29.945827210034103,0.9219662284330822,0.07247618585824966,-13.413477905647703,-0.0755251662552805,-0.06999873206950724
sample_161,161,low resolution,medium,mprnet_motion_deblurring,MPRNet运动去模糊,True,43.359305115681806,0.9974913946883627,0.002477453788742423,39.821591906491534,0.9949843569254524,0.004498027730733156,-3.5377132091902723,-0.0025070377629102802,-0.002020573941990733
sample_161,161,low resolution,medium,mprnet_deraining,MPRNet去雨,True,43.359305115681806,0.9974913946883627,0.002477453788742423,23.923515093523392,0.8514230319021436,0.09703381359577179,-19.435790022158415,-0.14606836278621904,-0.09455635980702937
sample_161,161,low resolution,medium,fbcnn_jpeg_artifact_removal,FBCNN JPEG伪影去除,True,43.359305115681806,0.9974913946883627,0.002477453788742423,38.44053515692051,0.9905316299098753,0.0059594339691102505,-4.918769958761295,-0.006959764778487365,-0.0034819801803678274
sample_161,161,low resolution,medium,drbnet_defocus_deblurring,DRBNet散焦去模糊,True,43.359305115681806,0.9974913946883627,0.002477453788742423,33.5338638438994,0.9735630177968545,0.008319244720041752,-9.82544127178241,-0.023928376891508174,-0.005841790931299329
sample_161,161,low resolution,medium,dehazeformer_dehaze,DehazeFormer去雾,True,43.359305115681806,0.9974913946883627,0.002477453788742423,28.000167561240865,0.9829211880808764,0.00994126033037901,-15.359137554440942,-0.014570206607486313,-0.007463806541636586
sample_156,156,noise,medium,swinir_denoising,SwinIR去噪,True,26.718851870951156,0.8656318316017056,0.08658915758132935,30.70567241397444,0.950423935335186,0.08817402273416519,3.986820543023285,0.08479210373348034,-0.001584865152835846
sample_156,156,noise,medium,swinir_jpeg_artifact_removal,SwinIR JPEG伪影去除,True,26.718851870951156,0.8656318316017056,0.08658915758132935,27.686340789417777,0.9310074138367735,0.07787355035543442,0.9674889184666213,0.0653755822350679,0.008715607225894928
sample_156,156,noise,medium,swinir_super_resolution,SwinIR超分辨率,True,26.718851870951156,0.8656318316017056,0.08658915758132935,23.782878419111107,0.8521362520852055,0.3112385869026184,-2.9359734518400487,-0.013495579516500156,-0.22464942932128906
sample_156,156,noise,medium,restormer_motion_deblurring,Restormer运动去模糊,True,26.718851870951156,0.8656318316017056,0.08658915758132935,25.8137529692964,0.8606665183997896,0.0968913808465004,-0.9050989016547568,-0.004965313201916066,-0.010302223265171051
sample_156,156,noise,medium,restormer_defocus_deblurring,Restormer散焦去模糊,True,26.718851870951156,0.8656318316017056,0.08658915758132935,24.9943031067223,0.8639521990391321,0.1370098739862442,-1.7245487642288566,-0.0016796325625735298,-0.050420716404914856
sample_156,156,noise,medium,restormer_deraining,Restormer去雨,True,26.718851870951156,0.8656318316017056,0.08658915758132935,26.748362190769342,0.9153660557906398,0.11602631211280823,0.029510319818186304,0.04973422418893414,-0.029437154531478882
sample_156,156,noise,medium,xrestormer_motion_deblurring,XRestormer运动去模糊,True,26.718851870951156,0.8656318316017056,0.08658915758132935,13.264847965861378,0.49935316930791124,0.4279601275920868,-13.454003905089778,-0.3662786622937944,-0.34137097001075745
sample_156,156,noise,medium,xrestormer_deraining,XRestormer去雨,True,26.718851870951156,0.8656318316017056,0.08658915758132935,26.67764994018986,0.9249291727224818,0.0648002177476883,-0.041201930761296524,0.059297341120776115,0.021788939833641052
sample_156,156,noise,medium,mprnet_denoising,MPRNet去噪,True,26.718851870951156,0.8656318316017056,0.08658915758132935,25.967816717031283,0.9276745628948927,0.1082788035273552,-0.7510351539198723,0.06204273129318705,-0.02168964594602585
sample_156,156,noise,medium,mprnet_motion_deblurring,MPRNet运动去模糊,True,26.718851870951156,0.8656318316017056,0.08658915758132935,15.858862475457023,0.7320753957165493,0.1941259205341339,-10.859989395494132,-0.1335564358851563,-0.10753676295280457
sample_156,156,noise,medium,mprnet_deraining,MPRNet去雨,True,26.718851870951156,0.8656318316017056,0.08658915758132935,27.075450112460025,0.8906915953303697,0.07712464034557343,0.35659824150886976,0.02505976372866403,0.00946451723575592
sample_156,156,noise,medium,fbcnn_jpeg_artifact_removal,FBCNN JPEG伪影去除,True,26.718851870951156,0.8656318316017056,0.08658915758132935,29.463470439654728,0.9229257450148906,0.10433761775493622,2.7446185687035722,0.057293913413184905,-0.017748460173606873
sample_156,156,noise,medium,drbnet_defocus_deblurring,DRBNet散焦去模糊,True,26.718851870951156,0.8656318316017056,0.08658915758132935,26.62753542510703,0.887874467642703,0.13352563977241516,-0.09131644584412513,0.0222426360409973,-0.046936482191085815
sample_156,156,noise,medium,dehazeformer_dehaze,DehazeFormer去雾,True,26.718851870951156,0.8656318316017056,0.08658915758132935,19.142802514051592,0.8061368110401211,0.1399870216846466,-7.5760493568995635,-0.05949502056158451,-0.05339786410331726
sample_162,162,low resolution,low,swinir_denoising,SwinIR去噪,True,39.223077264078626,0.9950623174147171,0.010143100284039974,26.010622443112727,0.8344514893915237,0.2262383997440338,-13.212454820965899,-0.16061082802319337,-0.21609529945999384
sample_162,162,low resolution,low,swinir_jpeg_artifact_removal,SwinIR JPEG伪影去除,True,39.223077264078626,0.9950623174147171,0.010143100284039974,25.298112228866678,0.7589537811802222,0.12186753004789352,-13.924965035211947,-0.2361085362344949,-0.11172442976385355
sample_162,162,low resolution,low,swinir_super_resolution,SwinIR超分辨率,True,39.223077264078626,0.9950623174147171,0.010143100284039974,19.738355752927976,0.6065358197980757,0.18160997331142426,-19.48472151115065,-0.3885264976166414,-0.17146687302738428
sample_162,162,low resolution,low,restormer_motion_deblurring,Restormer运动去模糊,True,39.223077264078626,0.9950623174147171,0.010143100284039974,29.373642507044554,0.9523194682166706,0.04720277711749077,-9.849434757034071,-0.042742849198046495,-0.037059676833450794
sample_162,162,low resolution,low,restormer_defocus_deblurring,Restormer散焦去模糊,True,39.223077264078626,0.9950623174147171,0.010143100284039974,28.004538974205655,0.947571368780669,0.021981406956911087,-11.21853828987297,-0.047490948634048014,-0.011838306672871113
sample_162,162,low resolution,low,restormer_deraining,Restormer去雨,True,39.223077264078626,0.9950623174147171,0.010143100284039974,33.068846309950075,0.9782331589370509,0.01736351288855076,-6.1542309541285505,-0.016829158477666195,-0.007220412604510784
sample_162,162,low resolution,low,xrestormer_motion_deblurring,XRestormer运动去模糊,True,39.223077264078626,0.9950623174147171,0.010143100284039974,14.66635805584783,0.44253322952361146,0.5640388131141663,-24.556719208230795,-0.5525290878911056,-0.5538957128301263
sample_162,162,low resolution,low,xrestormer_deraining,XRestormer去雨,True,39.223077264078626,0.9950623174147171,0.010143100284039974,30.32818749546573,0.9700871626702229,0.0145291518419981,-8.894889768612895,-0.024975154744494188,-0.004386051557958126
sample_162,162,low resolution,low,mprnet_denoising,MPRNet去噪,True,39.223077264078626,0.9950623174147171,0.010143100284039974,20.764316319889268,0.5421865337927438,0.6393342614173889,-18.458760944189358,-0.4528757836219732,-0.6291911611333489
sample_162,162,low resolution,low,mprnet_motion_deblurring,MPRNet运动去模糊,True,39.223077264078626,0.9950623174147171,0.010143100284039974,8.05054890430641,0.01918123227786323,0.588857889175415,-31.172528359772215,-0.9758810851368538,-0.5787147888913751
sample_162,162,low resolution,low,mprnet_deraining,MPRNet去雨,True,39.223077264078626,0.9950623174147171,0.010143100284039974,28.828203659899415,0.9587439257603592,0.019033333286643028,-10.39487360417921,-0.03631839165435791,-0.008890233002603054
sample_162,162,low resolution,low,fbcnn_jpeg_artifact_removal,FBCNN JPEG伪影去除,True,39.223077264078626,0.9950623174147171,0.010143100284039974,31.79112316433228,0.9328314442928951,0.01770571805536747,-7.431954099746346,-0.06223087312182196,-0.007562617771327496
sample_162,162,low resolution,low,drbnet_defocus_deblurring,DRBNet散焦去模糊,True,39.223077264078626,0.9950623174147171,0.010143100284039974,30.093896812771725,0.9571249717273517,0.04689641669392586,-9.129180451306901,-0.0379373456873654,-0.03675331640988588
sample_162,162,low resolution,low,dehazeformer_dehaze,DehazeFormer去雾,True,39.223077264078626,0.9950623174147171,0.010143100284039974,23.900006759691614,0.9007692192394382,0.01891900599002838,-15.323070504387012,-0.09429309817527887,-0.008775905705988407
sample_153,153,jpeg compression artifact,high,swinir_denoising,SwinIR去噪,True,31.00450779144669,0.8312935294052708,0.2843829393386841,32.4264330750744,0.8594578810132099,0.24286524951457977,1.4219252836277079,0.028164351607939064,0.04151768982410431
sample_153,153,jpeg compression artifact,high,swinir_jpeg_artifact_removal,SwinIR JPEG伪影去除,True,31.00450779144669,0.8312935294052708,0.2843829393386841,34.03264691431333,0.8851612120674138,0.23091159760951996,3.0281391228666408,0.053867682662143035,0.053471341729164124
sample_153,153,jpeg compression artifact,high,swinir_super_resolution,SwinIR超分辨率,True,31.00450779144669,0.8312935294052708,0.2843829393386841,31.04796820504978,0.8463820590813397,0.31873923540115356,0.043460413603089165,0.015088529676068885,-0.03435629606246948
sample_153,153,jpeg compression artifact,high,restormer_motion_deblurring,Restormer运动去模糊,True,31.00450779144669,0.8312935294052708,0.2843829393386841,30.904644869324464,0.8299588970607653,0.28484442830085754,-0.09986292212222736,-0.001334632344505482,-0.0004614889621734619
sample_153,153,jpeg compression artifact,high,restormer_defocus_deblurring,Restormer散焦去模糊,True,31.00450779144669,0.8312935294052708,0.2843829393386841,28.47001078212096,0.8203814089363924,0.29700374603271484,-2.534497009325733,-0.01091212046887835,-0.012620806694030762
sample_153,153,jpeg compression artifact,high,restormer_deraining,Restormer去雨,True,31.00450779144669,0.8312935294052708,0.2843829393386841,31.22750691719853,0.8371723347040027,0.28537517786026,0.2229991257518371,0.0058788052987318595,-0.0009922385215759277
sample_153,153,jpeg compression artifact,high,xrestormer_motion_deblurring,XRestormer运动去模糊,True,31.00450779144669,0.8312935294052708,0.2843829393386841,22.268756136967163,0.6689154441981637,0.46224522590637207,-8.735751654479529,-0.16237808520710706,-0.177862286567688
sample_153,153,jpeg compression artifact,high,xrestormer_deraining,XRestormer去雨,True,31.00450779144669,0.8312935294052708,0.2843829393386841,31.19546133781425,0.8413075380712248,0.27599865198135376,0.19095354636755957,0.010014008665954033,0.008384287357330322
sample_153,153,jpeg compression artifact,high,mprnet_denoising,MPRNet去噪,True,31.00450779144669,0.8312935294052708,0.2843829393386841,31.56869941373643,0.850156053533161,0.300665020942688,0.5641916222897372,0.018862524127890246,-0.016282081604003906
sample_153,153,jpeg compression artifact,high,mprnet_motion_deblurring,MPRNet运动去模糊,True,31.00450779144669,0.8312935294052708,0.2843829393386841,30.821224394007558,0.8284398835491573,0.28916388750076294,-0.18328339743913347,-0.0028536458561134737,-0.004780948162078857
sample_153,153,jpeg compression artifact,high,mprnet_deraining,MPRNet去雨,True,31.00450779144669,0.8312935294052708,0.2843829393386841,31.486897778629064,0.847929461810809,0.2821609377861023,0.4823899871823727,0.01663593240553818,0.002222001552581787
sample_153,153,jpeg compression artifact,high,fbcnn_jpeg_artifact_removal,FBCNN JPEG伪影去除,True,31.00450779144669,0.8312935294052708,0.2843829393386841,33.14224197810398,0.8763523880482417,0.22627533972263336,2.1377341866572905,0.04505885864297088,0.05810759961605072
sample_153,153,jpeg compression artifact,high,drbnet_defocus_deblurring,DRBNet散焦去模糊,True,31.00450779144669,0.8312935294052708,0.2843829393386841,30.309147063675937,0.8282790000957996,0.2770543694496155,-0.6953607277707547,-0.0030145293094712144,0.0073285698890686035
sample_153,153,jpeg compression artifact,high,dehazeformer_dehaze,DehazeFormer去雾,True,31.00450779144669,0.8312935294052708,0.2843829393386841,29.250478199805197,0.8289903824348365,0.28276968002319336,-1.754029591641494,-0.002303146970434322,0.0016132593154907227
sample_164,164,jpeg compression artifact,very high,swinir_denoising,SwinIR去噪,True,28.348572293597968,0.8271039592588104,0.18231616914272308,30.188848279033238,0.8851411658902877,0.18328912556171417,1.8402759854352695,0.05803720663147727,-0.0009729564189910889
sample_164,164,jpeg compression artifact,very high,swinir_jpeg_artifact_removal,SwinIR JPEG伪影去除,True,28.348572293597968,0.8271039592588104,0.18231616914272308,29.346970464893477,0.8549379505948512,0.16324612498283386,0.9983981712955092,0.02783399133604081,0.01907004415988922
sample_164,164,jpeg compression artifact,very high,swinir_super_resolution,SwinIR超分辨率,True,28.348572293597968,0.8271039592588104,0.18231616914272308,27.0413066213993,0.8156319726477227,0.28715595602989197,-1.3072656721986675,-0.011471986611087726,-0.10483978688716888
sample_164,164,jpeg compression artifact,very high,restormer_motion_deblurring,Restormer运动去模糊,True,28.348572293597968,0.8271039592588104,0.18231616914272308,27.961841620095313,0.8200525994429692,0.18815280497074127,-0.38673067350265455,-0.007051359815841263,-0.0058366358280181885
sample_164,164,jpeg compression artifact,very high,restormer_defocus_deblurring,Restormer散焦去模糊,True,28.348572293597968,0.8271039592588104,0.18231616914272308,26.57068677576364,0.8176061092955421,0.18634817004203796,-1.7778855178343278,-0.009497849963268301,-0.00403200089931488
sample_164,164,jpeg compression artifact,very high,restormer_deraining,Restormer去雨,True,28.348572293597968,0.8271039592588104,0.18231616914272308,28.470144745308254,0.8313717705591342,0.1798384189605713,0.12157245171028563,0.004267811300323832,0.0024777501821517944
sample_164,164,jpeg compression artifact,very high,xrestormer_motion_deblurring,XRestormer运动去模糊,True,28.348572293597968,0.8271039592588104,0.18231616914272308,18.24227594710508,0.5637922813274899,0.3742523193359375,-10.106296346492886,-0.2633116779313205,-0.19193615019321442
sample_164,164,jpeg compression artifact,very high,xrestormer_deraining,XRestormer去雨,True,28.348572293597968,0.8271039592588104,0.18231616914272308,28.33378106249527,0.8298302767824635,0.17882725596427917,-0.014791231102698532,0.0027263175236530435,0.0034889131784439087
sample_164,164,jpeg compression artifact,very high,mprnet_denoising,MPRNet去噪,True,28.348572293597968,0.8271039592588104,0.18231616914272308,28.865745393941676,0.8525192251101316,0.18927893042564392,0.5171731003437081,0.025415265851321145,-0.006962761282920837
sample_164,164,jpeg compression artifact,very high,mprnet_motion_deblurring,MPRNet运动去模糊,True,28.348572293597968,0.8271039592588104,0.18231616914272308,27.931205322709115,0.8195384181842341,0.18586184084415436,-0.4173669708888532,-0.0075655410745762985,-0.0035456717014312744
sample_164,164,jpeg compression artifact,very high,mprnet_deraining,MPRNet去雨,True,28.348572293597968,0.8271039592588104,0.18231616914272308,28.617131375494914,0.8401545671561336,0.18140940368175507,0.2685590818969459,0.013050607897323152,0.0009067654609680176
sample_164,164,jpeg compression artifact,very high,fbcnn_jpeg_artifact_removal,FBCNN JPEG伪影去除,True,28.348572293597968,0.8271039592588104,0.18231616914272308,31.7230168966514,0.9027751459998156,0.13804379105567932,3.3744446030534334,0.07567118674100515,0.04427237808704376
sample_164,164,jpeg compression artifact,very high,drbnet_defocus_deblurring,DRBNet散焦去模糊,True,28.348572293597968,0.8271039592588104,0.18231616914272308,27.553626277669316,0.8197820880487535,0.19117148220539093,-0.7949460159286517,-0.007321871210056896,-0.008855313062667847
sample_164,164,jpeg compression artifact,very high,dehazeformer_dehaze,DehazeFormer去雾,True,28.348572293597968,0.8271039592588104,0.18231616914272308,24.250276453930137,0.6476359759357636,0.17688794434070587,-4.098295839667831,-0.1794679833230468,0.005428224802017212
sample_159,159,haze,medium,swinir_denoising,SwinIR去噪,True,100.0,1.0,0.0,38.14076530056078,0.9282517722451654,0.18245095014572144,-61.85923469943922,-0.07174822775483458,-0.18245095014572144
sample_159,159,haze,medium,swinir_jpeg_artifact_removal,SwinIR JPEG伪影去除,True,100.0,1.0,0.0,40.767792182051,0.9623941299119863,0.06748621165752411,-59.232207817949,-0.03760587008801375,-0.06748621165752411
sample_159,159,haze,medium,swinir_super_resolution,SwinIR超分辨率,True,100.0,1.0,0.0,39.14300824084035,0.9633166521786408,0.11491400003433228,-60.85699175915965,-0.03668334782135918,-0.11491400003433228
sample_159,159,haze,medium,restormer_motion_deblurring,Restormer运动去模糊,True,100.0,1.0,0.0,54.10391143113773,0.9990371925732328,0.0023966494482010603,-45.89608856886227,-0.0009628074267672426,-0.0023966494482010603
sample_159,159,haze,medium,restormer_defocus_deblurring,Restormer散焦去模糊,True,100.0,1.0,0.0,38.22643721796277,0.9850823526669021,0.01859978400170803,-61.77356278203723,-0.014917647333097861,-0.01859978400170803
sample_159,159,haze,medium,restormer_deraining,Restormer去雨,True,100.0,1.0,0.0,56.224948122447756,0.9985557241642172,0.0015407099854201078,-43.775051877552244,-0.0014442758357827712,-0.0015407099854201078
sample_159,159,haze,medium,xrestormer_motion_deblurring,XRestormer运动去模糊,True,100.0,1.0,0.0,29.776435289468107,0.8759245231925922,0.1567823588848114,-70.22356471053189,-0.12407547680740783,-0.1567823588848114
sample_159,159,haze,medium,xrestormer_deraining,XRestormer去雨,True,100.0,1.0,0.0,33.41801635091312,0.9845082311554019,0.025846023112535477,-66.58198364908688,-0.01549176884459813,-0.025846023112535477
sample_159,159,haze,medium,mprnet_denoising,MPRNet去噪,True,100.0,1.0,0.0,44.03152980520373,0.9856203226820841,0.028156138956546783,-55.96847019479627,-0.014379677317915895,-0.028156138956546783
sample_159,159,haze,medium,mprnet_motion_deblurring,MPRNet运动去模糊,True,100.0,1.0,0.0,53.30530163451247,0.9980639886768518,0.0038723342586308718,-46.69469836548753,-0.0019360113231482456,-0.0038723342586308718
sample_159,159,haze,medium,mprnet_deraining,MPRNet去雨,True,100.0,1.0,0.0,39.21646766449022,0.9776240752451805,0.05720578879117966,-60.78353233550978,-0.02237592475481953,-0.05720578879117966
sample_159,159,haze,medium,fbcnn_jpeg_artifact_removal,FBCNN JPEG伪影去除,True,100.0,1.0,0.0,47.82975306700939,0.9902605832960022,0.005708459764719009,-52.17024693299061,-0.009739416703997805,-0.005708459764719009
sample_159,159,haze,medium,drbnet_defocus_deblurring,DRBNet散焦去模糊,True,100.0,1.0,0.0,42.54488642577272,0.9881285798271008,0.03181718662381172,-57.45511357422728,-0.011871420172899216,-0.03181718662381172
sample_159,159,haze,medium,dehazeformer_dehaze,DehazeFormer去雾,True,100.0,1.0,0.0,24.393046547329327,0.9388665991750113,0.04889780282974243,-75.60695345267067,-0.06113340082498875,-0.04889780282974243
sample_166,166,defocus blur,low,swinir_denoising,SwinIR去噪,True,23.37367164027532,0.802559957223063,0.3337247669696808,22.60360859319495,0.712016134846653,0.3764568567276001,-0.7700630470803702,-0.0905438223764099,-0.04273208975791931
sample_166,166,defocus blur,low,swinir_jpeg_artifact_removal,SwinIR JPEG伪影去除,True,23.37367164027532,0.802559957223063,0.3337247669696808,22.771425831909248,0.7449262800861803,0.3510572612285614,-0.6022458083660709,-0.05763367713688261,-0.017332494258880615
sample_166,166,defocus blur,low,swinir_super_resolution,SwinIR超分辨率,True,23.37367164027532,0.802559957223063,0.3337247669696808,23.572130281639424,0.7215362428548886,0.2021499127149582,0.1984586413641054,-0.08102371436817435,0.1315748542547226
sample_166,166,defocus blur,low,restormer_motion_deblurring,Restormer运动去模糊,True,23.37367164027532,0.802559957223063,0.3337247669696808,24.524952662803624,0.8522275181106213,0.29117584228515625,1.1512810225283054,0.049667560887558304,0.042548924684524536
sample_166,166,defocus blur,low,restormer_defocus_deblurring,Restormer散焦去模糊,True,23.37367164027532,0.802559957223063,0.3337247669696808,24.858709427879454,0.8684201419357853,0.1671537458896637,1.485037787604135,0.06586018471272237,0.1665710210800171
sample_166,166,defocus blur,low,restormer_deraining,Restormer去雨,True,23.37367164027532,0.802559957223063,0.3337247669696808,23.236522498437804,0.7857648637712099,0.3557187020778656,-0.13714914183751503,-0.016795093451853038,-0.021993935108184814
sample_166,166,defocus blur,low,xrestormer_motion_deblurring,XRestormer运动去模糊,True,23.37367164027532,0.802559957223063,0.3337247669696808,18.26299517412479,0.6727037218229085,0.24614641070365906,-5.1106764661505295,-0.12985623540015445,0.08757835626602173
sample_166,166,defocus blur,low,xrestormer_deraining,XRestormer去雨,True,23.37367164027532,0.802559957223063,0.3337247669696808,23.00201225159639,0.7559054009351684,0.3578755557537079,-0.37165938867892834,-0.0466545562878945,-0.0241507887840271
sample_166,166,defocus blur,low,mprnet_denoising,MPRNet去噪,True,23.37367164027532,0.802559957223063,0.3337247669696808,22.562477622221294,0.7512574920915759,0.3867955803871155,-0.8111940180540245,-0.05130246513148706,-0.05307081341743469
sample_166,166,defocus blur,low,mprnet_motion_deblurring,MPRNet运动去模糊,True,23.37367164027532,0.802559957223063,0.3337247669696808,23.6795896936895,0.8228986204869675,0.29345592856407166,0.30591805341418166,0.020338663263904544,0.04026883840560913
sample_166,166,defocus blur,low,mprnet_deraining,MPRNet去雨,True,23.37367164027532,0.802559957223063,0.3337247669696808,23.12228046613615,0.782591950855246,0.33692458271980286,-0.2513911741391688,-0.019968006367816926,-0.0031998157501220703
sample_166,166,defocus blur,low,fbcnn_jpeg_artifact_removal,FBCNN JPEG伪影去除,True,23.37367164027532,0.802559957223063,0.3337247669696808,23.364344489597887,0.7929176691212776,0.329978883266449,-0.009327150677432172,-0.009642288101785357,0.0037458837032318115
sample_166,166,defocus blur,low,drbnet_defocus_deblurring,DRBNet散焦去模糊,True,23.37367164027532,0.802559957223063,0.3337247669696808,25.002911369477793,0.8537523389711156,0.14857371151447296,1.6292397292024745,0.05119238174805263,0.18515105545520782
sample_166,166,defocus blur,low,dehazeformer_dehaze,DehazeFormer去雾,True,23.37367164027532,0.802559957223063,0.3337247669696808,22.898768104491623,0.7378651828067243,0.3300336003303528,-0.47490353578369593,-0.06469477441633864,0.003691166639328003
sample_168,168,jpeg compression artifact,high,swinir_denoising,SwinIR去噪,True,27.914348290600234,0.8800144047568098,0.1457607001066208,28.999118116172717,0.8853216528674824,0.12956053018569946,1.084769825572483,0.005307248110672624,0.016200169920921326
sample_168,168,jpeg compression artifact,high,swinir_jpeg_artifact_removal,SwinIR JPEG伪影去除,True,27.914348290600234,0.8800144047568098,0.1457607001066208,30.404906781307062,0.9190839336066153,0.06664575636386871,2.490558490706828,0.039069528849805524,0.07911494374275208
sample_168,168,jpeg compression artifact,high,swinir_super_resolution,SwinIR超分辨率,True,27.914348290600234,0.8800144047568098,0.1457607001066208,24.092659181327107,0.757481218400443,0.23199263215065002,-3.8216891092731267,-0.12253318635636679,-0.08623193204402924
sample_168,168,jpeg compression artifact,high,restormer_motion_deblurring,Restormer运动去模糊,True,27.914348290600234,0.8800144047568098,0.1457607001066208,27.835775971912803,0.8791552808950475,0.14455728232860565,-0.07857231868743142,-0.0008591238617623453,0.0012034177780151367
sample_168,168,jpeg compression artifact,high,restormer_defocus_deblurring,Restormer散焦去模糊,True,27.914348290600234,0.8800144047568098,0.1457607001066208,25.77876304645676,0.8757649879436341,0.13740865886211395,-2.135585244143474,-0.004249416813175699,0.008352041244506836
sample_168,168,jpeg compression artifact,high,restormer_deraining,Restormer去雨,True,27.914348290600234,0.8800144047568098,0.1457607001066208,28.134150248051096,0.8852055668087112,0.13720008730888367,0.21980195745086206,0.005191162051901399,0.008560612797737122
sample_168,168,jpeg compression artifact,high,xrestormer_motion_deblurring,XRestormer运动去模糊,True,27.914348290600234,0.8800144047568098,0.1457607001066208,17.54108619880267,0.6557181196536829,0.34538328647613525,-10.373262091797564,-0.22429628510312694,-0.19962258636951447
sample_168,168,jpeg compression artifact,high,xrestormer_deraining,XRestormer去雨,True,27.914348290600234,0.8800144047568098,0.1457607001066208,28.013544539927096,0.8841255576337502,0.1277364045381546,0.09919624932686233,0.004111152876940416,0.018024295568466187
sample_168,168,jpeg compression artifact,high,mprnet_denoising,MPRNet去噪,True,27.914348290600234,0.8800144047568098,0.1457607001066208,28.21852314488094,0.885039953218182,0.14612272381782532,0.30417485428070634,0.0050255484613721535,-0.0003620237112045288
sample_168,168,jpeg compression artifact,high,mprnet_motion_deblurring,MPRNet运动去模糊,True,27.914348290600234,0.8800144047568098,0.1457607001066208,27.656071006815935,0.8766682433799304,0.1424916833639145,-0.2582772837842988,-0.003346161376879375,0.003269016742706299
sample_168,168,jpeg compression artifact,high,mprnet_deraining,MPRNet去雨,True,27.914348290600234,0.8800144047568098,0.1457607001066208,28.067109791277453,0.8900744903516976,0.09412525594234467,0.15276150067721872,0.010060085594887802,0.05163544416427612
sample_168,168,jpeg compression artifact,high,fbcnn_jpeg_artifact_removal,FBCNN JPEG伪影去除,True,27.914348290600234,0.8800144047568098,0.1457607001066208,30.535324972650958,0.9161349201349949,0.0694037675857544,2.620976682050724,0.03612051537818506,0.0763569325208664
sample_168,168,jpeg compression artifact,high,drbnet_defocus_deblurring,DRBNet散焦去模糊,True,27.914348290600234,0.8800144047568098,0.1457607001066208,27.644749245807084,0.8713694266558423,0.16010041534900665,-0.26959904479315,-0.008644978100967537,-0.014339715242385864
sample_168,168,jpeg compression artifact,high,dehazeformer_dehaze,DehazeFormer去雾,True,27.914348290600234,0.8800144047568098,0.1457607001066208,27.28424854069624,0.8770392247151476,0.15274415910243988,-0.6300997499039944,-0.0029751800416621954,-0.006983458995819092
sample_170,170,rain,low,swinir_denoising,SwinIR去噪,True,27.090842044923104,0.9775266832928122,0.09653353691101074,24.69372184255265,0.8311133810744926,0.2688007354736328,-2.397120202370452,-0.1464133022183196,-0.17226719856262207
sample_170,170,rain,low,swinir_jpeg_artifact_removal,SwinIR JPEG伪影去除,True,27.090842044923104,0.9775266832928122,0.09653353691101074,22.869579061212843,0.7593095997361026,0.21683886647224426,-4.221262983710261,-0.21821708355670966,-0.12030532956123352
sample_170,170,rain,low,swinir_super_resolution,SwinIR超分辨率,True,27.090842044923104,0.9775266832928122,0.09653353691101074,21.646796741732373,0.7406933595767965,0.4132921099662781,-5.44404530319073,-0.23683332371601573,-0.31675857305526733
sample_170,170,rain,low,restormer_motion_deblurring,Restormer运动去模糊,True,27.090842044923104,0.9775266832928122,0.09653353691101074,26.395770026303808,0.9676524891479236,0.10731031000614166,-0.695072018619296,-0.00987419414488866,-0.01077677309513092
sample_170,170,rain,low,restormer_defocus_deblurring,Restormer散焦去模糊,True,27.090842044923104,0.9775266832928122,0.09653353691101074,25.228005183637286,0.9414681259442275,0.11744936555624008,-1.8628368612858175,-0.03605855734858476,-0.02091582864522934
sample_170,170,rain,low,restormer_deraining,Restormer去雨,True,27.090842044923104,0.9775266832928122,0.09653353691101074,26.693313885831284,0.9691733571044788,0.10227565467357635,-0.39752815909182004,-0.008353326188333399,-0.005742117762565613
sample_170,170,rain,low,xrestormer_motion_deblurring,XRestormer运动去模糊,True,27.090842044923104,0.9775266832928122,0.09653353691101074,14.888029549397178,0.48414189165163474,0.5593412518501282,-12.202812495525926,-0.4933847916411775,-0.46280771493911743
sample_170,170,rain,low,xrestormer_deraining,XRestormer去雨,True,27.090842044923104,0.9775266832928122,0.09653353691101074,26.566311129273302,0.9691220661637723,0.10182753205299377,-0.5245309156498017,-0.008404617129039949,-0.005293995141983032
sample_170,170,rain,low,mprnet_denoising,MPRNet去噪,True,27.090842044923104,0.9775266832928122,0.09653353691101074,22.233448858560653,0.754293792086464,0.42940109968185425,-4.857393186362451,-0.22323289120634826,-0.3328675627708435
sample_170,170,rain,low,mprnet_motion_deblurring,MPRNet运动去模糊,True,27.090842044923104,0.9775266832928122,0.09653353691101074,24.85658554214096,0.929498468183002,0.19946515560150146,-2.234256502782145,-0.04802821510981026,-0.10293161869049072
sample_170,170,rain,low,mprnet_deraining,MPRNet去雨,True,27.090842044923104,0.9775266832928122,0.09653353691101074,25.809642729859668,0.9509619809272506,0.1114816963672638,-1.2811993150634358,-0.026564702365561632,-0.014948159456253052
sample_170,170,rain,low,fbcnn_jpeg_artifact_removal,FBCNN JPEG伪影去除,True,27.090842044923104,0.9775266832928122,0.09653353691101074,25.826092685482735,0.9311788541726614,0.10653309524059296,-1.2647493594403691,-0.046347829120150785,-0.009999558329582214
sample_170,170,rain,low,drbnet_defocus_deblurring,DRBNet散焦去模糊,True,27.090842044923104,0.9775266832928122,0.09653353691101074,26.565837548153795,0.9557109942577791,0.11745624244213104,-0.5250044967693093,-0.02181568903503317,-0.0209227055311203
sample_170,170,rain,low,dehazeformer_dehaze,DehazeFormer去雾,True,27.090842044923104,0.9775266832928122,0.09653353691101074,22.191542679131278,0.9048900033249906,0.13022580742835999,-4.899299365791826,-0.07263667996782164,-0.03369227051734924
sample_165,165,low resolution,very high,swinir_denoising,SwinIR去噪,True,43.45729289817601,0.9949628387993806,0.004414057824760675,29.20455252389479,0.7806863709897313,0.28921401500701904,-14.252740374281217,-0.21427646780964937,-0.28479995718225837
sample_165,165,low resolution,very high,swinir_jpeg_artifact_removal,SwinIR JPEG伪影去除,True,43.45729289817601,0.9949628387993806,0.004414057824760675,30.650766348715365,0.8926524629023923,0.10653465241193771,-12.806526549460642,-0.10231037589698833,-0.10212059458717704
sample_165,165,low resolution,very high,swinir_super_resolution,SwinIR超分辨率,True,43.45729289817601,0.9949628387993806,0.004414057824760675,24.857755225163302,0.7420205060577206,0.1408807933330536,-18.599537673012705,-0.25294233274166,-0.1364667355082929
sample_165,165,low resolution,very high,restormer_motion_deblurring,Restormer运动去模糊,True,43.45729289817601,0.9949628387993806,0.004414057824760675,41.20546278422896,0.9929848235786851,0.006309730000793934,-2.251830113947044,-0.001978015220695517,-0.0018956721760332584
sample_165,165,low resolution,very high,restormer_defocus_deblurring,Restormer散焦去模糊,True,43.45729289817601,0.9949628387993806,0.004414057824760675,29.43942100396068,0.9634093492266959,0.015905918553471565,-14.017871894215329,-0.03155348957268478,-0.01149186072871089
sample_165,165,low resolution,very high,restormer_deraining,Restormer去雨,True,43.45729289817601,0.9949628387993806,0.004414057824760675,41.39312830656571,0.992751065581824,0.006059671752154827,-2.0641645916103,-0.002211773217556612,-0.0016456139273941517
sample_165,165,low resolution,very high,xrestormer_motion_deblurring,XRestormer运动去模糊,True,43.45729289817601,0.9949628387993806,0.004414057824760675,19.005032190022014,0.7213133466478442,0.3424958884716034,-24.452260708153993,-0.27364949215153644,-0.3380818306468427
sample_165,165,low resolution,very high,xrestormer_deraining,XRestormer去雨,True,43.45729289817601,0.9949628387993806,0.004414057824760675,34.74885671655831,0.98576664335804,0.009418643079698086,-8.7084361816177,-0.009196195441340649,-0.00500458525493741
sample_165,165,low resolution,very high,mprnet_denoising,MPRNet去噪,True,43.45729289817601,0.9949628387993806,0.004414057824760675,29.147493095893267,0.873685951353996,0.12793946266174316,-14.30979980228274,-0.12127688744538467,-0.12352540483698249
sample_165,165,low resolution,very high,mprnet_motion_deblurring,MPRNet运动去模糊,True,43.45729289817601,0.9949628387993806,0.004414057824760675,36.33631924658411,0.978138093984484,0.0273433830589056,-7.120973651591896,-0.016824744814896597,-0.022929325234144926
sample_165,165,low resolution,very high,mprnet_deraining,MPRNet去雨,True,43.45729289817601,0.9949628387993806,0.004414057824760675,36.19100468297597,0.9784614777917131,0.02914709970355034,-7.266288215200035,-0.016501361007667525,-0.024733041878789663
sample_165,165,low resolution,very high,fbcnn_jpeg_artifact_removal,FBCNN JPEG伪影去除,True,43.45729289817601,0.9949628387993806,0.004414057824760675,38.65192375346942,0.9867245271165794,0.006922898348420858,-4.805369144706589,-0.008238311682801203,-0.002508840523660183
sample_165,165,low resolution,very high,drbnet_defocus_deblurring,DRBNet散焦去模糊,True,43.45729289817601,0.9949628387993806,0.004414057824760675,34.52750166554321,0.9764068399349654,0.014899167232215405,-8.929791232632795,-0.01855599886441528,-0.010485109407454729
sample_165,165,low resolution,very high,dehazeformer_dehaze,DehazeFormer去雾,True,43.45729289817601,0.9949628387993806,0.004414057824760675,15.208272591688093,0.7063125669605402,0.0947311520576477,-28.249020306487914,-0.2886502718388404,-0.09031709423288703
sample_158,158,haze,medium,swinir_denoising,SwinIR去噪,True,100.0,1.0,0.0,34.20698037079973,0.9317399316121691,0.09538953006267548,-65.79301962920027,-0.06826006838783094,-0.09538953006267548
sample_158,158,haze,medium,swinir_jpeg_artifact_removal,SwinIR JPEG伪影去除,True,100.0,1.0,0.0,34.492544781071445,0.9603815988158305,0.05095352232456207,-65.50745521892856,-0.03961840118416948,-0.05095352232456207
sample_158,158,haze,medium,swinir_super_resolution,SwinIR超分辨率,True,100.0,1.0,0.0,25.297855643673273,0.8947814327355338,0.1975783258676529,-74.70214435632673,-0.10521856726446621,-0.1975783258676529
sample_158,158,haze,medium,restormer_motion_deblurring,Restormer运动去模糊,True,100.0,1.0,0.0,48.43426072804878,0.9992197640865103,0.0015807696618139744,-51.56573927195122,-0.0007802359134897463,-0.0015807696618139744
sample_158,158,haze,medium,restormer_defocus_deblurring,Restormer散焦去模糊,True,100.0,1.0,0.0,27.38438682620998,0.919872483865119,0.06260015815496445,-72.61561317379002,-0.080127516134881,-0.06260015815496445
sample_158,158,haze,medium,restormer_deraining,Restormer去雨,True,100.0,1.0,0.0,44.89268040637518,0.9956804738032807,0.008758039213716984,-55.10731959362482,-0.00431952619671927,-0.008758039213716984
sample_158,158,haze,medium,xrestormer_motion_deblurring,XRestormer运动去模糊,True,100.0,1.0,0.0,20.18769000204503,0.7402507989355751,0.26488566398620605,-79.81230999795497,-0.2597492010644249,-0.26488566398620605
sample_158,158,haze,medium,xrestormer_deraining,XRestormer去雨,True,100.0,1.0,0.0,35.69181953350953,0.9929049864887745,0.016362184658646584,-64.30818046649047,-0.007095013511225545,-0.016362184658646584
sample_158,158,haze,medium,mprnet_denoising,MPRNet去噪,True,100.0,1.0,0.0,32.855700013989114,0.9725939222855143,0.036955464631319046,-67.14429998601088,-0.027406077714485666,-0.036955464631319046
sample_158,158,haze,medium,mprnet_motion_deblurring,MPRNet运动去模糊,True,100.0,1.0,0.0,43.36189001592379,0.9970158408127808,0.003506727982312441,-56.63810998407621,-0.002984159187219171,-0.003506727982312441
sample_158,158,haze,medium,mprnet_deraining,MPRNet去雨,True,100.0,1.0,0.0,37.58119651262257,0.9894126331573171,0.024643460288643837,-62.41880348737743,-0.01058736684268291,-0.024643460288643837
sample_158,158,haze,medium,fbcnn_jpeg_artifact_removal,FBCNN JPEG伪影去除,True,100.0,1.0,0.0,42.4932454799579,0.9934573753627726,0.003170640906319022,-57.5067545200421,-0.006542624637227434,-0.003170640906319022
sample_158,158,haze,medium,drbnet_defocus_deblurring,DRBNet散焦去模糊,True,100.0,1.0,0.0,36.77928239918504,0.9883113006151576,0.024231567978858948,-63.22071760081496,-0.011688699384842405,-0.024231567978858948
sample_158,158,haze,medium,dehazeformer_dehaze,DehazeFormer去雾,True,100.0,1.0,0.0,16.64301249450241,0.863876512018785,0.10643001645803452,-83.35698750549759,-0.13612348798121499,-0.10643001645803452
sample_171,171,haze,high,swinir_denoising,SwinIR去噪,True,100.0,1.0,0.0,31.704531439798206,0.9135484027890062,0.15958139300346375,-68.2954685602018,-0.08645159721099382,-0.15958139300346375
sample_171,171,haze,high,swinir_jpeg_artifact_removal,SwinIR JPEG伪影去除,True,100.0,1.0,0.0,32.205107146805,0.9343830107398662,0.09152262657880783,-67.794892853195,-0.06561698926013382,-0.09152262657880783
sample_171,171,haze,high,swinir_super_resolution,SwinIR超分辨率,True,100.0,1.0,0.0,28.337939673010478,0.8889422039292012,0.24907252192497253,-71.66206032698952,-0.1110577960707988,-0.24907252192497253
sample_171,171,haze,high,restormer_motion_deblurring,Restormer运动去模糊,True,100.0,1.0,0.0,49.0684318118008,0.9993066064970625,0.0017462255200371146,-50.9315681881992,-0.0006933935029375116,-0.0017462255200371146
sample_171,171,haze,high,restormer_defocus_deblurring,Restormer散焦去模糊,True,100.0,1.0,0.0,29.680799061485914,0.9730335547347422,0.017863046377897263,-70.31920093851409,-0.02696644526525782,-0.017863046377897263
sample_171,171,haze,high,restormer_deraining,Restormer去雨,True,100.0,1.0,0.0,47.68936276233565,0.9980059558662145,0.005587389227002859,-52.31063723766435,-0.0019940441337854553,-0.005587389227002859
sample_171,171,haze,high,xrestormer_motion_deblurring,XRestormer运动去模糊,True,100.0,1.0,0.0,17.40626202637245,0.6175807507010606,0.38347992300987244,-82.59373797362755,-0.38241924929893945,-0.38347992300987244
sample_171,171,haze,high,xrestormer_deraining,XRestormer去雨,True,100.0,1.0,0.0,34.78528572501701,0.9941027722466078,0.006880415603518486,-65.21471427498298,-0.005897227753392187,-0.006880415603518486
sample_171,171,haze,high,mprnet_denoising,MPRNet去噪,True,100.0,1.0,0.0,34.177337855394626,0.9682571527852778,0.07414647191762924,-65.82266214460537,-0.0317428472147222,-0.07414647191762924
sample_171,171,haze,high,mprnet_motion_deblurring,MPRNet运动去模糊,True,100.0,1.0,0.0,42.1081283737631,0.9963034793678499,0.0060483431443572044,-57.8918716262369,-0.003696520632150091,-0.0060483431443572044
sample_171,171,haze,high,mprnet_deraining,MPRNet去雨,True,100.0,1.0,0.0,37.25668336311464,0.9910767264828286,0.020218169316649437,-62.74331663688536,-0.00892327351717137,-0.020218169316649437
sample_171,171,haze,high,fbcnn_jpeg_artifact_removal,FBCNN JPEG伪影去除,True,100.0,1.0,0.0,41.909724249283194,0.992485890016285,0.005614160094410181,-58.090275750716806,-0.007514109983715045,-0.005614160094410181
sample_171,171,haze,high,drbnet_defocus_deblurring,DRBNet散焦去模糊,True,100.0,1.0,0.0,37.08871575420182,0.9907590240824354,0.012168694287538528,-62.91128424579818,-0.009240975917564564,-0.012168694287538528
sample_171,171,haze,high,dehazeformer_dehaze,DehazeFormer去雾,True,100.0,1.0,0.0,17.002637112723033,0.8694285400653826,0.06670203059911728,-82.99736288727696,-0.13057145993461738,-0.06670203059911728
sample_155,155,jpeg compression artifact,medium,swinir_denoising,SwinIR去噪,True,33.14315077484106,0.8772086841180657,0.14954185485839844,33.609106030221845,0.8715742752312479,0.24972422420978546,0.4659552553807842,-0.0056344088868178765,-0.10018236935138702
sample_155,155,jpeg compression artifact,medium,swinir_jpeg_artifact_removal,SwinIR JPEG伪影去除,True,33.14315077484106,0.8772086841180657,0.14954185485839844,36.50974247399831,0.9297496934319903,0.10870925337076187,3.3665916991572473,0.05254100931392458,0.040832601487636566
sample_155,155,jpeg compression artifact,medium,swinir_super_resolution,SwinIR超分辨率,True,33.14315077484106,0.8772086841180657,0.14954185485839844,33.86620931406987,0.89822251444462,0.20138885080814362,0.7230585392288091,0.02101383032655424,-0.05184699594974518
sample_155,155,jpeg compression artifact,medium,restormer_motion_deblurring,Restormer运动去模糊,True,33.14315077484106,0.8772086841180657,0.14954185485839844,32.489772516233224,0.8699976304795204,0.16205386817455292,-0.6533782586078374,-0.0072110536385453505,-0.01251201331615448
sample_155,155,jpeg compression artifact,medium,restormer_defocus_deblurring,Restormer散焦去模糊,True,33.14315077484106,0.8772086841180657,0.14954185485839844,30.321188283962446,0.8784878214634411,0.1503286361694336,-2.821962490878615,0.0012791373453753252,-0.0007867813110351562
sample_155,155,jpeg compression artifact,medium,restormer_deraining,Restormer去雨,True,33.14315077484106,0.8772086841180657,0.14954185485839844,33.34495439184166,0.883271800656349,0.15977269411087036,0.2018036170005999,0.006063116538283286,-0.010230839252471924
sample_155,155,jpeg compression artifact,medium,xrestormer_motion_deblurring,XRestormer运动去模糊,True,33.14315077484106,0.8772086841180657,0.14954185485839844,25.22785579671836,0.710659466444897,0.3885079622268677,-7.915294978122702,-0.16654921767316877,-0.23896610736846924
sample_155,155,jpeg compression artifact,medium,xrestormer_deraining,XRestormer去雨,True,33.14315077484106,0.8772086841180657,0.14954185485839844,33.23478217306224,0.8813691319263963,0.15541495382785797,0.09163139822118183,0.004160447808330581,-0.005873098969459534
sample_155,155,jpeg compression artifact,medium,mprnet_denoising,MPRNet去噪,True,33.14315077484106,0.8772086841180657,0.14954185485839844,33.47926749949862,0.8933846894521134,0.21998676657676697,0.3361167246575576,0.016176005334047616,-0.07044491171836853
sample_155,155,jpeg compression artifact,medium,mprnet_motion_deblurring,MPRNet运动去模糊,True,33.14315077484106,0.8772086841180657,0.14954185485839844,32.910647610944665,0.8730756655577699,0.1463308483362198,-0.23250316389639636,-0.004133018560295798,0.00321100652217865
sample_155,155,jpeg compression artifact,medium,mprnet_deraining,MPRNet去雨,True,33.14315077484106,0.8772086841180657,0.14954185485839844,33.64227847215017,0.8933472938090455,0.18168798089027405,0.4991276973091061,0.0161386096909798,-0.03214612603187561
sample_155,155,jpeg compression artifact,medium,fbcnn_jpeg_artifact_removal,FBCNN JPEG伪影去除,True,33.14315077484106,0.8772086841180657,0.14954185485839844,36.118126044727205,0.9260229032106292,0.11489714682102203,2.9749752698861442,0.04881421909256345,0.034644708037376404
sample_155,155,jpeg compression artifact,medium,drbnet_defocus_deblurring,DRBNet散焦去模糊,True,33.14315077484106,0.8772086841180657,0.14954185485839844,32.102349001039975,0.8666835294288969,0.13676926493644714,-1.0408017738010855,-0.010525154689168814,0.012772589921951294
sample_155,155,jpeg compression artifact,medium,dehazeformer_dehaze,DehazeFormer去雾,True,33.14315077484106,0.8772086841180657,0.14954185485839844,30.851280894716474,0.8735683405873124,0.1498444378376007,-2.2918698801245867,-0.003640343530753376,-0.0003025829792022705
sample_160,160,motion blur,medium,swinir_denoising,SwinIR去噪,True,26.421490610039648,0.8461023640549107,0.09105087071657181,25.952259099768824,0.8067065678801598,0.11587590724229813,-0.46923151027082355,-0.03939579617475086,-0.02482503652572632
sample_160,160,motion blur,medium,swinir_jpeg_artifact_removal,SwinIR JPEG伪影去除,True,26.421490610039648,0.8461023640549107,0.09105087071657181,24.93341112124035,0.7844005829988321,0.10219767689704895,-1.488079488799297,-0.0617017810560786,-0.011146806180477142
sample_160,160,motion blur,medium,swinir_super_resolution,SwinIR超分辨率,True,26.421490610039648,0.8461023640549107,0.09105087071657181,22.578017393314816,0.6986100764136767,0.15950490534305573,-3.8434732167248313,-0.147492287641234,-0.06845403462648392
sample_160,160,motion blur,medium,restormer_motion_deblurring,Restormer运动去模糊,True,26.421490610039648,0.8461023640549107,0.09105087071657181,27.13102704880725,0.8688541490826874,0.06001686677336693,0.7095364387676035,0.02275178502777675,0.03103400394320488
sample_160,160,motion blur,medium,restormer_defocus_deblurring,Restormer散焦去模糊,True,26.421490610039648,0.8461023640549107,0.09105087071657181,26.061947974442397,0.8368601047564903,0.08470059931278229,-0.35954263559725064,-0.009242259298420374,0.00635027140378952
sample_160,160,motion blur,medium,restormer_deraining,Restormer去雨,True,26.421490610039648,0.8461023640549107,0.09105087071657181,26.329191401000863,0.8433559005308879,0.09363614022731781,-0.09229920903878508,-0.0027464635240227464,-0.002585269510746002
sample_160,160,motion blur,medium,xrestormer_motion_deblurring,XRestormer运动去模糊,True,26.421490610039648,0.8461023640549107,0.09105087071657181,19.44355683299255,0.4603384053147002,0.15154960751533508,-6.977933777047099,-0.38576395874021047,-0.060498736798763275
sample_160,160,motion blur,medium,xrestormer_deraining,XRestormer去雨,True,26.421490610039648,0.8461023640549107,0.09105087071657181,26.01452613407814,0.8417365735932534,0.09520305693149567,-0.40696447596150875,-0.004365790461657304,-0.004152186214923859
sample_160,160,motion blur,medium,mprnet_denoising,MPRNet去噪,True,26.421490610039648,0.8461023640549107,0.09105087071657181,26.05391817644972,0.8143943132763147,0.11199060082435608,-0.3675724335899275,-0.03170805077859595,-0.02093973010778427
sample_160,160,motion blur,medium,mprnet_motion_deblurring,MPRNet运动去模糊,True,26.421490610039648,0.8461023640549107,0.09105087071657181,25.417927867886597,0.8317930727816084,0.06625235825777054,-1.0035627421530506,-0.014309291273302271,0.02479851245880127
sample_160,160,motion blur,medium,mprnet_deraining,MPRNet去雨,True,26.421490610039648,0.8461023640549107,0.09105087071657181,26.23026206862141,0.8412840440199801,0.09586511552333832,-0.19122854141823709,-0.0048183200349305455,-0.00481424480676651
sample_160,160,motion blur,medium,fbcnn_jpeg_artifact_removal,FBCNN JPEG伪影去除,True,26.421490610039648,0.8461023640549107,0.09105087071657181,25.61238660081996,0.8081089038579821,0.093583844602108,-0.8091040092196877,-0.03799346019692862,-0.002532973885536194
sample_160,160,motion blur,medium,drbnet_defocus_deblurring,DRBNet散焦去模糊,True,26.421490610039648,0.8461023640549107,0.09105087071657181,25.856525454202362,0.8212038695117697,0.0818764716386795,-0.5649651558372852,-0.02489849454314097,0.009174399077892303
sample_160,160,motion blur,medium,dehazeformer_dehaze,DehazeFormer去雾,True,26.421490610039648,0.8461023640549107,0.09105087071657181,14.041236065849938,0.7219695638859519,0.14515794813632965,-12.38025454418971,-0.12413280016895878,-0.05410707741975784
sample_169,169,low resolution,high,swinir_denoising,SwinIR去噪,True,40.64504960977321,0.9966174704861421,0.002421259880065918,28.785421909369283,0.895471716979297,0.03884763643145561,-11.859627700403927,-0.10114575350684518,-0.036426376551389694
sample_169,169,low resolution,high,swinir_jpeg_artifact_removal,SwinIR JPEG伪影去除,True,40.64504960977321,0.9966174704861421,0.002421259880065918,25.956453157823724,0.8516757391727472,0.0228512492030859,-14.688596451949486,-0.14494173131339494,-0.02042998932301998
sample_169,169,low resolution,high,swinir_super_resolution,SwinIR超分辨率,True,40.64504960977321,0.9966174704861421,0.002421259880065918,23.322369822541166,0.7521339929002616,0.08625456690788269,-17.322679787232044,-0.24448347758588052,-0.08383330702781677
sample_169,169,low resolution,high,restormer_motion_deblurring,Restormer运动去模糊,True,40.64504960977321,0.9966174704861421,0.002421259880065918,39.50918235658022,0.9944850930178153,0.0009999192552641034,-1.1358672531929912,-0.0021323774683268404,0.0014213406248018146
sample_169,169,low resolution,high,restormer_defocus_deblurring,Restormer散焦去模糊,True,40.64504960977321,0.9966174704861421,0.002421259880065918,27.93628698973827,0.9552135592752643,0.007573215290904045,-12.708762620034939,-0.04140391121087783,-0.005151955410838127
sample_169,169,low resolution,high,restormer_deraining,Restormer去雨,True,40.64504960977321,0.9966174704861421,0.002421259880065918,34.04645797375633,0.9797434832178084,0.006374570075422525,-6.598591636016877,-0.01687398726833378,-0.0039533101953566074
sample_169,169,low resolution,high,xrestormer_motion_deblurring,XRestormer运动去模糊,True,40.64504960977321,0.9966174704861421,0.002421259880065918,15.169866824956927,0.482813858202433,0.2765499949455261,-25.475182784816283,-0.5138036122837091,-0.2741287350654602
sample_169,169,low resolution,high,xrestormer_deraining,XRestormer去雨,True,40.64504960977321,0.9966174704861421,0.002421259880065918,28.854492883161207,0.9404885234746131,0.013221974484622478,-11.790556726612003,-0.05612894701152904,-0.01080071460455656
sample_169,169,low resolution,high,mprnet_denoising,MPRNet去噪,True,40.64504960977321,0.9966174704861421,0.002421259880065918,23.352855841811994,0.8378266964225852,0.08450434356927872,-17.292193767961216,-0.1587907740635569,-0.0820830836892128
sample_169,169,low resolution,high,mprnet_motion_deblurring,MPRNet运动去模糊,True,40.64504960977321,0.9966174704861421,0.002421259880065918,7.61002664455054,0.11477237209163528,0.473445326089859,-33.03502296522267,-0.8818450983945069,-0.4710240662097931
sample_169,169,low resolution,high,mprnet_deraining,MPRNet去雨,True,40.64504960977321,0.9966174704861421,0.002421259880065918,27.06571439067995,0.9189926178917297,0.02041577734053135,-13.57933521909326,-0.07762485259441243,-0.01799451746046543
sample_169,169,low resolution,high,fbcnn_jpeg_artifact_removal,FBCNN JPEG伪影去除,True,40.64504960977321,0.9966174704861421,0.002421259880065918,31.83828422810609,0.9465243733916067,0.0054405247792601585,-8.80676538166712,-0.050093097094535466,-0.0030192648991942406
sample_169,169,low resolution,high,drbnet_defocus_deblurring,DRBNet散焦去模糊,True,40.64504960977321,0.9966174704861421,0.002421259880065918,30.769869090601624,0.9683857371601073,0.008702314458787441,-9.875180519171586,-0.02823173332603479,-0.006281054578721523
sample_169,169,low resolution,high,dehazeformer_dehaze,DehazeFormer去雾,True,40.64504960977321,0.9966174704861421,0.002421259880065918,24.822676641787837,0.9429404056219165,0.011557509191334248,-15.822372967985373,-0.05367706486422563,-0.00913624931126833
sample_173,173,haze,high,swinir_denoising,SwinIR去噪,True,100.0,1.0,0.0,38.585490424847315,0.9426304947674501,0.12661339342594147,-61.414509575152685,-0.05736950523254991,-0.12661339342594147
sample_173,173,haze,high,swinir_jpeg_artifact_removal,SwinIR JPEG伪影去除,True,100.0,1.0,0.0,40.68875013491791,0.9639651724264837,0.05440372973680496,-59.31124986508209,-0.03603482757351628,-0.05440372973680496
sample_173,173,haze,high,swinir_super_resolution,SwinIR超分辨率,True,100.0,1.0,0.0,37.858638122901226,0.9683155045750654,0.07347892224788666,-62.141361877098774,-0.03168449542493457,-0.07347892224788666
sample_173,173,haze,high,restormer_motion_deblurring,Restormer运动去模糊,True,100.0,1.0,0.0,48.43115461521644,0.9957964540108586,0.006835024803876877,-51.56884538478356,-0.004203545989141411,-0.006835024803876877
sample_173,173,haze,high,restormer_defocus_deblurring,Restormer散焦去模糊,True,100.0,1.0,0.0,36.228052360731596,0.9778162565285499,0.05563262850046158,-63.771947639268404,-0.022183743471450135,-0.05563262850046158
sample_173,173,haze,high,restormer_deraining,Restormer去雨,True,100.0,1.0,0.0,48.64863412791405,0.994307765898771,0.008088191039860249,-51.35136587208595,-0.005692234101228988,-0.008088191039860249
sample_173,173,haze,high,xrestormer_motion_deblurring,XRestormer运动去模糊,True,100.0,1.0,0.0,33.565055769082775,0.939895031237036,0.08211441338062286,-66.43494423091722,-0.060104968762964006,-0.08211441338062286
sample_173,173,haze,high,xrestormer_deraining,XRestormer去雨,True,100.0,1.0,0.0,33.29828435536252,0.990618444973836,0.013430090621113777,-66.70171564463749,-0.009381555026164001,-0.013430090621113777
sample_173,173,haze,high,mprnet_denoising,MPRNet去噪,True,100.0,1.0,0.0,44.11378179364579,0.9830931506735373,0.027623610571026802,-55.88621820635421,-0.016906849326462692,-0.027623610571026802
sample_173,173,haze,high,mprnet_motion_deblurring,MPRNet运动去模糊,True,100.0,1.0,0.0,44.1434219633308,0.9905273054417135,0.008167535066604614,-55.8565780366692,-0.009472694558286476,-0.008167535066604614
sample_173,173,haze,high,mprnet_deraining,MPRNet去雨,True,100.0,1.0,0.0,38.55055482369177,0.9884934032272081,0.02204807661473751,-61.44944517630823,-0.011506596772791866,-0.02204807661473751
sample_173,173,haze,high,fbcnn_jpeg_artifact_removal,FBCNN JPEG伪影去除,True,100.0,1.0,0.0,44.676066312552365,0.9808105006750933,0.009456250816583633,-55.323933687447635,-0.019189499324906656,-0.009456250816583633
sample_173,173,haze,high,drbnet_defocus_deblurring,DRBNet散焦去模糊,True,100.0,1.0,0.0,39.80191940814218,0.9665733819676875,0.10995060205459595,-60.19808059185782,-0.033426618032312505,-0.10995060205459595
sample_173,173,haze,high,dehazeformer_dehaze,DehazeFormer去雾,True,100.0,1.0,0.0,21.106141294791993,0.8961152652172529,0.09346845000982285,-78.893858705208,-0.10388473478274707,-0.09346845000982285
sample_178,178,low resolution,very high,swinir_denoising,SwinIR去噪,True,40.852250486510286,0.9976146100559596,0.0037538858596235514,28.000443862075947,0.9216493746417133,0.0793473869562149,-12.851806624434339,-0.07596523541424638,-0.07559350109659135
sample_178,178,low resolution,very high,swinir_jpeg_artifact_removal,SwinIR JPEG伪影去除,True,40.852250486510286,0.9976146100559596,0.0037538858596235514,27.72267717861034,0.9315705030591013,0.05293595790863037,-13.129573307899946,-0.06604410699685836,-0.04918207204900682
sample_178,178,low resolution,very high,swinir_super_resolution,SwinIR超分辨率,True,40.852250486510286,0.9976146100559596,0.0037538858596235514,24.13170156482467,0.8655680157539472,0.1188395693898201,-16.720548921685616,-0.1320465943020125,-0.11508568353019655
sample_178,178,low resolution,very high,restormer_motion_deblurring,Restormer运动去模糊,True,40.852250486510286,0.9976146100559596,0.0037538858596235514,41.5772393325862,0.998126909243132,0.0021409064065665007,0.7249888460759166,0.000512299187172327,0.0016129794530570507
sample_178,178,low resolution,very high,restormer_defocus_deblurring,Restormer散焦去模糊,True,40.852250486510286,0.9976146100559596,0.0037538858596235514,24.166521383892526,0.9130248021062554,0.03730238974094391,-16.68572910261776,-0.08458980794970428,-0.03354850388132036
sample_178,178,low resolution,very high,restormer_deraining,Restormer去雨,True,40.852250486510286,0.9976146100559596,0.0037538858596235514,36.785859572293035,0.9947498287623523,0.0071817426942288876,-4.066390914217251,-0.0028647812936073436,-0.003427856834605336
sample_178,178,low resolution,very high,xrestormer_motion_deblurring,XRestormer运动去模糊,True,40.852250486510286,0.9976146100559596,0.0037538858596235514,12.859801758417095,0.48472317350590305,0.2988030016422272,-27.99244872809319,-0.5128914365500565,-0.2950491157826036
sample_178,178,low resolution,very high,xrestormer_deraining,XRestormer去雨,True,40.852250486510286,0.9976146100559596,0.0037538858596235514,37.84554101314123,0.9945079987751043,0.005644438788294792,-3.0067094733690567,-0.0031066112808553203,-0.0018905529286712408
sample_178,178,low resolution,very high,mprnet_denoising,MPRNet去噪,True,40.852250486510286,0.9976146100559596,0.0037538858596235514,27.21578844927073,0.9408613546437246,0.06378832459449768,-13.636462037239557,-0.05675325541223508,-0.06003443873487413
sample_178,178,low resolution,very high,mprnet_motion_deblurring,MPRNet运动去模糊,True,40.852250486510286,0.9976146100559596,0.0037538858596235514,27.770217029161227,0.9603918993075377,0.04554685205221176,-13.082033457349059,-0.03722271074842198,-0.04179296619258821
sample_178,178,low resolution,very high,mprnet_deraining,MPRNet去雨,True,40.852250486510286,0.9976146100559596,0.0037538858596235514,31.844507648106802,0.9846280851419903,0.009444688446819782,-9.007742838403484,-0.012986524913969344,-0.005690802587196231
sample_178,178,low resolution,very high,fbcnn_jpeg_artifact_removal,FBCNN JPEG伪影去除,True,40.852250486510286,0.9976146100559596,0.0037538858596235514,34.776349130013585,0.9874518689434587,0.010813014581799507,-6.075901356496701,-0.010162741112500928,-0.007059128722175956
sample_178,178,low resolution,very high,drbnet_defocus_deblurring,DRBNet散焦去模糊,True,40.852250486510286,0.9976146100559596,0.0037538858596235514,32.13131784476675,0.9825534560706511,0.011171749792993069,-8.720932641743538,-0.015061153985308495,-0.007417863933369517
sample_178,178,low resolution,very high,dehazeformer_dehaze,DehazeFormer去雾,True,40.852250486510286,0.9976146100559596,0.0037538858596235514,28.04757974366639,0.9797035085302488,0.009889073669910431,-12.804670742843896,-0.01791110152571085,-0.0061351878102868795
sample_174,174,motion blur,high,swinir_denoising,SwinIR去噪,True,23.58028360136523,0.6812338197385329,0.3039894700050354,23.314221721592453,0.6177843417458252,0.46162018179893494,-0.26606187977277784,-0.06344947799270773,-0.15763071179389954
sample_174,174,motion blur,high,swinir_jpeg_artifact_removal,SwinIR JPEG伪影去除,True,23.58028360136523,0.6812338197385329,0.3039894700050354,23.424924079080938,0.6472318016380013,0.3796147108078003,-0.15535952228429295,-0.034002018100531606,-0.07562524080276489
sample_174,174,motion blur,high,swinir_super_resolution,SwinIR超分辨率,True,23.58028360136523,0.6812338197385329,0.3039894700050354,23.08552716219063,0.6840880652962582,0.39758992195129395,-0.4947564391746013,0.002854245557725288,-0.09360045194625854
sample_174,174,motion blur,high,restormer_motion_deblurring,Restormer运动去模糊,True,23.58028360136523,0.6812338197385329,0.3039894700050354,22.66330962610466,0.5872967493437541,0.14676132798194885,-0.9169739752605715,-0.09393707039477883,0.15722814202308655
sample_174,174,motion blur,high,restormer_defocus_deblurring,Restormer散焦去模糊,True,23.58028360136523,0.6812338197385329,0.3039894700050354,24.11709599419939,0.7588227742792398,0.2386985868215561,0.5368123928341575,0.07758895454070691,0.06529088318347931
sample_174,174,motion blur,high,restormer_deraining,Restormer去雨,True,23.58028360136523,0.6812338197385329,0.3039894700050354,23.423937684557146,0.660633935850397,0.33940890431404114,-0.1563459168080854,-0.02059988388813594,-0.03541943430900574
sample_174,174,motion blur,high,xrestormer_motion_deblurring,XRestormer运动去模糊,True,23.58028360136523,0.6812338197385329,0.3039894700050354,20.32483649850468,0.5888802480791997,0.36088359355926514,-3.2554471028605505,-0.09235357165933322,-0.056894123554229736
sample_174,174,motion blur,high,xrestormer_deraining,XRestormer去雨,True,23.58028360136523,0.6812338197385329,0.3039894700050354,23.20401708369254,0.6566068303005576,0.35290828347206116,-0.3762665176726898,-0.024626989437975366,-0.04891881346702576
sample_174,174,motion blur,high,mprnet_denoising,MPRNet去噪,True,23.58028360136523,0.6812338197385329,0.3039894700050354,23.441858712304906,0.656475199813447,0.35192960500717163,-0.13842488906032457,-0.02475861992508588,-0.04794013500213623
sample_174,174,motion blur,high,mprnet_motion_deblurring,MPRNet运动去模糊,True,23.58028360136523,0.6812338197385329,0.3039894700050354,22.549630192879416,0.587306559077856,0.14786195755004883,-1.030653408485815,-0.09392726066067691,0.15612751245498657
sample_174,174,motion blur,high,mprnet_deraining,MPRNet去雨,True,23.58028360136523,0.6812338197385329,0.3039894700050354,23.45949293696336,0.66505996511146,0.3406786620616913,-0.12079066440186992,-0.01617385462707288,-0.036689192056655884
sample_174,174,motion blur,high,fbcnn_jpeg_artifact_removal,FBCNN JPEG伪影去除,True,23.58028360136523,0.6812338197385329,0.3039894700050354,23.56412353538297,0.6752563018847807,0.30460125207901,-0.016160065982262495,-0.005977517853752223,-0.0006117820739746094
sample_174,174,motion blur,high,drbnet_defocus_deblurring,DRBNet散焦去模糊,True,23.58028360136523,0.6812338197385329,0.3039894700050354,23.07961299826968,0.6638313200014717,0.2714511752128601,-0.5006706030955499,-0.017402499737061206,0.03253829479217529
sample_174,174,motion blur,high,dehazeformer_dehaze,DehazeFormer去雾,True,23.58028360136523,0.6812338197385329,0.3039894700050354,19.34368884093711,0.6256066492498147,0.3150039613246918,-4.236594760428122,-0.055627170488718236,-0.011014491319656372
sample_175,175,defocus blur,low,swinir_denoising,SwinIR去噪,True,29.894468079756848,0.7805894051025168,0.32329583168029785,28.766443267086036,0.6647229790772216,0.47525566816329956,-1.1280248126708123,-0.11586642602529529,-0.1519598364830017
sample_175,175,defocus blur,low,swinir_jpeg_artifact_removal,SwinIR JPEG伪影去除,True,29.894468079756848,0.7805894051025168,0.32329583168029785,29.352082236799998,0.7287141672281573,0.4109117090702057,-0.5423858429568504,-0.05187523787435955,-0.08761587738990784
sample_175,175,defocus blur,low,swinir_super_resolution,SwinIR超分辨率,True,29.894468079756848,0.7805894051025168,0.32329583168029785,21.945860571495032,0.5122992020452103,0.5625526905059814,-7.948607508261816,-0.26829020305730655,-0.2392568588256836
sample_175,175,defocus blur,low,restormer_motion_deblurring,Restormer运动去模糊,True,29.894468079756848,0.7805894051025168,0.32329583168029785,29.972415397074187,0.8023509820301663,0.2976858615875244,0.07794731731733862,0.021761576927649462,0.025609970092773438
sample_175,175,defocus blur,low,restormer_defocus_deblurring,Restormer散焦去模糊,True,29.894468079756848,0.7805894051025168,0.32329583168029785,30.18569172015595,0.8219496849316665,0.2525812089443207,0.2912236403991031,0.04136027982914969,0.07071462273597717
sample_175,175,defocus blur,low,restormer_deraining,Restormer去雨,True,29.894468079756848,0.7805894051025168,0.32329583168029785,29.895326217000907,0.7792779281340242,0.33453524112701416,0.0008581372440588098,-0.001311476968492653,-0.011239409446716309
sample_175,175,defocus blur,low,xrestormer_motion_deblurring,XRestormer运动去模糊,True,29.894468079756848,0.7805894051025168,0.32329583168029785,23.801992516266367,0.7187790573453289,0.39611363410949707,-6.092475563490481,-0.06181034775718797,-0.07281780242919922
sample_175,175,defocus blur,low,xrestormer_deraining,XRestormer去雨,True,29.894468079756848,0.7805894051025168,0.32329583168029785,26.91726335053677,0.7458191339236849,0.3684893846511841,-2.9772047292200767,-0.03477027117883191,-0.04519355297088623
sample_175,175,defocus blur,low,mprnet_denoising,MPRNet去噪,True,29.894468079756848,0.7805894051025168,0.32329583168029785,29.207150433825344,0.7519493364714496,0.38180744647979736,-0.687317645931504,-0.028640068631067273,-0.05851161479949951
sample_175,175,defocus blur,low,mprnet_motion_deblurring,MPRNet运动去模糊,True,29.894468079756848,0.7805894051025168,0.32329583168029785,29.97915281360146,0.7931059008821002,0.3207334280014038,0.08468473384461106,0.012516495779583359,0.002562403678894043
sample_175,175,defocus blur,low,mprnet_deraining,MPRNet去雨,True,29.894468079756848,0.7805894051025168,0.32329583168029785,29.643219797171092,0.7581462122511554,0.34839069843292236,-0.25124828258575604,-0.022443192851361426,-0.02509486675262451
sample_175,175,defocus blur,low,fbcnn_jpeg_artifact_removal,FBCNN JPEG伪影去除,True,29.894468079756848,0.7805894051025168,0.32329583168029785,29.94542454695381,0.7799597954887946,0.3331330716609955,0.05095646719696134,-0.0006296096137222706,-0.009837239980697632
sample_175,175,defocus blur,low,drbnet_defocus_deblurring,DRBNet散焦去模糊,True,29.894468079756848,0.7805894051025168,0.32329583168029785,30.67469078145054,0.8565258034601047,0.10342149436473846,0.7802227016936918,0.07593639835758781,0.2198743373155594
sample_175,175,defocus blur,low,dehazeformer_dehaze,DehazeFormer去雾,True,29.894468079756848,0.7805894051025168,0.32329583168029785,11.412011193663638,0.6075141042712565,0.4817698001861572,-18.48245688609321,-0.17307530083126033,-0.15847396850585938
sample_188,188,low resolution,high,swinir_denoising,SwinIR去噪,True,39.60232348773236,0.9961089915558156,0.0036021184641867876,26.0334165426459,0.8234784488843462,0.11110138148069382,-13.568906945086464,-0.17263054267146938,-0.10749926301650703
sample_188,188,low resolution,high,swinir_jpeg_artifact_removal,SwinIR JPEG伪影去除,True,39.60232348773236,0.9961089915558156,0.0036021184641867876,22.10242161834107,0.7407832693409594,0.0974125862121582,-17.499901869391294,-0.25532572221485617,-0.09381046774797142
sample_188,188,low resolution,high,swinir_super_resolution,SwinIR超分辨率,True,39.60232348773236,0.9961089915558156,0.0036021184641867876,19.66604845959158,0.5936572480017025,0.15500105917453766,-19.936275028140784,-0.40245174355411306,-0.15139894071035087
sample_188,188,low resolution,high,restormer_motion_deblurring,Restormer运动去模糊,True,39.60232348773236,0.9961089915558156,0.0036021184641867876,34.97126725071992,0.9831162452040959,0.010790498927235603,-4.631056237012444,-0.012992746351719653,-0.007188380463048816
sample_188,188,low resolution,high,restormer_defocus_deblurring,Restormer散焦去模糊,True,39.60232348773236,0.9961089915558156,0.0036021184641867876,25.388167730878415,0.9074222251387938,0.018778080120682716,-14.214155756853948,-0.08868676641702178,-0.015175961656495929
sample_188,188,low resolution,high,restormer_deraining,Restormer去雨,True,39.60232348773236,0.9961089915558156,0.0036021184641867876,30.930790971807948,0.9344064660456506,0.015451949089765549,-8.671532515924415,-0.061702525510164974,-0.011849830625578761
sample_188,188,low resolution,high,xrestormer_motion_deblurring,XRestormer运动去模糊,True,39.60232348773236,0.9961089915558156,0.0036021184641867876,15.290231341512666,0.5075693178435924,0.30291980504989624,-24.312092146219697,-0.4885396737122232,-0.29931768658570945
sample_188,188,low resolution,high,xrestormer_deraining,XRestormer去雨,True,39.60232348773236,0.9961089915558156,0.0036021184641867876,33.290567443761724,0.9639931689367244,0.00867833849042654,-6.3117560439706395,-0.03211582261909118,-0.005076220026239753
sample_188,188,low resolution,high,mprnet_denoising,MPRNet去噪,True,39.60232348773236,0.9961089915558156,0.0036021184641867876,22.00368766373598,0.7156757791037681,0.3187788724899292,-17.598635823996382,-0.28043321245204744,-0.3151767540257424
sample_188,188,low resolution,high,mprnet_motion_deblurring,MPRNet运动去模糊,True,39.60232348773236,0.9961089915558156,0.0036021184641867876,4.758956368834709,0.02093812812274777,0.7725879549980164,-34.84336711889765,-0.9751708634330678,-0.7689858365338296
sample_188,188,low resolution,high,mprnet_deraining,MPRNet去雨,True,39.60232348773236,0.9961089915558156,0.0036021184641867876,31.597497566467432,0.9560763278544678,0.013786007650196552,-8.004825921264931,-0.040032663701347726,-0.010183889186009765
sample_188,188,low resolution,high,fbcnn_jpeg_artifact_removal,FBCNN JPEG伪影去除,True,39.60232348773236,0.9961089915558156,0.0036021184641867876,28.2835595667671,0.9176156205388026,0.015088450163602829,-11.318763920965264,-0.07849337101701293,-0.011486331699416041
sample_188,188,low resolution,high,drbnet_defocus_deblurring,DRBNet散焦去模糊,True,39.60232348773236,0.9961089915558156,0.0036021184641867876,28.956837770278064,0.9478001013323972,0.023745166137814522,-10.6454857174543,-0.04830889022341833,-0.020143047673627734
sample_188,188,low resolution,high,dehazeformer_dehaze,DehazeFormer去雾,True,39.60232348773236,0.9961089915558156,0.0036021184641867876,22.28387563923078,0.918560513380485,0.03000497817993164,-17.318447848501584,-0.0775484781753305,-0.026402859715744853
sample_167,167,noise,medium,swinir_denoising,SwinIR去噪,True,29.07819394465975,0.8814882166994211,0.06885773688554764,31.133624975087073,0.896763718927731,0.21386367082595825,2.055431030427325,0.015275502228309867,-0.14500593394041061
sample_167,167,noise,medium,swinir_jpeg_artifact_removal,SwinIR JPEG伪影去除,True,29.07819394465975,0.8814882166994211,0.06885773688554764,30.10386467371664,0.9043675055408075,0.11897796392440796,1.0256707290568912,0.022879288841386347,-0.05012022703886032
sample_167,167,noise,medium,swinir_super_resolution,SwinIR超分辨率,True,29.07819394465975,0.8814882166994211,0.06885773688554764,28.43076368657997,0.8494474757422217,0.26971274614334106,-0.6474302580797797,-0.03204074095719944,-0.20085500925779343
sample_167,167,noise,medium,restormer_motion_deblurring,Restormer运动去模糊,True,29.07819394465975,0.8814882166994211,0.06885773688554764,28.10110903414971,0.8750009275175082,0.08889585733413696,-0.9770849105100368,-0.006487289181912881,-0.020038120448589325
sample_167,167,noise,medium,restormer_defocus_deblurring,Restormer散焦去模糊,True,29.07819394465975,0.8814882166994211,0.06885773688554764,23.96574211746003,0.8001401136179237,0.19681662321090698,-5.112451827199717,-0.08134810308149742,-0.12795888632535934
sample_167,167,noise,medium,restormer_deraining,Restormer去雨,True,29.07819394465975,0.8814882166994211,0.06885773688554764,30.504673046399535,0.9134784010524798,0.04744727909564972,1.4264791017397869,0.03199018435305867,0.02141045778989792
sample_167,167,noise,medium,xrestormer_motion_deblurring,XRestormer运动去模糊,True,29.07819394465975,0.8814882166994211,0.06885773688554764,15.740081378690755,0.42263754938591647,0.4469276964664459,-13.338112565968993,-0.45885066731350466,-0.3780699595808983
sample_167,167,noise,medium,xrestormer_deraining,XRestormer去雨,True,29.07819394465975,0.8814882166994211,0.06885773688554764,30.11583830325663,0.9121298175782339,0.05651092529296875,1.0376443585968822,0.030641600878812736,0.012346811592578888
sample_167,167,noise,medium,mprnet_denoising,MPRNet去噪,True,29.07819394465975,0.8814882166994211,0.06885773688554764,28.7456932222386,0.8766885082844921,0.22537828981876373,-0.33250072242114825,-0.004799708414929049,-0.1565205529332161
sample_167,167,noise,medium,mprnet_motion_deblurring,MPRNet运动去模糊,True,29.07819394465975,0.8814882166994211,0.06885773688554764,28.00025535908643,0.8745672798163681,0.08322396129369736,-1.0779385855733175,-0.006920936883053064,-0.01436622440814972
sample_167,167,noise,medium,mprnet_deraining,MPRNet去雨,True,29.07819394465975,0.8814882166994211,0.06885773688554764,30.490282272564336,0.9168030538809052,0.05014631897211075,1.4120883279045877,0.03531483718148409,0.01871141791343689
sample_167,167,noise,medium,fbcnn_jpeg_artifact_removal,FBCNN JPEG伪影去除,True,29.07819394465975,0.8814882166994211,0.06885773688554764,31.205878050458075,0.9214419436688384,0.09962910413742065,2.127684105798327,0.039953726969417236,-0.030771367251873016
sample_167,167,noise,medium,drbnet_defocus_deblurring,DRBNet散焦去模糊,True,29.07819394465975,0.8814882166994211,0.06885773688554764,30.028709778708734,0.9040548969225256,0.09490425139665604,0.9505158340489857,0.022566680223104485,-0.0260465145111084
sample_167,167,noise,medium,dehazeformer_dehaze,DehazeFormer去雾,True,29.07819394465975,0.8814882166994211,0.06885773688554764,25.203630464775507,0.8565152596187722,0.08702339231967926,-3.874563479884241,-0.02497295708064895,-0.018165655434131622
sample_179,179,haze,very high,swinir_denoising,SwinIR去噪,True,100.0,1.0,0.0,35.48812878444373,0.8638793909958152,0.32734110951423645,-64.51187121555627,-0.13612060900418477,-0.32734110951423645
sample_179,179,haze,very high,swinir_jpeg_artifact_removal,SwinIR JPEG伪影去除,True,100.0,1.0,0.0,40.032339389794444,0.9588254145693748,0.11830267310142517,-59.967660610205556,-0.04117458543062524,-0.11830267310142517
sample_179,179,haze,very high,swinir_super_resolution,SwinIR超分辨率,True,100.0,1.0,0.0,34.71196103584691,0.9123523425466664,0.24766823649406433,-65.28803896415309,-0.08764765745333358,-0.24766823649406433
sample_179,179,haze,very high,restormer_motion_deblurring,Restormer运动去模糊,True,100.0,1.0,0.0,42.992640039758705,0.9879910318094783,0.03756311535835266,-57.007359960241295,-0.012008968190521663,-0.03756311535835266
sample_179,179,haze,very high,restormer_defocus_deblurring,Restormer散焦去模糊,True,100.0,1.0,0.0,31.87694159819649,0.9867468943164552,0.040891192853450775,-68.12305840180352,-0.013253105683544764,-0.040891192853450775
sample_179,179,haze,very high,restormer_deraining,Restormer去雨,True,100.0,1.0,0.0,53.7033563959544,0.9980895495298899,0.005053345113992691,-46.2966436040456,-0.00191045047011007,-0.005053345113992691
sample_179,179,haze,very high,xrestormer_motion_deblurring,XRestormer运动去模糊,True,100.0,1.0,0.0,25.84149117576532,0.7767122588110813,0.29934707283973694,-74.15850882423467,-0.2232877411889187,-0.29934707283973694
sample_179,179,haze,very high,xrestormer_deraining,XRestormer去雨,True,100.0,1.0,0.0,33.65706784495126,0.9904373262623367,0.021674782037734985,-66.34293215504874,-0.009562673737663285,-0.021674782037734985
sample_179,179,haze,very high,mprnet_denoising,MPRNet去噪,True,100.0,1.0,0.0,42.93228821957111,0.9803522950470395,0.06041110306978226,-57.06771178042889,-0.019647704952960532,-0.06041110306978226
sample_179,179,haze,very high,mprnet_motion_deblurring,MPRNet运动去模糊,True,100.0,1.0,0.0,44.021893577107846,0.9902164347588734,0.03435872867703438,-55.978106422892154,-0.009783565241126557,-0.03435872867703438
sample_179,179,haze,very high,mprnet_deraining,MPRNet去雨,True,100.0,1.0,0.0,42.86191306465841,0.9797671937901958,0.07260988652706146,-57.13808693534159,-0.020232806209804166,-0.07260988652706146
sample_179,179,haze,very high,fbcnn_jpeg_artifact_removal,FBCNN JPEG伪影去除,True,100.0,1.0,0.0,51.71610101103488,0.9962451402009792,0.004974492825567722,-48.28389898896512,-0.0037548597990207933,-0.004974492825567722
sample_179,179,haze,very high,drbnet_defocus_deblurring,DRBNet散焦去模糊,True,100.0,1.0,0.0,41.003556666687395,0.9823863167248001,0.06401067972183228,-58.996443333312605,-0.017613683275199854,-0.06401067972183228
sample_179,179,haze,very high,dehazeformer_dehaze,DehazeFormer去雾,True,100.0,1.0,0.0,9.139832931752757,0.5737219506230976,0.33009594678878784,-90.86016706824725,-0.4262780493769024,-0.33009594678878784
sample_163,163,noise,low,swinir_denoising,SwinIR去噪,True,35.35635173482204,0.9049830222185072,0.01848134584724903,36.55070101682242,0.9220042305701467,0.11439473181962967,1.1943492820003812,0.01702120835163945,-0.09591338597238064
sample_163,163,noise,low,swinir_jpeg_artifact_removal,SwinIR JPEG伪影去除,True,35.35635173482204,0.9049830222185072,0.01848134584724903,34.6358287642395,0.9018418256046051,0.07156546413898468,-0.7205229705825431,-0.0031411966139021086,-0.05308411829173565
sample_163,163,noise,low,swinir_super_resolution,SwinIR超分辨率,True,35.35635173482204,0.9049830222185072,0.01848134584724903,31.82722756151972,0.89662232173343,0.17065173387527466,-3.5291241733023213,-0.0083607004850772,-0.15217038802802563
sample_163,163,noise,low,restormer_motion_deblurring,Restormer运动去模糊,True,35.35635173482204,0.9049830222185072,0.01848134584724903,28.57719236954543,0.8409291393397957,0.08626250177621841,-6.7791593652766124,-0.0640538828787115,-0.06778115592896938
sample_163,163,noise,low,restormer_defocus_deblurring,Restormer散焦去模糊,True,35.35635173482204,0.9049830222185072,0.01848134584724903,30.809124905801394,0.9186782121065105,0.043480560183525085,-4.547226829020648,0.013695189888003223,-0.024999214336276054
sample_163,163,noise,low,restormer_deraining,Restormer去雨,True,35.35635173482204,0.9049830222185072,0.01848134584724903,36.854707476769974,0.9232859689954175,0.007930723950266838,1.4983557419479325,0.018302946776910245,0.010550621896982193
sample_163,163,noise,low,xrestormer_motion_deblurring,XRestormer运动去模糊,True,35.35635173482204,0.9049830222185072,0.01848134584724903,20.204012506130397,0.6184402633465863,0.23948007822036743,-15.152339228691645,-0.28654275887192093,-0.2209987323731184
sample_163,163,noise,low,xrestormer_deraining,XRestormer去雨,True,35.35635173482204,0.9049830222185072,0.01848134584724903,37.51117383347279,0.9417024390219736,0.00976987648755312,2.1548220986507474,0.036719416803466354,0.008711469359695911
sample_163,163,noise,low,mprnet_denoising,MPRNet去噪,True,35.35635173482204,0.9049830222185072,0.01848134584724903,35.655719741639075,0.9357879394287273,0.10428828001022339,0.29936800681703346,0.03080491721022005,-0.08580693416297436
sample_163,163,noise,low,mprnet_motion_deblurring,MPRNet运动去模糊,True,35.35635173482204,0.9049830222185072,0.01848134584724903,27.346828548483664,0.7945768252541064,0.10665003955364227,-8.009523186338377,-0.1104061969644008,-0.08816869370639324
sample_163,163,noise,low,mprnet_deraining,MPRNet去雨,True,35.35635173482204,0.9049830222185072,0.01848134584724903,36.12033796893985,0.9163726624251763,0.04224877059459686,0.7639862341178087,0.011389640206669105,-0.02376742474734783
sample_163,163,noise,low,fbcnn_jpeg_artifact_removal,FBCNN JPEG伪影去除,True,35.35635173482204,0.9049830222185072,0.01848134584724903,37.38002813413224,0.9360790886085315,0.022141998633742332,2.0236763993101974,0.03109606639002427,-0.0036606527864933014
sample_163,163,noise,low,drbnet_defocus_deblurring,DRBNet散焦去模糊,True,35.35635173482204,0.9049830222185072,0.01848134584724903,33.389184771777366,0.908973990688794,0.04454337805509567,-1.9671669630446758,0.003990968470286793,-0.02606203220784664
sample_163,163,noise,low,dehazeformer_dehaze,DehazeFormer去雾,True,35.35635173482204,0.9049830222185072,0.01848134584724903,22.341506243644034,0.7964980690150755,0.05302741751074791,-13.014845491178008,-0.10848495320343177,-0.03454607166349888
sample_184,184,low resolution,low,swinir_denoising,SwinIR去噪,True,48.54116307071089,0.9974972111942725,0.0012464412720873952,38.49260845517865,0.9572596055581567,0.01050089206546545,-10.04855461553224,-0.04023760563611578,-0.009254450793378055
sample_184,184,low resolution,low,swinir_jpeg_artifact_removal,SwinIR JPEG伪影去除,True,48.54116307071089,0.9974972111942725,0.0012464412720873952,36.16896496878888,0.953498852626112,0.00997182447463274,-12.37219810192201,-0.04399835856816048,-0.008725383202545345
sample_184,184,low resolution,low,swinir_super_resolution,SwinIR超分辨率,True,48.54116307071089,0.9974972111942725,0.0012464412720873952,32.83460215258332,0.9121174455487674,0.026096638292074203,-15.706560918127565,-0.08537976564550509,-0.02485019701998681
sample_184,184,low resolution,low,restormer_motion_deblurring,Restormer运动去模糊,True,48.54116307071089,0.9974972111942725,0.0012464412720873952,46.10805267547076,0.9957039046060739,0.0007847159868106246,-2.433110395240128,-0.00179330658819854,0.0004617252852767706
sample_184,184,low resolution,low,restormer_defocus_deblurring,Restormer散焦去模糊,True,48.54116307071089,0.9974972111942725,0.0012464412720873952,37.04400258332359,0.9752719450758692,0.0028538373298943043,-11.497160487387298,-0.022225266118403253,-0.001607396057806909
sample_184,184,low resolution,low,restormer_deraining,Restormer去雨,True,48.54116307071089,0.9974972111942725,0.0012464412720873952,42.67738876144884,0.9886853841955001,0.003524470143020153,-5.863774309262048,-0.008811826998772365,-0.002278028870932758
sample_184,184,low resolution,low,xrestormer_motion_deblurring,XRestormer运动去模糊,True,48.54116307071089,0.9974972111942725,0.0012464412720873952,21.60927441019727,0.7466396026913591,0.1482742577791214,-26.931888660513618,-0.2508576085029134,-0.147027816507034
sample_184,184,low resolution,low,xrestormer_deraining,XRestormer去雨,True,48.54116307071089,0.9974972111942725,0.0012464412720873952,36.67617057188246,0.9796034011124877,0.003046417376026511,-11.864992498828428,-0.01789381008178481,-0.001799976103939116
sample_184,184,low resolution,low,mprnet_denoising,MPRNet去噪,True,48.54116307071089,0.9974972111942725,0.0012464412720873952,33.58696424860357,0.9589565802107369,0.034056585282087326,-14.954198822107315,-0.03854063098353555,-0.03281014400999993
sample_184,184,low resolution,low,mprnet_motion_deblurring,MPRNet运动去模糊,True,48.54116307071089,0.9974972111942725,0.0012464412720873952,39.951708430089795,0.9817461954102581,0.0025298581458628178,-8.589454640621092,-0.01575101578401439,-0.0012834168737754226
sample_184,184,low resolution,low,mprnet_deraining,MPRNet去雨,True,48.54116307071089,0.9974972111942725,0.0012464412720873952,41.54711176617938,0.9831722075861626,0.0048018260858953,-6.99405130453151,-0.014325003608109843,-0.0035553848138079047
sample_184,184,low resolution,low,fbcnn_jpeg_artifact_removal,FBCNN JPEG伪影去除,True,48.54116307071089,0.9974972111942725,0.0012464412720873952,38.67174309587891,0.9708915431609979,0.0060993703082203865,-9.869419974831978,-0.026605668033274577,-0.004852929036132991
sample_184,184,low resolution,low,drbnet_defocus_deblurring,DRBNet散焦去模糊,True,48.54116307071089,0.9974972111942725,0.0012464412720873952,36.69407183219262,0.9770691912629145,0.005501838866621256,-11.847091238518267,-0.02042801993135801,-0.004255397594533861
sample_184,184,low resolution,low,dehazeformer_dehaze,DehazeFormer去雾,True,48.54116307071089,0.9974972111942725,0.0012464412720873952,22.66437235000206,0.7970053890503449,0.01989866979420185,-25.876790720708826,-0.20049182214392758,-0.018652228522114456
sample_177,177,haze,low,swinir_denoising,SwinIR去噪,True,100.0,1.0,0.0,32.55823676554648,0.867671003842979,0.19511455297470093,-67.44176323445352,-0.13232899615702098,-0.19511455297470093
sample_177,177,haze,low,swinir_jpeg_artifact_removal,SwinIR JPEG伪影去除,True,100.0,1.0,0.0,33.398174023479605,0.9123181340415366,0.09821511805057526,-66.60182597652039,-0.08768186595846339,-0.09821511805057526
sample_177,177,haze,low,swinir_super_resolution,SwinIR超分辨率,True,100.0,1.0,0.0,24.402386131335373,0.7149697491762605,0.3041532039642334,-75.59761386866462,-0.28503025082373945,-0.3041532039642334
sample_177,177,haze,low,restormer_motion_deblurring,Restormer运动去模糊,True,100.0,1.0,0.0,33.026817160050015,0.9590005900092571,0.039985284209251404,-66.97318283994998,-0.04099940999074292,-0.039985284209251404
sample_177,177,haze,low,restormer_defocus_deblurring,Restormer散焦去模糊,True,100.0,1.0,0.0,26.499608173757032,0.8230176860289856,0.05327891185879707,-73.50039182624297,-0.17698231397101438,-0.05327891185879707
sample_177,177,haze,low,restormer_deraining,Restormer去雨,True,100.0,1.0,0.0,47.19678524251591,0.9965167729727717,0.007643773686140776,-52.80321475748409,-0.003483227027228253,-0.007643773686140776
sample_177,177,haze,low,xrestormer_motion_deblurring,XRestormer运动去模糊,True,100.0,1.0,0.0,18.008879605155535,0.5204254546499686,0.36947450041770935,-81.99112039484447,-0.4795745453500314,-0.36947450041770935
sample_177,177,haze,low,xrestormer_deraining,XRestormer去雨,True,100.0,1.0,0.0,35.05638519765503,0.9893017195677666,0.01423956174403429,-64.94361480234497,-0.01069828043223342,-0.01423956174403429
sample_177,177,haze,low,mprnet_denoising,MPRNet去噪,True,100.0,1.0,0.0,33.08152032069276,0.9126249489558957,0.10868120193481445,-66.91847967930724,-0.08737505104410426,-0.10868120193481445
sample_177,177,haze,low,mprnet_motion_deblurring,MPRNet运动去模糊,True,100.0,1.0,0.0,35.39693722385882,0.9730529049201705,0.02991345524787903,-64.60306277614117,-0.02694709507982951,-0.02991345524787903
sample_177,177,haze,low,mprnet_deraining,MPRNet去雨,True,100.0,1.0,0.0,37.79417951559732,0.9785006434032152,0.05265150964260101,-62.20582048440268,-0.021499356596784813,-0.05265150964260101
sample_177,177,haze,low,fbcnn_jpeg_artifact_removal,FBCNN JPEG伪影去除,True,100.0,1.0,0.0,42.622201761337465,0.9910017383698495,0.003694444429129362,-57.377798238662535,-0.008998261630150495,-0.003694444429129362
sample_177,177,haze,low,drbnet_defocus_deblurring,DRBNet散焦去模糊,True,100.0,1.0,0.0,36.2487546019486,0.9863874357342363,0.010984006337821484,-63.7512453980514,-0.013612564265763738,-0.010984006337821484
sample_177,177,haze,low,dehazeformer_dehaze,DehazeFormer去雾,True,100.0,1.0,0.0,15.03519489898345,0.6869873552024987,0.12375339865684509,-84.96480510101655,-0.31301264479750135,-0.12375339865684509
sample_180,180,motion blur,low,swinir_denoising,SwinIR去噪,True,26.822038576900997,0.8506509030990904,0.16041746735572815,25.955032965413942,0.7479262495489499,0.36430835723876953,-0.8670056114870555,-0.10272465355014049,-0.20389088988304138
sample_180,180,motion blur,low,swinir_jpeg_artifact_removal,SwinIR JPEG伪影去除,True,26.822038576900997,0.8506509030990904,0.16041746735572815,26.265396740114795,0.7960310465884124,0.2703324854373932,-0.556641836786202,-0.05461985651067802,-0.10991501808166504
sample_180,180,motion blur,low,swinir_super_resolution,SwinIR超分辨率,True,26.822038576900997,0.8506509030990904,0.16041746735572815,25.77247394664727,0.7882838455001463,0.2342645823955536,-1.0495646302537267,-0.06236705759894412,-0.07384711503982544
sample_180,180,motion blur,low,restormer_motion_deblurring,Restormer运动去模糊,True,26.822038576900997,0.8506509030990904,0.16041746735572815,26.137651822753245,0.8358575886330505,0.07069011777639389,-0.6843867541477522,-0.01479331446603993,0.08972734957933426
sample_180,180,motion blur,low,restormer_defocus_deblurring,Restormer散焦去模糊,True,26.822038576900997,0.8506509030990904,0.16041746735572815,25.059025235389896,0.8433711144642002,0.15889713168144226,-1.7630133415111011,-0.007279788634890205,0.0015203356742858887
sample_180,180,motion blur,low,restormer_deraining,Restormer去雨,True,26.822038576900997,0.8506509030990904,0.16041746735572815,26.76506428788639,0.8445651028636617,0.1738467663526535,-0.056974289014608104,-0.006085800235428707,-0.013429298996925354
sample_180,180,motion blur,low,xrestormer_motion_deblurring,XRestormer运动去模糊,True,26.822038576900997,0.8506509030990904,0.16041746735572815,20.021503827614552,0.6517385131879854,0.3633360266685486,-6.800534749286445,-0.19891238991110505,-0.20291855931282043
sample_180,180,motion blur,low,xrestormer_deraining,XRestormer去雨,True,26.822038576900997,0.8506509030990904,0.16041746735572815,26.74358274566718,0.8442583774224296,0.1714055985212326,-0.07845583123381772,-0.006392525676660821,-0.010988131165504456
sample_180,180,motion blur,low,mprnet_denoising,MPRNet去噪,True,26.822038576900997,0.8506509030990904,0.16041746735572815,26.495145134423602,0.8170849224847111,0.2512006163597107,-0.32689344247739527,-0.03356598061437932,-0.09078314900398254
sample_180,180,motion blur,low,mprnet_motion_deblurring,MPRNet运动去模糊,True,26.822038576900997,0.8506509030990904,0.16041746735572815,27.506579400544826,0.8714958308883255,0.07706522941589355,0.6845408236438288,0.02084492778923508,0.0833522379398346
sample_180,180,motion blur,low,mprnet_deraining,MPRNet去雨,True,26.822038576900997,0.8506509030990904,0.16041746735572815,26.369089698144563,0.8309733438376812,0.19782784581184387,-0.45294887875643397,-0.01967755926140924,-0.03741037845611572
sample_180,180,motion blur,low,fbcnn_jpeg_artifact_removal,FBCNN JPEG伪影去除,True,26.822038576900997,0.8506509030990904,0.16041746735572815,26.763440513134185,0.8441659053967391,0.16786766052246094,-0.0585980637668122,-0.006484997702351336,-0.007450193166732788
sample_180,180,motion blur,low,drbnet_defocus_deblurring,DRBNet散焦去模糊,True,26.822038576900997,0.8506509030990904,0.16041746735572815,26.589526354224468,0.8507686783861205,0.15211471915245056,-0.2325122226765295,0.00011777528703005302,0.008302748203277588
sample_180,180,motion blur,low,dehazeformer_dehaze,DehazeFormer去雾,True,26.822038576900997,0.8506509030990904,0.16041746735572815,19.90070487321751,0.8329590785119065,0.1749824434518814,-6.921333703683487,-0.01769182458718388,-0.01456497609615326
sample_172,172,motion blur,very high,swinir_denoising,SwinIR去噪,True,18.324722949390793,0.3465981362580333,0.46840232610702515,18.288682785336462,0.3102235494467231,0.5658990144729614,-0.03604016405433086,-0.03637458681131023,-0.09749668836593628
sample_172,172,motion blur,very high,swinir_jpeg_artifact_removal,SwinIR JPEG伪影去除,True,18.324722949390793,0.3465981362580333,0.46840232610702515,18.264670488877613,0.3261559677850908,0.5105520486831665,-0.06005246051318025,-0.0204421684729425,-0.04214972257614136
sample_172,172,motion blur,very high,swinir_super_resolution,SwinIR超分辨率,True,18.324722949390793,0.3465981362580333,0.46840232610702515,17.163307947105377,0.35033092137007493,0.5756216049194336,-1.1614150022854162,0.0037327851120416145,-0.10721927881240845
sample_172,172,motion blur,very high,restormer_motion_deblurring,Restormer运动去模糊,True,18.324722949390793,0.3465981362580333,0.46840232610702515,16.70939907715794,0.18207926549984146,0.30827680230140686,-1.6153238722328531,-0.16451887075819185,0.1601255238056183
sample_172,172,motion blur,very high,restormer_defocus_deblurring,Restormer散焦去模糊,True,18.324722949390793,0.3465981362580333,0.46840232610702515,17.666596596442783,0.27859519447834974,0.4512888491153717,-0.6581263529480097,-0.06800294177968358,0.017113476991653442
sample_172,172,motion blur,very high,restormer_deraining,Restormer去雨,True,18.324722949390793,0.3465981362580333,0.46840232610702515,18.159376330369682,0.32181473359916685,0.4856339395046234,-0.16534661902111125,-0.02478340265886647,-0.017231613397598267
sample_172,172,motion blur,very high,xrestormer_motion_deblurring,XRestormer运动去模糊,True,18.324722949390793,0.3465981362580333,0.46840232610702515,15.509121954225398,0.25146694064863523,0.6368016004562378,-2.8156009951653953,-0.09513119560939809,-0.16839927434921265
sample_172,172,motion blur,very high,xrestormer_deraining,XRestormer去雨,True,18.324722949390793,0.3465981362580333,0.46840232610702515,17.949899701420243,0.3174019423620198,0.47673314809799194,-0.37482324797055,-0.029196193896013523,-0.008330821990966797
sample_172,172,motion blur,very high,mprnet_denoising,MPRNet去噪,True,18.324722949390793,0.3465981362580333,0.46840232610702515,18.318939730023725,0.3274177599657365,0.49512866139411926,-0.005783219367067716,-0.019180376292296797,-0.026726335287094116
sample_172,172,motion blur,very high,mprnet_motion_deblurring,MPRNet运动去模糊,True,18.324722949390793,0.3465981362580333,0.46840232610702515,16.422567695565217,0.20174018720287323,0.3302406668663025,-1.9021552538255762,-0.14485794905516008,0.13816165924072266
sample_172,172,motion blur,very high,mprnet_deraining,MPRNet去雨,True,18.324722949390793,0.3465981362580333,0.46840232610702515,18.018438471696868,0.31208721475601536,0.5094695091247559,-0.3062844776939251,-0.034510921502017955,-0.04106718301773071
sample_172,172,motion blur,very high,fbcnn_jpeg_artifact_removal,FBCNN JPEG伪影去除,True,18.324722949390793,0.3465981362580333,0.46840232610702515,18.30987932117863,0.3422226577060868,0.4676288068294525,-0.01484362821216223,-0.004375478551946532,0.0007735192775726318
sample_172,172,motion blur,very high,drbnet_defocus_deblurring,DRBNet散焦去模糊,True,18.324722949390793,0.3465981362580333,0.46840232610702515,17.986823990700692,0.30707881662950354,0.47160524129867554,-0.33789895869010067,-0.03951931962852978,-0.0032029151916503906
sample_172,172,motion blur,very high,dehazeformer_dehaze,DehazeFormer去雾,True,18.324722949390793,0.3465981362580333,0.46840232610702515,15.901432348509143,0.3235723576791903,0.4665331542491913,-2.42329060088165,-0.023025778578843026,0.0018691718578338623
sample_181,181,haze,low,swinir_denoising,SwinIR去噪,True,100.0,1.0,0.0,30.005855389334574,0.881232306162052,0.19288931787014008,-69.99414461066543,-0.11876769383794805,-0.19288931787014008
sample_181,181,haze,low,swinir_jpeg_artifact_removal,SwinIR JPEG伪影去除,True,100.0,1.0,0.0,29.06708383631235,0.8901665443835004,0.11217708885669708,-70.93291616368765,-0.1098334556164996,-0.11217708885669708
sample_181,181,haze,low,swinir_super_resolution,SwinIR超分辨率,True,100.0,1.0,0.0,21.853393214164054,0.7583742871777366,0.3144063949584961,-78.14660678583594,-0.24162571282226342,-0.3144063949584961
sample_181,181,haze,low,restormer_motion_deblurring,Restormer运动去模糊,True,100.0,1.0,0.0,33.900933344970795,0.9755314011092787,0.03350850194692612,-66.0990666550292,-0.024468598890721283,-0.03350850194692612
sample_181,181,haze,low,restormer_defocus_deblurring,Restormer散焦去模糊,True,100.0,1.0,0.0,26.01258640687223,0.8512982509703487,0.11148178577423096,-73.98741359312777,-0.14870174902965128,-0.11148178577423096
sample_181,181,haze,low,restormer_deraining,Restormer去雨,True,100.0,1.0,0.0,43.17750970645942,0.9980428916007401,0.0025936539750546217,-56.82249029354058,-0.001957108399259888,-0.0025936539750546217
sample_181,181,haze,low,xrestormer_motion_deblurring,XRestormer运动去模糊,True,100.0,1.0,0.0,17.713988717912073,0.628682060874366,0.41996902227401733,-82.28601128208793,-0.37131793912563404,-0.41996902227401733
sample_181,181,haze,low,xrestormer_deraining,XRestormer去雨,True,100.0,1.0,0.0,32.18019501032009,0.9912128959524754,0.008382901549339294,-67.81980498967991,-0.008787104047524585,-0.008382901549339294
sample_181,181,haze,low,mprnet_denoising,MPRNet去噪,True,100.0,1.0,0.0,28.126851457028685,0.8877703534943978,0.15558268129825592,-71.87314854297131,-0.11222964650560219,-0.15558268129825592
sample_181,181,haze,low,mprnet_motion_deblurring,MPRNet运动去模糊,True,100.0,1.0,0.0,30.281737181437556,0.9537164049350714,0.05492020770907402,-69.71826281856244,-0.04628359506492863,-0.05492020770907402
sample_181,181,haze,low,mprnet_deraining,MPRNet去雨,True,100.0,1.0,0.0,33.348259117424426,0.988275855772191,0.01561693474650383,-66.65174088257558,-0.011724144227808986,-0.01561693474650383
sample_181,181,haze,low,fbcnn_jpeg_artifact_removal,FBCNN JPEG伪影去除,True,100.0,1.0,0.0,38.9414003468225,0.9818979066355441,0.007149129174649715,-61.0585996531775,-0.018102093364455896,-0.007149129174649715
sample_181,181,haze,low,drbnet_defocus_deblurring,DRBNet散焦去模糊,True,100.0,1.0,0.0,31.26905897252192,0.9316584170968358,0.09690572321414948,-68.73094102747808,-0.06834158290316417,-0.09690572321414948
sample_181,181,haze,low,dehazeformer_dehaze,DehazeFormer去雾,True,100.0,1.0,0.0,15.19931408793183,0.7890416265360628,0.09313446283340454,-84.80068591206818,-0.2109583734639372,-0.09313446283340454
sample_176,176,dark,very high,swinir_denoising,SwinIR去噪,True,16.29680359392526,0.618916173653785,0.17546488344669342,16.12902826207939,0.5767395681737164,0.29162874817848206,-0.16777533184587057,-0.04217660548006863,-0.11616386473178864
sample_176,176,dark,very high,swinir_jpeg_artifact_removal,SwinIR JPEG伪影去除,True,16.29680359392526,0.618916173653785,0.17546488344669342,15.899275606631097,0.5578914576139489,0.2396649271249771,-0.39752798729416483,-0.06102471603983617,-0.06420004367828369
sample_176,176,dark,very high,swinir_super_resolution,SwinIR超分辨率,True,16.29680359392526,0.618916173653785,0.17546488344669342,15.003490115681803,0.46974286765883694,0.39465534687042236,-1.2933134782434585,-0.1491733059949481,-0.21919046342372894
sample_176,176,dark,very high,restormer_motion_deblurring,Restormer运动去模糊,True,16.29680359392526,0.618916173653785,0.17546488344669342,16.32704050465105,0.6194522688876356,0.17806701362133026,0.030236910725786714,0.0005360952338505642,-0.002602130174636841
sample_176,176,dark,very high,restormer_defocus_deblurring,Restormer散焦去模糊,True,16.29680359392526,0.618916173653785,0.17546488344669342,16.69778904580237,0.6319418558475974,0.18548808991909027,0.40098545187710855,0.013025682193812393,-0.01002320647239685
sample_176,176,dark,very high,restormer_deraining,Restormer去雨,True,16.29680359392526,0.618916173653785,0.17546488344669342,16.527030726822826,0.632642558513458,0.18679514527320862,0.23022713289756425,0.013726384859672924,-0.011330261826515198
sample_176,176,dark,very high,xrestormer_motion_deblurring,XRestormer运动去模糊,True,16.29680359392526,0.618916173653785,0.17546488344669342,12.968598803109572,0.3558390885278107,0.43644750118255615,-3.3282047908156898,-0.26307708512597433,-0.26098261773586273
sample_176,176,dark,very high,xrestormer_deraining,XRestormer去雨,True,16.29680359392526,0.618916173653785,0.17546488344669342,16.144253175408178,0.6110673169393049,0.19037622213363647,-0.15255041851708384,-0.007848856714480101,-0.014911338686943054
sample_176,176,dark,very high,mprnet_denoising,MPRNet去噪,True,16.29680359392526,0.618916173653785,0.17546488344669342,16.83899565798166,0.5761612289643275,0.32203227281570435,0.5421920640563975,-0.04275494468945751,-0.14656738936901093
sample_176,176,dark,very high,mprnet_motion_deblurring,MPRNet运动去模糊,True,16.29680359392526,0.618916173653785,0.17546488344669342,15.81631353499348,0.5492755366424354,0.26307058334350586,-0.48049005893178176,-0.0696406370113496,-0.08760569989681244
sample_176,176,dark,very high,mprnet_deraining,MPRNet去雨,True,16.29680359392526,0.618916173653785,0.17546488344669342,15.866158786201625,0.5889248943355545,0.2009124755859375,-0.43064480772363645,-0.029991279318230535,-0.02544759213924408
sample_176,176,dark,very high,fbcnn_jpeg_artifact_removal,FBCNN JPEG伪影去除,True,16.29680359392526,0.618916173653785,0.17546488344669342,16.29060285449609,0.614615662037723,0.17983391880989075,-0.006200739429171875,-0.004300511616062042,-0.004369035363197327
sample_176,176,dark,very high,drbnet_defocus_deblurring,DRBNet散焦去模糊,True,16.29680359392526,0.618916173653785,0.17546488344669342,16.727071484124433,0.6689329205257692,0.18165373802185059,0.4302678901991719,0.05001674687198421,-0.0061888545751571655
sample_176,176,dark,very high,dehazeformer_dehaze,DehazeFormer去雾,True,16.29680359392526,0.618916173653785,0.17546488344669342,14.640946381042328,0.5351320940604917,0.20857012271881104,-1.6558572128829336,-0.08378407959329337,-0.033105239272117615
sample_182,182,jpeg compression artifact,very high,swinir_denoising,SwinIR去噪,True,23.234218545771647,0.6542681413196365,0.3115505278110504,23.825062633618487,0.6691599518666176,0.403119832277298,0.5908440878468397,0.014891810546981077,-0.09156930446624756
sample_182,182,jpeg compression artifact,very high,swinir_jpeg_artifact_removal,SwinIR JPEG伪影去除,True,23.234218545771647,0.6542681413196365,0.3115505278110504,23.67485517078684,0.6723253151811748,0.3307803273200989,0.44063662501519474,0.018057173861538267,-0.019229799509048462
sample_182,182,jpeg compression artifact,very high,swinir_super_resolution,SwinIR超分辨率,True,23.234218545771647,0.6542681413196365,0.3115505278110504,23.388085828873173,0.6106387369087642,0.3865211606025696,0.1538672831015262,-0.04362940441087226,-0.07497063279151917
sample_182,182,jpeg compression artifact,very high,restormer_motion_deblurring,Restormer运动去模糊,True,23.234218545771647,0.6542681413196365,0.3115505278110504,23.178463602315297,0.6527193631881149,0.307957261800766,-0.05575494345634979,-0.0015487781315216553,0.003593266010284424
sample_182,182,jpeg compression artifact,very high,restormer_defocus_deblurring,Restormer散焦去模糊,True,23.234218545771647,0.6542681413196365,0.3115505278110504,22.702011233659146,0.6460237289002199,0.31260257959365845,-0.5322073121125008,-0.008244412419416647,-0.0010520517826080322
sample_182,182,jpeg compression artifact,very high,restormer_deraining,Restormer去雨,True,23.234218545771647,0.6542681413196365,0.3115505278110504,23.259343489005456,0.6559263830836728,0.3158133327960968,0.025124943233809205,0.0016582417640362834,-0.004262804985046387
sample_182,182,jpeg compression artifact,very high,xrestormer_motion_deblurring,XRestormer运动去模糊,True,23.234218545771647,0.6542681413196365,0.3115505278110504,16.044962254306604,0.4348157039504507,0.5425564646720886,-7.189256291465043,-0.2194524373691858,-0.2310059368610382
sample_182,182,jpeg compression artifact,very high,xrestormer_deraining,XRestormer去雨,True,23.234218545771647,0.6542681413196365,0.3115505278110504,23.187609773090266,0.6554535376826354,0.31551438570022583,-0.04660877268138108,0.0011853963629988584,-0.003963857889175415
sample_182,182,jpeg compression artifact,very high,mprnet_denoising,MPRNet去噪,True,23.234218545771647,0.6542681413196365,0.3115505278110504,23.520742625237684,0.6524516774512749,0.349828839302063,0.2865240794660373,-0.0018164638683616507,-0.03827831149101257
sample_182,182,jpeg compression artifact,very high,mprnet_motion_deblurring,MPRNet运动去模糊,True,23.234218545771647,0.6542681413196365,0.3115505278110504,23.09702143893061,0.651174172392678,0.30343639850616455,-0.13719710684103603,-0.003093968926958457,0.008114129304885864
sample_182,182,jpeg compression artifact,very high,mprnet_deraining,MPRNet去雨,True,23.234218545771647,0.6542681413196365,0.3115505278110504,23.0296045241028,0.6559658317495435,0.3295465111732483,-0.20461402166884568,0.0016976904299069728,-0.017995983362197876
sample_182,182,jpeg compression artifact,very high,fbcnn_jpeg_artifact_removal,FBCNN JPEG伪影去除,True,23.234218545771647,0.6542681413196365,0.3115505278110504,24.49134290108328,0.6946053454363056,0.3092133402824402,1.2571243553116318,0.04033720411666908,0.0023371875286102295
sample_182,182,jpeg compression artifact,very high,drbnet_defocus_deblurring,DRBNet散焦去模糊,True,23.234218545771647,0.6542681413196365,0.3115505278110504,23.274397926803765,0.6473581211282476,0.30855900049209595,0.040179381032118044,-0.006910020191388866,0.0029915273189544678
sample_182,182,jpeg compression artifact,very high,dehazeformer_dehaze,DehazeFormer去雾,True,23.234218545771647,0.6542681413196365,0.3115505278110504,21.299244100042024,0.6478093046917417,0.31938108801841736,-1.9349744457296225,-0.006458836627894815,-0.007830560207366943
sample_187,187,rain,medium,swinir_denoising,SwinIR去噪,True,20.218012247258144,0.603800649992687,0.45795199275016785,20.25250603051935,0.5454839747176518,0.47926634550094604,0.03449378326120467,-0.05831667527503526,-0.021314352750778198
sample_187,187,rain,medium,swinir_jpeg_artifact_removal,SwinIR JPEG伪影去除,True,20.218012247258144,0.603800649992687,0.45795199275016785,19.616012512568727,0.5581856513325755,0.45844370126724243,-0.6019997346894179,-0.04561499866011154,-0.000491708517074585
sample_187,187,rain,medium,swinir_super_resolution,SwinIR超分辨率,True,20.218012247258144,0.603800649992687,0.45795199275016785,19.2578329471905,0.6747516645650316,0.5427511930465698,-0.9601793000676437,0.07095101457234454,-0.08479920029640198
sample_187,187,rain,medium,restormer_motion_deblurring,Restormer运动去模糊,True,20.218012247258144,0.603800649992687,0.45795199275016785,20.219794899868738,0.6039129290786435,0.4538267254829407,0.0017826526105935159,0.00011227908595645708,0.004125267267227173
sample_187,187,rain,medium,restormer_defocus_deblurring,Restormer散焦去模糊,True,20.218012247258144,0.603800649992687,0.45795199275016785,18.94851990305888,0.6222396528548687,0.4374243915081024,-1.2694923441992643,0.018439002862181697,0.02052760124206543
sample_187,187,rain,medium,restormer_deraining,Restormer去雨,True,20.218012247258144,0.603800649992687,0.45795199275016785,35.74111884392301,0.9549870078888819,0.09135116636753082,15.523106596664867,0.3511863578961949,0.366600826382637
sample_187,187,rain,medium,xrestormer_motion_deblurring,XRestormer运动去模糊,True,20.218012247258144,0.603800649992687,0.45795199275016785,15.924646933943832,0.34226673080942666,0.5619504451751709,-4.293365313314313,-0.26153391918326035,-0.10399845242500305
sample_187,187,rain,medium,xrestormer_deraining,XRestormer去雨,True,20.218012247258144,0.603800649992687,0.45795199275016785,35.82927834144929,0.9546091076325237,0.08825003355741501,15.611266094191144,0.3508084576398367,0.36970195919275284
sample_187,187,rain,medium,mprnet_denoising,MPRNet去噪,True,20.218012247258144,0.603800649992687,0.45795199275016785,20.641426605282124,0.5988896399373943,0.4677278995513916,0.42341435802397953,-0.004911010055292708,-0.009775906801223755
sample_187,187,rain,medium,mprnet_motion_deblurring,MPRNet运动去模糊,True,20.218012247258144,0.603800649992687,0.45795199275016785,20.120803294470967,0.6013686094284315,0.451759397983551,-0.09720895278717734,-0.0024320405642555,0.006192594766616821
sample_187,187,rain,medium,mprnet_deraining,MPRNet去雨,True,20.218012247258144,0.603800649992687,0.45795199275016785,31.75476671092,0.9339649202083541,0.11916574835777283,11.536754463661854,0.3301642702156671,0.338786244392395
sample_187,187,rain,medium,fbcnn_jpeg_artifact_removal,FBCNN JPEG伪影去除,True,20.218012247258144,0.603800649992687,0.45795199275016785,20.122504801722727,0.5953522253192342,0.4530968964099884,-0.0955074455354179,-0.008448424673452859,0.004855096340179443
sample_187,187,rain,medium,drbnet_defocus_deblurring,DRBNet散焦去模糊,True,20.218012247258144,0.603800649992687,0.45795199275016785,21.046512827726307,0.6199385607912996,0.43565765023231506,0.8285005804681624,0.016137910798612598,0.022294342517852783
sample_187,187,rain,medium,dehazeformer_dehaze,DehazeFormer去雾,True,20.218012247258144,0.603800649992687,0.45795199275016785,19.82060077221772,0.5729550696481338,0.47943398356437683,-0.39741147504042473,-0.030845580344553203,-0.021481990814208984
sample_189,189,motion blur,low,swinir_denoising,SwinIR去噪,True,22.54598505777478,0.8246859778929423,0.11518987268209457,22.110367197550076,0.7739890453019774,0.15660889446735382,-0.4356178602247027,-0.05069693259096486,-0.04141902178525925
sample_189,189,motion blur,low,swinir_jpeg_artifact_removal,SwinIR JPEG伪影去除,True,22.54598505777478,0.8246859778929423,0.11518987268209457,22.074202580671233,0.7876615144722857,0.14656983315944672,-0.47178247710354526,-0.03702446342065657,-0.03137996047735214
sample_189,189,motion blur,low,swinir_super_resolution,SwinIR超分辨率,True,22.54598505777478,0.8246859778929423,0.11518987268209457,21.90634806225978,0.7514053073793358,0.16224899888038635,-0.6396369955149979,-0.07328067051360654,-0.04705912619829178
sample_189,189,motion blur,low,restormer_motion_deblurring,Restormer运动去模糊,True,22.54598505777478,0.8246859778929423,0.11518987268209457,29.766900057084328,0.9622858624426863,0.024996601045131683,7.220914999309549,0.13759988454974403,0.09019327163696289
sample_189,189,motion blur,low,restormer_defocus_deblurring,Restormer散焦去模糊,True,22.54598505777478,0.8246859778929423,0.11518987268209457,22.7486700648086,0.8500607158775276,0.09945594519376755,0.2026850070338213,0.025374737984585338,0.015733927488327026
sample_189,189,motion blur,low,restormer_deraining,Restormer去雨,True,22.54598505777478,0.8246859778929423,0.11518987268209457,22.47280371235515,0.8198142633441475,0.11916173994541168,-0.07318134541962706,-0.004871714548794759,-0.003971867263317108
sample_189,189,motion blur,low,xrestormer_motion_deblurring,XRestormer运动去模糊,True,22.54598505777478,0.8246859778929423,0.11518987268209457,15.344318060084008,0.533635049291945,0.21970196068286896,-7.20166699769077,-0.29105092860099724,-0.10451208800077438
sample_189,189,motion blur,low,xrestormer_deraining,XRestormer去雨,True,22.54598505777478,0.8246859778929423,0.11518987268209457,22.503978610443514,0.8201135251598265,0.1202809065580368,-0.04200644733126424,-0.004572452733115795,-0.00509103387594223
sample_189,189,motion blur,low,mprnet_denoising,MPRNet去噪,True,22.54598505777478,0.8246859778929423,0.11518987268209457,22.099612267978408,0.7906341962151529,0.1728186011314392,-0.44637278979637074,-0.03405178167778944,-0.057628728449344635
sample_189,189,motion blur,low,mprnet_motion_deblurring,MPRNet运动去模糊,True,22.54598505777478,0.8246859778929423,0.11518987268209457,29.97205388071443,0.9613702485852212,0.03197091072797775,7.426068822939651,0.13668427069227895,0.08321896195411682
sample_189,189,motion blur,low,mprnet_deraining,MPRNet去雨,True,22.54598505777478,0.8246859778929423,0.11518987268209457,22.314519499203787,0.8081601593418535,0.12360241264104843,-0.23146555857099216,-0.01652581855108881,-0.008412539958953857
sample_189,189,motion blur,low,fbcnn_jpeg_artifact_removal,FBCNN JPEG伪影去除,True,22.54598505777478,0.8246859778929423,0.11518987268209457,22.484958577887465,0.8192935692979956,0.11786286532878876,-0.06102647988731391,-0.005392408594946718,-0.0026729926466941833
sample_189,189,motion blur,low,drbnet_defocus_deblurring,DRBNet散焦去模糊,True,22.54598505777478,0.8246859778929423,0.11518987268209457,21.716418487938526,0.8015180589427645,0.11177235096693039,-0.8295665698362527,-0.02316791895017778,0.0034175217151641846
sample_189,189,motion blur,low,dehazeformer_dehaze,DehazeFormer去雾,True,22.54598505777478,0.8246859778929423,0.11518987268209457,21.839924620302806,0.8170813276702465,0.12159579992294312,-0.7060604374719723,-0.007604650222695741,-0.006405927240848541
sample_185,185,haze,high,swinir_denoising,SwinIR去噪,True,100.0,1.0,0.0,36.63443018196755,0.9551272954311321,0.03235051780939102,-63.36556981803245,-0.04487270456886794,-0.03235051780939102
sample_185,185,haze,high,swinir_jpeg_artifact_removal,SwinIR JPEG伪影去除,True,100.0,1.0,0.0,34.533504767267786,0.9541763769493956,0.02186000347137451,-65.46649523273221,-0.04582362305060439,-0.02186000347137451
sample_185,185,haze,high,swinir_super_resolution,SwinIR超分辨率,True,100.0,1.0,0.0,29.688143471564523,0.9178491167062717,0.11534498631954193,-70.31185652843547,-0.08215088329372833,-0.11534498631954193
sample_185,185,haze,high,restormer_motion_deblurring,Restormer运动去模糊,True,100.0,1.0,0.0,50.53845026518292,0.999443007603619,0.0005182417808100581,-49.46154973481708,-0.000556992396380962,-0.0005182417808100581
sample_185,185,haze,high,restormer_defocus_deblurring,Restormer散焦去模糊,True,100.0,1.0,0.0,32.02351304357558,0.969818740187906,0.01225177850574255,-67.97648695642442,-0.030181259812093963,-0.01225177850574255
sample_185,185,haze,high,restormer_deraining,Restormer去雨,True,100.0,1.0,0.0,48.5654227576463,0.996409258298533,0.002242846880108118,-51.4345772423537,-0.003590741701467004,-0.002242846880108118
sample_185,185,haze,high,xrestormer_motion_deblurring,XRestormer运动去模糊,True,100.0,1.0,0.0,18.975879190194455,0.6947126118382713,0.1948988437652588,-81.02412080980554,-0.30528738816172873,-0.1948988437652588
sample_185,185,haze,high,xrestormer_deraining,XRestormer去雨,True,100.0,1.0,0.0,30.35960298545502,0.9854028407331529,0.005274689290672541,-69.64039701454499,-0.014597159266847126,-0.005274689290672541
sample_185,185,haze,high,mprnet_denoising,MPRNet去噪,True,100.0,1.0,0.0,35.47879064714876,0.9744510638337452,0.021246712654829025,-64.52120935285123,-0.025548936166254754,-0.021246712654829025
sample_185,185,haze,high,mprnet_motion_deblurring,MPRNet运动去模糊,True,100.0,1.0,0.0,45.49049095497112,0.9969607823545753,0.001692078192718327,-54.50950904502888,-0.0030392176454246966,-0.001692078192718327
sample_185,185,haze,high,mprnet_deraining,MPRNet去雨,True,100.0,1.0,0.0,43.38189110002254,0.9921314704745257,0.006273692473769188,-56.61810889997746,-0.007868529525474344,-0.006273692473769188
sample_185,185,haze,high,fbcnn_jpeg_artifact_removal,FBCNN JPEG伪影去除,True,100.0,1.0,0.0,39.50481309828118,0.9833615624107587,0.0038054834585636854,-60.49518690171882,-0.01663843758924133,-0.0038054834585636854
sample_185,185,haze,high,drbnet_defocus_deblurring,DRBNet散焦去模糊,True,100.0,1.0,0.0,36.978926053396165,0.9891077602746038,0.005997948814183474,-63.021073946603835,-0.010892239725396213,-0.005997948814183474
sample_185,185,haze,high,dehazeformer_dehaze,DehazeFormer去雾,True,100.0,1.0,0.0,15.452238669606997,0.7499476952033705,0.06737931817770004,-84.547761330393,-0.25005230479662954,-0.06737931817770004
sample_183,183,defocus blur,medium,swinir_denoising,SwinIR去噪,True,25.298135447574968,0.680104106494856,0.425758957862854,24.680561939906074,0.6100903541323212,0.5344542860984802,-0.6175735076688937,-0.07001375236253482,-0.10869532823562622
sample_183,183,defocus blur,medium,swinir_jpeg_artifact_removal,SwinIR JPEG伪影去除,True,25.298135447574968,0.680104106494856,0.425758957862854,25.07380321281537,0.6519310435428939,0.49339982867240906,-0.22433223475959707,-0.02817306295196209,-0.06764087080955505
sample_183,183,defocus blur,medium,swinir_super_resolution,SwinIR超分辨率,True,25.298135447574968,0.680104106494856,0.425758957862854,23.760665612131646,0.5726098677840121,0.3570999503135681,-1.5374698354433214,-0.10749423871084385,0.06865900754928589
sample_183,183,defocus blur,medium,restormer_motion_deblurring,Restormer运动去模糊,True,25.298135447574968,0.680104106494856,0.425758957862854,24.243215685601236,0.6624536419676507,0.3319726586341858,-1.054919761973732,-0.017650464527205312,0.09378629922866821
sample_183,183,defocus blur,medium,restormer_defocus_deblurring,Restormer散焦去模糊,True,25.298135447574968,0.680104106494856,0.425758957862854,28.8615200661093,0.8762007636514856,0.14019930362701416,3.5633846185343323,0.1960966571566296,0.28555965423583984
sample_183,183,defocus blur,medium,restormer_deraining,Restormer去雨,True,25.298135447574968,0.680104106494856,0.425758957862854,25.319999701540475,0.6811387539221544,0.43783536553382874,0.021864253965507174,0.0010346474272984185,-0.012076407670974731
sample_183,183,defocus blur,medium,xrestormer_motion_deblurring,XRestormer运动去模糊,True,25.298135447574968,0.680104106494856,0.425758957862854,26.755369716846893,0.7820984680512534,0.3391750752925873,1.4572342692719253,0.1019943615563974,0.08658388257026672
sample_183,183,defocus blur,medium,xrestormer_deraining,XRestormer去雨,True,25.298135447574968,0.680104106494856,0.425758957862854,25.26097706192362,0.6749511914625915,0.44184610247612,-0.03715838565134888,-0.005152915032264449,-0.01608714461326599
sample_183,183,defocus blur,medium,mprnet_denoising,MPRNet去噪,True,25.298135447574968,0.680104106494856,0.425758957862854,25.064356120054182,0.6614342087857069,0.4886668920516968,-0.23377932752078578,-0.018669897709149064,-0.06290793418884277
sample_183,183,defocus blur,medium,mprnet_motion_deblurring,MPRNet运动去模糊,True,25.298135447574968,0.680104106494856,0.425758957862854,26.078504473378807,0.7436151591327288,0.36568373441696167,0.7803690258038394,0.06351105263787282,0.060075223445892334
sample_183,183,defocus blur,medium,mprnet_deraining,MPRNet去雨,True,25.298135447574968,0.680104106494856,0.425758957862854,24.93165727870334,0.6610765356641329,0.4725310802459717,-0.36647816887162676,-0.01902757083072304,-0.046772122383117676
sample_183,183,defocus blur,medium,fbcnn_jpeg_artifact_removal,FBCNN JPEG伪影去除,True,25.298135447574968,0.680104106494856,0.425758957862854,25.34262528120373,0.682323839689353,0.43694359064102173,0.04448983362876291,0.0022197331944969756,-0.011184632778167725
sample_183,183,defocus blur,medium,drbnet_defocus_deblurring,DRBNet散焦去模糊,True,25.298135447574968,0.680104106494856,0.425758957862854,27.826489069733466,0.8420178625335012,0.14252735674381256,2.528353622158498,0.16191375603864522,0.28323160111904144
sample_183,183,defocus blur,medium,dehazeformer_dehaze,DehazeFormer去雾,True,25.298135447574968,0.680104106494856,0.425758957862854,24.620117084352373,0.6810718198948374,0.42268306016921997,-0.6780183632225949,0.0009677133999814735,0.003075897693634033
sample_186,186,motion blur,low,swinir_denoising,SwinIR去噪,True,22.61552609067987,0.84224959430534,0.13978923857212067,22.00393836683659,0.7842408100269788,0.23233552277088165,-0.6115877238432823,-0.0580087842783612,-0.09254628419876099
sample_186,186,motion blur,low,swinir_jpeg_artifact_removal,SwinIR JPEG伪影去除,True,22.61552609067987,0.84224959430534,0.13978923857212067,21.901752191362768,0.7926476452662968,0.2023714780807495,-0.7137738993171041,-0.049601949039043136,-0.06258223950862885
sample_186,186,motion blur,low,swinir_super_resolution,SwinIR超分辨率,True,22.61552609067987,0.84224959430534,0.13978923857212067,20.880855451896124,0.7300067345537528,0.19881276786327362,-1.7346706387837472,-0.11224285975158721,-0.059023529291152954
sample_186,186,motion blur,low,restormer_motion_deblurring,Restormer运动去模糊,True,22.61552609067987,0.84224959430534,0.13978923857212067,23.538806443365434,0.8738935933074031,0.07966829091310501,0.9232803526855626,0.03164399900206316,0.060120947659015656
sample_186,186,motion blur,low,restormer_defocus_deblurring,Restormer散焦去模糊,True,22.61552609067987,0.84224959430534,0.13978923857212067,24.514091398061588,0.903559098018141,0.12386199831962585,1.8985653073817161,0.06130950371280108,0.015927240252494812
sample_186,186,motion blur,low,restormer_deraining,Restormer去雨,True,22.61552609067987,0.84224959430534,0.13978923857212067,22.36487440582915,0.8351286233773854,0.15648043155670166,-0.2506516848507232,-0.007120970927954606,-0.016691192984580994
sample_186,186,motion blur,low,xrestormer_motion_deblurring,XRestormer运动去模糊,True,22.61552609067987,0.84224959430534,0.13978923857212067,15.287923246952314,0.6583117261618258,0.20906706154346466,-7.327602843727558,-0.1839378681435142,-0.069277822971344
sample_186,186,motion blur,low,xrestormer_deraining,XRestormer去雨,True,22.61552609067987,0.84224959430534,0.13978923857212067,22.33259253361114,0.8345770302060701,0.15289203822612762,-0.2829335570687306,-0.007672564099269863,-0.013102799654006958
sample_186,186,motion blur,low,mprnet_denoising,MPRNet去噪,True,22.61552609067987,0.84224959430534,0.13978923857212067,22.010761639045416,0.8028340405598077,0.21575035154819489,-0.6047644516344555,-0.039415553745532295,-0.07596111297607422
sample_186,186,motion blur,low,mprnet_motion_deblurring,MPRNet运动去模糊,True,22.61552609067987,0.84224959430534,0.13978923857212067,20.07776410046409,0.7843065994801064,0.11581002175807953,-2.537761990215781,-0.057942994825233574,0.023979216814041138
sample_186,186,motion blur,low,mprnet_deraining,MPRNet去雨,True,22.61552609067987,0.84224959430534,0.13978923857212067,21.034352498092133,0.8031640875542697,0.19314458966255188,-1.5811735925877386,-0.039085506751070254,-0.05335535109043121
sample_186,186,motion blur,low,fbcnn_jpeg_artifact_removal,FBCNN JPEG伪影去除,True,22.61552609067987,0.84224959430534,0.13978923857212067,22.491028692840047,0.8294696089251518,0.1491498351097107,-0.12449739783982494,-0.012779985380188208,-0.009360596537590027
sample_186,186,motion blur,low,drbnet_defocus_deblurring,DRBNet散焦去模糊,True,22.61552609067987,0.84224959430534,0.13978923857212067,18.167936181938103,0.6895804005107963,0.18878892064094543,-4.447589908741769,-0.1526691937945437,-0.04899968206882477
sample_186,186,motion blur,low,dehazeformer_dehaze,DehazeFormer去雾,True,22.61552609067987,0.84224959430534,0.13978923857212067,19.79831984831042,0.8284105489389674,0.1509547382593155,-2.8172062423694513,-0.013839045366372593,-0.011165499687194824
sample_191,191,rain,medium,swinir_denoising,SwinIR去噪,True,19.167978563779446,0.718744256753196,0.4051457345485687,18.96390266878521,0.6491796320875678,0.4786275029182434,-0.2040758949942365,-0.06956462466562818,-0.07348176836967468
sample_191,191,rain,medium,swinir_jpeg_artifact_removal,SwinIR JPEG伪影去除,True,19.167978563779446,0.718744256753196,0.4051457345485687,18.719775258725576,0.6586591080165644,0.4498181641101837,-0.4482033050538696,-0.06008514873663162,-0.04467242956161499
sample_191,191,rain,medium,swinir_super_resolution,SwinIR超分辨率,True,19.167978563779446,0.718744256753196,0.4051457345485687,18.755571181204377,0.6904866052781543,0.3986680209636688,-0.4124073825750685,-0.028257651475041667,0.006477713584899902
sample_191,191,rain,medium,restormer_motion_deblurring,Restormer运动去模糊,True,19.167978563779446,0.718744256753196,0.4051457345485687,19.0654816849818,0.7177211450113313,0.4065784513950348,-0.1024968787976448,-0.0010231117418646463,-0.0014327168464660645
sample_191,191,rain,medium,restormer_defocus_deblurring,Restormer散焦去模糊,True,19.167978563779446,0.718744256753196,0.4051457345485687,17.45417165420324,0.6830552728648742,0.4209885001182556,-1.7138069095762063,-0.03568898388832176,-0.01584276556968689
sample_191,191,rain,medium,restormer_deraining,Restormer去雨,True,19.167978563779446,0.718744256753196,0.4051457345485687,29.426843198508344,0.9459106151136081,0.0760514959692955,10.258864634728898,0.2271663583604121,0.3290942385792732
sample_191,191,rain,medium,xrestormer_motion_deblurring,XRestormer运动去模糊,True,19.167978563779446,0.718744256753196,0.4051457345485687,11.583411966131214,0.2726997477723932,0.5619520545005798,-7.584566597648232,-0.4460445089808028,-0.1568063199520111
sample_191,191,rain,medium,xrestormer_deraining,XRestormer去雨,True,19.167978563779446,0.718744256753196,0.4051457345485687,28.0246088231001,0.9349059037409898,0.08911865204572678,8.856630259320653,0.21616164698779383,0.31602708250284195
sample_191,191,rain,medium,mprnet_denoising,MPRNet去噪,True,19.167978563779446,0.718744256753196,0.4051457345485687,19.31262020808267,0.6929158074458982,0.41440510749816895,0.14464164430322413,-0.025828449307297774,-0.00925937294960022
sample_191,191,rain,medium,mprnet_motion_deblurring,MPRNet运动去模糊,True,19.167978563779446,0.718744256753196,0.4051457345485687,17.462623878985454,0.6262803963202513,0.46456587314605713,-1.705354684793992,-0.09246386043294463,-0.0594201385974884
sample_191,191,rain,medium,mprnet_deraining,MPRNet去雨,True,19.167978563779446,0.718744256753196,0.4051457345485687,27.112389069314915,0.912186835526764,0.11277364194393158,7.944410505535469,0.19344257877356807,0.29237209260463715
sample_191,191,rain,medium,fbcnn_jpeg_artifact_removal,FBCNN JPEG伪影去除,True,19.167978563779446,0.718744256753196,0.4051457345485687,19.14329980645144,0.7152970717963926,0.40298333764076233,-0.024678757328004508,-0.0034471849568034063,0.0021623969078063965
sample_191,191,rain,medium,drbnet_defocus_deblurring,DRBNet散焦去模糊,True,19.167978563779446,0.718744256753196,0.4051457345485687,19.73234907504249,0.7224379837724806,0.41260531544685364,0.5643705112630428,0.0036937270192846094,-0.007459580898284912
sample_191,191,rain,medium,dehazeformer_dehaze,DehazeFormer去雾,True,19.167978563779446,0.718744256753196,0.4051457345485687,15.608956638568394,0.6545583604414674,0.42916494607925415,-3.559021925211052,-0.06418589631172855,-0.024019211530685425
sample_194,194,dark,high,swinir_denoising,SwinIR去噪,True,17.292667886492953,0.9626070901569043,0.028099922463297844,17.182233987184222,0.8711031010308892,0.18389782309532166,-0.11043389930873104,-0.0915039891260151,-0.1557979006320238
sample_194,194,dark,high,swinir_jpeg_artifact_removal,SwinIR JPEG伪影去除,True,17.292667886492953,0.9626070901569043,0.028099922463297844,17.240327648834647,0.9207895119183144,0.12584128975868225,-0.05234023765830642,-0.04181757823858989,-0.09774136729538441
sample_194,194,dark,high,swinir_super_resolution,SwinIR超分辨率,True,17.292667886492953,0.9626070901569043,0.028099922463297844,16.917526186861,0.8922361356180549,0.1865609884262085,-0.37514169963195343,-0.07037095453884934,-0.15846106596291065
sample_194,194,dark,high,restormer_motion_deblurring,Restormer运动去模糊,True,17.292667886492953,0.9626070901569043,0.028099922463297844,17.27361639460674,0.9431080749873572,0.047592539340257645,-0.0190514918862128,-0.019499015169547107,-0.0194926168769598
sample_194,194,dark,high,restormer_defocus_deblurring,Restormer散焦去模糊,True,17.292667886492953,0.9626070901569043,0.028099922463297844,18.738481880172674,0.7625633131423056,0.2645071744918823,1.445813993679721,-0.20004377701459863,-0.23640725202858448
sample_194,194,dark,high,restormer_deraining,Restormer去雨,True,17.292667886492953,0.9626070901569043,0.028099922463297844,17.151349434380172,0.9576520781209706,0.03966589644551277,-0.14131845211278105,-0.004955012035933626,-0.011565973982214928
sample_194,194,dark,high,xrestormer_motion_deblurring,XRestormer运动去模糊,True,17.292667886492953,0.9626070901569043,0.028099922463297844,16.11756700016934,0.6924276140522819,0.30896905064582825,-1.1751008863236123,-0.27017947610462234,-0.2808691281825304
sample_194,194,dark,high,xrestormer_deraining,XRestormer去雨,True,17.292667886492953,0.9626070901569043,0.028099922463297844,16.266969721645708,0.9449894297460443,0.03914022073149681,-1.0256981648472454,-0.017617660410859992,-0.011040298268198967
sample_194,194,dark,high,mprnet_denoising,MPRNet去噪,True,17.292667886492953,0.9626070901569043,0.028099922463297844,17.41419094783454,0.939523987929877,0.06976830214262009,0.12152306134158763,-0.023083102227027252,-0.04166837967932224
sample_194,194,dark,high,mprnet_motion_deblurring,MPRNet运动去模糊,True,17.292667886492953,0.9626070901569043,0.028099922463297844,17.016281626528315,0.9022221231003669,0.11986961215734482,-0.2763862599646387,-0.0603849670565374,-0.09176968969404697
sample_194,194,dark,high,mprnet_deraining,MPRNet去雨,True,17.292667886492953,0.9626070901569043,0.028099922463297844,16.199434796955757,0.930691652647114,0.06778618693351746,-1.093233089537197,-0.03191543750979031,-0.03968626447021961
sample_194,194,dark,high,fbcnn_jpeg_artifact_removal,FBCNN JPEG伪影去除,True,17.292667886492953,0.9626070901569043,0.028099922463297844,17.292643808395887,0.9554189271225582,0.037171974778175354,-2.407809706639341e-05,-0.007188163034346107,-0.00907205231487751
sample_194,194,dark,high,drbnet_defocus_deblurring,DRBNet散焦去模糊,True,17.292667886492953,0.9626070901569043,0.028099922463297844,17.137791287310577,0.7655209335721437,0.2731270492076874,-0.1548765991823764,-0.19708615658476059,-0.24502712674438953
sample_194,194,dark,high,dehazeformer_dehaze,DehazeFormer去雾,True,17.292667886492953,0.9626070901569043,0.028099922463297844,14.524138082721409,0.9061528269633534,0.0502578467130661,-2.7685298037715445,-0.05645426319355085,-0.022157924249768257
sample_192,192,defocus blur,high,swinir_denoising,SwinIR去噪,True,20.786494465306852,0.5487951774252635,0.5014574527740479,20.65999528227737,0.5296541658555445,0.5445461273193359,-0.12649918302948038,-0.019141011569719035,-0.043088674545288086
sample_192,192,defocus blur,high,swinir_jpeg_artifact_removal,SwinIR JPEG伪影去除,True,20.786494465306852,0.5487951774252635,0.5014574527740479,20.81564853951951,0.5492479874193689,0.5375986695289612,0.029154074212659253,0.00045280999410535205,-0.03614121675491333
sample_192,192,defocus blur,high,swinir_super_resolution,SwinIR超分辨率,True,20.786494465306852,0.5487951774252635,0.5014574527740479,19.57433742266297,0.46050442898642546,0.5220601558685303,-1.2121570426438808,-0.08829074843883805,-0.020602703094482422
sample_192,192,defocus blur,high,restormer_motion_deblurring,Restormer运动去模糊,True,20.786494465306852,0.5487951774252635,0.5014574527740479,21.453894325947736,0.6287318194376948,0.41896554827690125,0.6673998606408844,0.07993664201243134,0.0824919044971466
sample_192,192,defocus blur,high,restormer_defocus_deblurring,Restormer散焦去模糊,True,20.786494465306852,0.5487951774252635,0.5014574527740479,23.308635010151644,0.7733684183891584,0.20907855033874512,2.5221405448447918,0.22457324096389486,0.29237890243530273
sample_192,192,defocus blur,high,restormer_deraining,Restormer去雨,True,20.786494465306852,0.5487951774252635,0.5014574527740479,20.801175295425594,0.550464042301681,0.5049733519554138,0.014680830118741994,0.0016688648764174863,-0.003515899181365967
sample_192,192,defocus blur,high,xrestormer_motion_deblurring,XRestormer运动去模糊,True,20.786494465306852,0.5487951774252635,0.5014574527740479,22.30702737624572,0.6755318784117614,0.43516847491264343,1.5205329109388686,0.12673670098649792,0.06628897786140442
sample_192,192,defocus blur,high,xrestormer_deraining,XRestormer去雨,True,20.786494465306852,0.5487951774252635,0.5014574527740479,20.69077689769035,0.5499106826685306,0.5215100646018982,-0.09571756761650363,0.0011155052432670898,-0.020052611827850342
sample_192,192,defocus blur,high,mprnet_denoising,MPRNet去噪,True,20.786494465306852,0.5487951774252635,0.5014574527740479,20.72146855879693,0.5441176855249242,0.5334824323654175,-0.06502590650992346,-0.004677491900339281,-0.03202497959136963
sample_192,192,defocus blur,high,mprnet_motion_deblurring,MPRNet运动去模糊,True,20.786494465306852,0.5487951774252635,0.5014574527740479,20.69784281815491,0.5646638254462135,0.45615154504776,-0.0886516471519414,0.015868648020950005,0.04530590772628784
sample_192,192,defocus blur,high,mprnet_deraining,MPRNet去雨,True,20.786494465306852,0.5487951774252635,0.5014574527740479,20.741775375704105,0.5478632528696024,0.5124667882919312,-0.044719089602747175,-0.0009319245556611566,-0.0110093355178833
sample_192,192,defocus blur,high,fbcnn_jpeg_artifact_removal,FBCNN JPEG伪影去除,True,20.786494465306852,0.5487951774252635,0.5014574527740479,20.853720519107803,0.5527099932498337,0.5037515759468079,0.06722605380095104,0.003914815824570206,-0.0022941231727600098
sample_192,192,defocus blur,high,drbnet_defocus_deblurring,DRBNet散焦去模糊,True,20.786494465306852,0.5487951774252635,0.5014574527740479,23.114348650896996,0.7644030214224807,0.2250252068042755,2.3278541855901445,0.21560784399721722,0.27643224596977234
sample_192,192,defocus blur,high,dehazeformer_dehaze,DehazeFormer去雾,True,20.786494465306852,0.5487951774252635,0.5014574527740479,19.308142084318746,0.5608457273410992,0.49278029799461365,-1.478352380988106,0.012050549915835651,0.008677154779434204
sample_196,196,motion blur,low,swinir_denoising,SwinIR去噪,True,41.8914834108292,0.9833560634973809,0.025176364928483963,40.12050802275989,0.9702558162905749,0.10476014763116837,-1.77097538806931,-0.013100247206806026,-0.0795837827026844
sample_196,196,motion blur,low,swinir_jpeg_artifact_removal,SwinIR JPEG伪影去除,True,41.8914834108292,0.9833560634973809,0.025176364928483963,40.64623662469431,0.9756308202898817,0.07859193533658981,-1.2452467861348921,-0.007725243207499233,-0.05341557040810585
sample_196,196,motion blur,low,swinir_super_resolution,SwinIR超分辨率,True,41.8914834108292,0.9833560634973809,0.025176364928483963,38.99671519306551,0.9758363741368109,0.0611872524023056,-2.8947682177636906,-0.007519689360570014,-0.03601088747382164
sample_196,196,motion blur,low,restormer_motion_deblurring,Restormer运动去模糊,True,41.8914834108292,0.9833560634973809,0.025176364928483963,41.64878022477875,0.9817979911811928,0.03319074586033821,-0.2427031860504556,-0.0015580723161880972,-0.008014380931854248
sample_196,196,motion blur,low,restormer_defocus_deblurring,Restormer散焦去模糊,True,41.8914834108292,0.9833560634973809,0.025176364928483963,35.14491504333163,0.9803269984012024,0.05115603655576706,-6.746568367497574,-0.003029065096178507,-0.025979671627283096
sample_196,196,motion blur,low,restormer_deraining,Restormer去雨,True,41.8914834108292,0.9833560634973809,0.025176364928483963,41.68398822813874,0.9809113144326919,0.0558677539229393,-0.20749518269046519,-0.0024447490646890557,-0.030691388994455338
sample_196,196,motion blur,low,xrestormer_motion_deblurring,XRestormer运动去模糊,True,41.8914834108292,0.9833560634973809,0.025176364928483963,36.407410853773676,0.9737060682249578,0.06151191145181656,-5.484072557055526,-0.009649995272423162,-0.036335546523332596
sample_196,196,motion blur,low,xrestormer_deraining,XRestormer去雨,True,41.8914834108292,0.9833560634973809,0.025176364928483963,19.1070830434819,0.9535596140531396,0.13196337223052979,-22.784400367347303,-0.029796449444241313,-0.10678700730204582
sample_196,196,motion blur,low,mprnet_denoising,MPRNet去噪,True,41.8914834108292,0.9833560634973809,0.025176364928483963,41.041367527244645,0.9783633436329876,0.06993917375802994,-0.8501158835845573,-0.0049927198643933135,-0.044762808829545975
sample_196,196,motion blur,low,mprnet_motion_deblurring,MPRNet运动去模糊,True,41.8914834108292,0.9833560634973809,0.025176364928483963,39.288856302070315,0.9706281714120591,0.0880676731467247,-2.602627108758888,-0.012727892085321768,-0.06289130821824074
sample_196,196,motion blur,low,mprnet_deraining,MPRNet去雨,True,41.8914834108292,0.9833560634973809,0.025176364928483963,41.523701205408166,0.9793430326234485,0.062436413019895554,-0.3677822054210367,-0.004013030873932455,-0.03726004809141159
sample_196,196,motion blur,low,fbcnn_jpeg_artifact_removal,FBCNN JPEG伪影去除,True,41.8914834108292,0.9833560634973809,0.025176364928483963,41.680802485949044,0.9811386259006106,0.04046407714486122,-0.21068092488015822,-0.0022174375967702886,-0.015287712216377258
sample_196,196,motion blur,low,drbnet_defocus_deblurring,DRBNet散焦去模糊,True,41.8914834108292,0.9833560634973809,0.025176364928483963,39.94972850781913,0.9753548515125834,0.03619145601987839,-1.9417549030100716,-0.00800121198479753,-0.011015091091394424
sample_196,196,motion blur,low,dehazeformer_dehaze,DehazeFormer去雾,True,41.8914834108292,0.9833560634973809,0.025176364928483963,18.081257201528725,0.9454707769935725,0.09952948242425919,-23.810226209300478,-0.0378852865038084,-0.07435311749577522
sample_193,193,noise,medium,swinir_denoising,SwinIR去噪,True,28.418654278318904,0.6744305366607097,0.2537660300731659,33.820884340623344,0.9454819806215428,0.08202363550662994,5.40223006230444,0.271051443960833,0.17174239456653595
sample_193,193,noise,medium,swinir_jpeg_artifact_removal,SwinIR JPEG伪影去除,True,28.418654278318904,0.6744305366607097,0.2537660300731659,29.20907273192427,0.842392308753261,0.21038328111171722,0.7904184536053656,0.16796177209255125,0.04338274896144867
sample_193,193,noise,medium,swinir_super_resolution,SwinIR超分辨率,True,28.418654278318904,0.6744305366607097,0.2537660300731659,23.084188767487145,0.8053279709653766,0.32519298791885376,-5.334465510831759,0.13089743430466683,-0.07142695784568787
sample_193,193,noise,medium,restormer_motion_deblurring,Restormer运动去模糊,True,28.418654278318904,0.6744305366607097,0.2537660300731659,27.860747583572905,0.7268420550295321,0.2065400630235672,-0.5579066947459985,0.05241151836882241,0.047225967049598694
sample_193,193,noise,medium,restormer_defocus_deblurring,Restormer散焦去模糊,True,28.418654278318904,0.6744305366607097,0.2537660300731659,28.146691541390588,0.8237657209963253,0.22280985116958618,-0.27196273692831596,0.14933518433561555,0.030956178903579712
sample_193,193,noise,medium,restormer_deraining,Restormer去雨,True,28.418654278318904,0.6744305366607097,0.2537660300731659,26.029500733334324,0.8488624224399747,0.19888979196548462,-2.3891535449845804,0.17443188577926494,0.054876238107681274
sample_193,193,noise,medium,xrestormer_motion_deblurring,XRestormer运动去模糊,True,28.418654278318904,0.6744305366607097,0.2537660300731659,17.75768224019417,0.4939157841496087,0.3275909423828125,-10.660972038124733,-0.18051475251110105,-0.0738249123096466
sample_193,193,noise,medium,xrestormer_deraining,XRestormer去雨,True,28.418654278318904,0.6744305366607097,0.2537660300731659,27.45225032729474,0.8818687211870951,0.15987199544906616,-0.9664039510241658,0.2074381845263854,0.09389403462409973
sample_193,193,noise,medium,mprnet_denoising,MPRNet去噪,True,28.418654278318904,0.6744305366607097,0.2537660300731659,31.834061584043425,0.9468476113124766,0.08825826644897461,3.4154073057245213,0.2724170746517669,0.16550776362419128
sample_193,193,noise,medium,mprnet_motion_deblurring,MPRNet运动去模糊,True,28.418654278318904,0.6744305366607097,0.2537660300731659,26.91939981339274,0.7268362543375161,0.22378391027450562,-1.4992544649261639,0.05240571767680635,0.02998211979866028
sample_193,193,noise,medium,mprnet_deraining,MPRNet去雨,True,28.418654278318904,0.6744305366607097,0.2537660300731659,29.271804958122758,0.7563563809619614,0.21390002965927124,0.8531506798038535,0.08192584430125172,0.03986600041389465
sample_193,193,noise,medium,fbcnn_jpeg_artifact_removal,FBCNN JPEG伪影去除,True,28.418654278318904,0.6744305366607097,0.2537660300731659,31.3040743891331,0.8162674267091651,0.2695866823196411,2.885420110814195,0.14183689004845534,-0.01582065224647522
sample_193,193,noise,medium,drbnet_defocus_deblurring,DRBNet散焦去模糊,True,28.418654278318904,0.6744305366607097,0.2537660300731659,28.52421580486384,0.7445705911214824,0.3110239803791046,0.10556152654493545,0.07014005446077265,-0.05725795030593872
sample_193,193,noise,medium,dehazeformer_dehaze,DehazeFormer去雾,True,28.418654278318904,0.6744305366607097,0.2537660300731659,20.509635626605057,0.5463000315212766,0.3375099003314972,-7.909018651713847,-0.12813050513943314,-0.0837438702583313
sample_199,199,motion blur,low,swinir_denoising,SwinIR去噪,True,30.570392396729687,0.8765570858115851,0.14966438710689545,29.199900807966863,0.7450330217726694,0.4134220480918884,-1.3704915887628246,-0.1315240640389157,-0.263757660984993
sample_199,199,motion blur,low,swinir_jpeg_artifact_removal,SwinIR JPEG伪影去除,True,30.570392396729687,0.8765570858115851,0.14966438710689545,29.877200023760043,0.8185189752457483,0.2512233257293701,-0.6931923729696443,-0.05803811056583674,-0.10155893862247467
sample_199,199,motion blur,low,swinir_super_resolution,SwinIR超分辨率,True,30.570392396729687,0.8765570858115851,0.14966438710689545,26.001653011116247,0.6921485324140718,0.5500080585479736,-4.568739385613441,-0.18440855339751328,-0.4003436714410782
sample_199,199,motion blur,low,restormer_motion_deblurring,Restormer运动去模糊,True,30.570392396729687,0.8765570858115851,0.14966438710689545,28.979572646011253,0.8320932544482584,0.19654929637908936,-1.5908197507184347,-0.044463831363326656,-0.04688490927219391
sample_199,199,motion blur,low,restormer_defocus_deblurring,Restormer散焦去模糊,True,30.570392396729687,0.8765570858115851,0.14966438710689545,26.292182830689555,0.8453771265832083,0.12765011191368103,-4.2782095660401325,-0.031179959228376797,0.022014275193214417
sample_199,199,motion blur,low,restormer_deraining,Restormer去雨,True,30.570392396729687,0.8765570858115851,0.14966438710689545,29.49376123691678,0.8527928487970149,0.21992552280426025,-1.0766311598129086,-0.0237642370145702,-0.07026113569736481
sample_199,199,motion blur,low,xrestormer_motion_deblurring,XRestormer运动去模糊,True,30.570392396729687,0.8765570858115851,0.14966438710689545,22.903685772583064,0.7139822549157123,0.33353668451309204,-7.666706624146624,-0.16257483089587277,-0.1838722974061966
sample_199,199,motion blur,low,xrestormer_deraining,XRestormer去雨,True,30.570392396729687,0.8765570858115851,0.14966438710689545,29.150121004331826,0.844671716601364,0.2291080504655838,-1.4202713923978614,-0.031885369210221115,-0.07944366335868835
sample_199,199,motion blur,low,mprnet_denoising,MPRNet去噪,True,30.570392396729687,0.8765570858115851,0.14966438710689545,29.892021821127962,0.8343441038818374,0.22670477628707886,-0.6783705756017255,-0.04221298192974765,-0.07704038918018341
sample_199,199,motion blur,low,mprnet_motion_deblurring,MPRNet运动去模糊,True,30.570392396729687,0.8765570858115851,0.14966438710689545,28.16947579949092,0.8388816603104646,0.16109974682331085,-2.4009165972387656,-0.03767542550112046,-0.011435359716415405
sample_199,199,motion blur,low,mprnet_deraining,MPRNet去雨,True,30.570392396729687,0.8765570858115851,0.14966438710689545,28.997516033098336,0.8355367692738808,0.24618306756019592,-1.5728763636313516,-0.04102031653770433,-0.09651868045330048
sample_199,199,motion blur,low,fbcnn_jpeg_artifact_removal,FBCNN JPEG伪影去除,True,30.570392396729687,0.8765570858115851,0.14966438710689545,30.426444940523055,0.8609473234658162,0.16350378096103668,-0.1439474562066323,-0.01560976234576894,-0.013839393854141235
sample_199,199,motion blur,low,drbnet_defocus_deblurring,DRBNet散焦去模糊,True,30.570392396729687,0.8765570858115851,0.14966438710689545,28.168290782319527,0.7996466438574047,0.20714963972568512,-2.40210161441016,-0.0769104419541804,-0.05748525261878967
sample_199,199,motion blur,low,dehazeformer_dehaze,DehazeFormer去雾,True,30.570392396729687,0.8765570858115851,0.14966438710689545,17.067976683236004,0.8140116099799423,0.19150279462337494,-13.502415713493683,-0.06254547583164283,-0.04183840751647949
sample_190,190,rain,low,swinir_denoising,SwinIR去噪,True,23.52378865656756,0.9266919773045718,0.23785358667373657,22.643629639521166,0.7550892924339081,0.3934771716594696,-0.8801590170463953,-0.17160268487066366,-0.15562358498573303
sample_190,190,rain,low,swinir_jpeg_artifact_removal,SwinIR JPEG伪影去除,True,23.52378865656756,0.9266919773045718,0.23785358667373657,21.710697908315005,0.8217453917360054,0.3448355197906494,-1.8130907482525558,-0.1049465855685664,-0.10698193311691284
sample_190,190,rain,low,swinir_super_resolution,SwinIR超分辨率,True,23.52378865656756,0.9266919773045718,0.23785358667373657,22.46498818610516,0.8378315310120207,0.3675389289855957,-1.0588004704624012,-0.08886044629255108,-0.12968534231185913
sample_190,190,rain,low,restormer_motion_deblurring,Restormer运动去模糊,True,23.52378865656756,0.9266919773045718,0.23785358667373657,23.427025062105145,0.9214841983725236,0.23751655220985413,-0.09676359446241634,-0.005207778932048157,0.0003370344638824463
sample_190,190,rain,low,restormer_defocus_deblurring,Restormer散焦去模糊,True,23.52378865656756,0.9266919773045718,0.23785358667373657,22.885230509645197,0.8912646390130375,0.24637055397033691,-0.6385581469223638,-0.035427338291534216,-0.008516967296600342
sample_190,190,rain,low,restormer_deraining,Restormer去雨,True,23.52378865656756,0.9266919773045718,0.23785358667373657,23.418107106896354,0.9164524974218488,0.24824805557727814,-0.10568154967120691,-0.010239479882723002,-0.010394468903541565
sample_190,190,rain,low,xrestormer_motion_deblurring,XRestormer运动去模糊,True,23.52378865656756,0.9266919773045718,0.23785358667373657,14.586931601625015,0.546785124224569,0.5371564030647278,-8.936857054942546,-0.3799068530800027,-0.2993028163909912
sample_190,190,rain,low,xrestormer_deraining,XRestormer去雨,True,23.52378865656756,0.9266919773045718,0.23785358667373657,23.071497798202422,0.9111299190368732,0.25094074010849,-0.4522908583651386,-0.01556205826769852,-0.013087153434753418
sample_190,190,rain,low,mprnet_denoising,MPRNet去噪,True,23.52378865656756,0.9266919773045718,0.23785358667373657,22.32571427260767,0.7849641681756144,0.3480420708656311,-1.1980743839598915,-0.14172780912895733,-0.11018848419189453
sample_190,190,rain,low,mprnet_motion_deblurring,MPRNet运动去模糊,True,23.52378865656756,0.9266919773045718,0.23785358667373657,21.89330698464799,0.8505004602934472,0.27703121304512024,-1.630481671919572,-0.07619151701112459,-0.03917762637138367
sample_190,190,rain,low,mprnet_deraining,MPRNet去雨,True,23.52378865656756,0.9266919773045718,0.23785358667373657,23.070223505399824,0.9049987147641034,0.2650371193885803,-0.4535651511677372,-0.021693262540468328,-0.02718353271484375
sample_190,190,rain,low,fbcnn_jpeg_artifact_removal,FBCNN JPEG伪影去除,True,23.52378865656756,0.9266919773045718,0.23785358667373657,23.208938740948938,0.9105254404388683,0.24274930357933044,-0.3148499156186233,-0.016166536865703462,-0.004895716905593872
sample_190,190,rain,low,drbnet_defocus_deblurring,DRBNet散焦去模糊,True,23.52378865656756,0.9266919773045718,0.23785358667373657,24.2709688314452,0.9134564754720316,0.23093590140342712,0.7471801748776379,-0.013235501832540186,0.006917685270309448
sample_190,190,rain,low,dehazeformer_dehaze,DehazeFormer去雾,True,23.52378865656756,0.9266919773045718,0.23785358667373657,20.19846095257681,0.8979978026274061,0.2535495162010193,-3.3253277039907516,-0.028694174677165618,-0.015695929527282715
sample_198,198,jpeg compression artifact,low,swinir_denoising,SwinIR去噪,True,28.813982749702923,0.8694200513737861,0.03873508423566818,30.560713341130548,0.8715495283395102,0.08651047199964523,1.7467305914276245,0.0021294769657240753,-0.04777538776397705
sample_198,198,jpeg compression artifact,low,swinir_jpeg_artifact_removal,SwinIR JPEG伪影去除,True,28.813982749702923,0.8694200513737861,0.03873508423566818,33.14992344798809,0.9131052462840635,0.049903884530067444,4.335940698285164,0.04368519491027745,-0.011168800294399261
sample_198,198,jpeg compression artifact,low,swinir_super_resolution,SwinIR超分辨率,True,28.813982749702923,0.8694200513737861,0.03873508423566818,27.65452571073609,0.806117359961943,0.20513218641281128,-1.1594570389668348,-0.06330269141184308,-0.1663971021771431
sample_198,198,jpeg compression artifact,low,restormer_motion_deblurring,Restormer运动去模糊,True,28.813982749702923,0.8694200513737861,0.03873508423566818,28.58411008285914,0.865968292921227,0.03915569931268692,-0.22987266684378227,-0.0034517584525590728,-0.0004206150770187378
sample_198,198,jpeg compression artifact,low,restormer_defocus_deblurring,Restormer散焦去模糊,True,28.813982749702923,0.8694200513737861,0.03873508423566818,27.740240208243087,0.8632051503778744,0.040881410241127014,-1.0737425414598363,-0.00621490099591171,-0.002146326005458832
sample_198,198,jpeg compression artifact,low,restormer_deraining,Restormer去雨,True,28.813982749702923,0.8694200513737861,0.03873508423566818,28.96881759087503,0.8722666047765374,0.04208523407578468,0.15483484117210722,0.002846553402751306,-0.003350149840116501
sample_198,198,jpeg compression artifact,low,xrestormer_motion_deblurring,XRestormer运动去模糊,True,28.813982749702923,0.8694200513737861,0.03873508423566818,15.973282853989854,0.5382198792990333,0.24275365471839905,-12.840699895713069,-0.33120017207475283,-0.20401857048273087
sample_198,198,jpeg compression artifact,low,xrestormer_deraining,XRestormer去雨,True,28.813982749702923,0.8694200513737861,0.03873508423566818,29.1761920452863,0.8734440701757388,0.04634392634034157,0.36220929558337644,0.004024018801952689,-0.007608842104673386
sample_198,198,jpeg compression artifact,low,mprnet_denoising,MPRNet去噪,True,28.813982749702923,0.8694200513737861,0.03873508423566818,29.290449807488145,0.8908221938470234,0.06667721271514893,0.47646705778522147,0.02140214247323735,-0.027942128479480743
sample_198,198,jpeg compression artifact,low,mprnet_motion_deblurring,MPRNet运动去模糊,True,28.813982749702923,0.8694200513737861,0.03873508423566818,28.45515508153853,0.8632293911247723,0.03894767165184021,-0.3588276681643947,-0.006190660249013824,-0.0002125874161720276
sample_198,198,jpeg compression artifact,low,mprnet_deraining,MPRNet去雨,True,28.813982749702923,0.8694200513737861,0.03873508423566818,28.480001278649084,0.8632400057938522,0.06114593520760536,-0.33398147105383913,-0.006180045579933902,-0.02241085097193718
sample_198,198,jpeg compression artifact,low,fbcnn_jpeg_artifact_removal,FBCNN JPEG伪影去除,True,28.813982749702923,0.8694200513737861,0.03873508423566818,33.11583118437156,0.9164667136429476,0.0438268706202507,4.301848434668635,0.04704666226916154,-0.0050917863845825195
sample_198,198,jpeg compression artifact,low,drbnet_defocus_deblurring,DRBNet散焦去模糊,True,28.813982749702923,0.8694200513737861,0.03873508423566818,28.338975180649577,0.8611123607948207,0.037143558263778687,-0.4750075690533464,-0.00830769057896541,0.0015915259718894958
sample_198,198,jpeg compression artifact,low,dehazeformer_dehaze,DehazeFormer去雾,True,28.813982749702923,0.8694200513737861,0.03873508423566818,26.843963762941833,0.8273267216324623,0.04188462719321251,-1.9700189867610902,-0.04209332974132374,-0.0031495429575443268
sample_197,197,noise,low,swinir_denoising,SwinIR去噪,True,33.77313163739729,0.8466768503290089,0.032953329384326935,34.09203678352838,0.8601452204244335,0.1614581048488617,0.3189051461310868,0.013468370095424675,-0.12850477546453476
sample_197,197,noise,low,swinir_jpeg_artifact_removal,SwinIR JPEG伪影去除,True,33.77313163739729,0.8466768503290089,0.032953329384326935,32.486403754403604,0.9115669346428787,0.0995614305138588,-1.286727882993688,0.06489008431386989,-0.06660810112953186
sample_197,197,noise,low,swinir_super_resolution,SwinIR超分辨率,True,33.77313163739729,0.8466768503290089,0.032953329384326935,34.18652857677287,0.9242590115416638,0.16341416537761688,0.41339693937558053,0.07758216121265493,-0.13046083599328995
sample_197,197,noise,low,restormer_motion_deblurring,Restormer运动去模糊,True,33.77313163739729,0.8466768503290089,0.032953329384326935,32.51346222835601,0.8363257554221155,0.0587276965379715,-1.2596694090412797,-0.010351094906893343,-0.025774367153644562
sample_197,197,noise,low,restormer_defocus_deblurring,Restormer散焦去模糊,True,33.77313163739729,0.8466768503290089,0.032953329384326935,25.396421510602867,0.5589947831691245,0.3462705910205841,-8.376710126794425,-0.2876820671598843,-0.31331726163625717
sample_197,197,noise,low,restormer_deraining,Restormer去雨,True,33.77313163739729,0.8466768503290089,0.032953329384326935,36.144836807786,0.9214015580881952,0.013537123799324036,2.371705170388708,0.07472470775918638,0.0194162055850029
sample_197,197,noise,low,xrestormer_motion_deblurring,XRestormer运动去模糊,True,33.77313163739729,0.8466768503290089,0.032953329384326935,21.74579160014142,0.598129850902945,0.25596892833709717,-12.027340037255872,-0.24854699942606384,-0.22301559895277023
sample_197,197,noise,low,xrestormer_deraining,XRestormer去雨,True,33.77313163739729,0.8466768503290089,0.032953329384326935,32.471923821292094,0.9037805724424247,0.029685772955417633,-1.3012078161051974,0.057103722113415856,0.0032675564289093018
sample_197,197,noise,low,mprnet_denoising,MPRNet去噪,True,33.77313163739729,0.8466768503290089,0.032953329384326935,36.36704129246395,0.9403701627508648,0.06871188431978226,2.5939096550666605,0.09369331242185597,-0.03575855493545532
sample_197,197,noise,low,mprnet_motion_deblurring,MPRNet运动去模糊,True,33.77313163739729,0.8466768503290089,0.032953329384326935,28.005955373395743,0.7119583109351953,0.19719485938549042,-5.767176264001549,-0.1347185393938135,-0.16424153000116348
sample_197,197,noise,low,mprnet_deraining,MPRNet去雨,True,33.77313163739729,0.8466768503290089,0.032953329384326935,31.946623801761717,0.8967737602873876,0.03284060209989548,-1.8265078356355744,0.05009690995837879,0.00011272728443145752
sample_197,197,noise,low,fbcnn_jpeg_artifact_removal,FBCNN JPEG伪影去除,True,33.77313163739729,0.8466768503290089,0.032953329384326935,36.40103973213617,0.9211827490133951,0.043187543749809265,2.6279080947388778,0.07450589868438628,-0.01023421436548233
sample_197,197,noise,low,drbnet_defocus_deblurring,DRBNet散焦去模糊,True,33.77313163739729,0.8466768503290089,0.032953329384326935,32.85977487099876,0.8422827149391523,0.11323307454586029,-0.9133567663985289,-0.004394135389856557,-0.08027974516153336
sample_197,197,noise,low,dehazeformer_dehaze,DehazeFormer去雾,True,33.77313163739729,0.8466768503290089,0.032953329384326935,23.25125268426159,0.79397855233123,0.07379427552223206,-10.521878953135701,-0.05269829799777881,-0.04084094613790512
sample_195,195,defocus blur,low,swinir_denoising,SwinIR去噪,True,29.94670726078938,0.9613134435427,0.09425587952136993,29.5005258078494,0.9483559633192419,0.11844095587730408,-0.4461814529399817,-0.012957480223458107,-0.024185076355934143
sample_195,195,defocus blur,low,swinir_jpeg_artifact_removal,SwinIR JPEG伪影去除,True,29.94670726078938,0.9613134435427,0.09425587952136993,29.929862869702685,0.9551392836409902,0.10820987820625305,-0.01684439108669622,-0.006174159901709775,-0.013953998684883118
sample_195,195,defocus blur,low,swinir_super_resolution,SwinIR超分辨率,True,29.94670726078938,0.9613134435427,0.09425587952136993,29.95776913568672,0.9551776666308648,0.05718556046485901,0.011061874897340118,-0.0061357769118352,0.037070319056510925
sample_195,195,defocus blur,low,restormer_motion_deblurring,Restormer运动去模糊,True,29.94670726078938,0.9613134435427,0.09425587952136993,28.748618547773532,0.9544603983340355,0.061178095638751984,-1.1980887130158493,-0.006853045208664477,0.03307778388261795
sample_195,195,defocus blur,low,restormer_defocus_deblurring,Restormer散焦去模糊,True,29.94670726078938,0.9613134435427,0.09425587952136993,29.02026221259417,0.9615707496549687,0.08106371015310287,-0.9264450481952125,0.00025730611226870703,0.01319216936826706
sample_195,195,defocus blur,low,restormer_deraining,Restormer去雨,True,29.94670726078938,0.9613134435427,0.09425587952136993,29.93600233542736,0.9598738126577729,0.09792759269475937,-0.01070492536202039,-0.0014396308849270456,-0.003671713173389435
sample_195,195,defocus blur,low,xrestormer_motion_deblurring,XRestormer运动去模糊,True,29.94670726078938,0.9613134435427,0.09425587952136993,26.466525087414603,0.9474816876004639,0.06609023362398148,-3.4801821733747786,-0.013831755942236068,0.028165645897388458
sample_195,195,defocus blur,low,xrestormer_deraining,XRestormer去雨,True,29.94670726078938,0.9613134435427,0.09425587952136993,29.90705033105984,0.9605585375918554,0.09705407917499542,-0.039656929729542156,-0.0007549059508445977,-0.0027981996536254883
sample_195,195,defocus blur,low,mprnet_denoising,MPRNet去噪,True,29.94670726078938,0.9613134435427,0.09425587952136993,29.40556530066534,0.9537634941118366,0.11564064770936966,-0.5411419601240404,-0.007549949430863401,-0.021384768187999725
sample_195,195,defocus blur,low,mprnet_motion_deblurring,MPRNet运动去模糊,True,29.94670726078938,0.9613134435427,0.09425587952136993,28.020592955815253,0.9480793951100973,0.07452334463596344,-1.9261143049741278,-0.013234048432602674,0.019732534885406494
sample_195,195,defocus blur,low,mprnet_deraining,MPRNet去雨,True,29.94670726078938,0.9613134435427,0.09425587952136993,29.859932821367533,0.9594623463889208,0.0984063446521759,-0.08677443942184837,-0.0018510971537791798,-0.004150465130805969
sample_195,195,defocus blur,low,fbcnn_jpeg_artifact_removal,FBCNN JPEG伪影去除,True,29.94670726078938,0.9613134435427,0.09425587952136993,29.988361247778617,0.9608496693679284,0.09740258753299713,0.04165398698923539,-0.000463774174771614,-0.0031467080116271973
sample_195,195,defocus blur,low,drbnet_defocus_deblurring,DRBNet散焦去模糊,True,29.94670726078938,0.9613134435427,0.09425587952136993,30.714268435092436,0.9686586893812109,0.04918935149908066,0.7675611743030544,0.007345245838510928,0.045066528022289276
sample_195,195,defocus blur,low,dehazeformer_dehaze,DehazeFormer去雾,True,29.94670726078938,0.9613134435427,0.09425587952136993,21.926381362535466,0.9537210205088479,0.15822646021842957,-8.020325898253915,-0.007592423033852103,-0.06397058069705963
